Log file open, 02/17/25 09:37:53
LogWindows: Failed to load 'aqProf.dll' (GetLastError=126)
LogWindows: File 'aqProf.dll' does not exist
LogWindows: Failed to load 'VtuneApi.dll' (GetLastError=126)
LogWindows: File 'VtuneApi.dll' does not exist
LogWindows: Failed to load 'VtuneApi32e.dll' (GetLastError=126)
LogWindows: File 'VtuneApi32e.dll' does not exist
LogConsoleResponse: Display: Failed to find resolution value strings in scalability ini. Falling back to default.
LogConsoleResponse: Display: Failed to find resolution value strings in scalability ini. Falling back to default.
LogInit: Display: Running engine for game: Cpp_Project
LogPlatformFile: Not using cached read wrapper
LogTaskGraph: Started task graph with 5 named threads and 65 total threads with 3 sets of task threads.
LogStats: Stats thread started at 0.182743
LogICUInternationalization: ICU TimeZone Detection - Raw Offset: +9:00, Platform Override: ''
LogInit: Display: Loading text-based GConfig....
LogPluginManager: Mounting plugin MeshPainting
LogPluginManager: Mounting plugin XGEController
LogPluginManager: Mounting plugin Paper2D
LogPluginManager: Mounting plugin AISupport
LogPluginManager: Mounting plugin LightPropagationVolume
LogPluginManager: Mounting plugin LiveLink
LogPluginManager: Mounting plugin EnvironmentQueryEditor
LogPluginManager: Mounting plugin OodleData
LogPluginManager: Mounting plugin OodleNetwork
LogPluginManager: Mounting plugin DatasmithContent
LogPluginManager: Mounting plugin VariantManagerContent
LogPluginManager: Mounting plugin AlembicImporter
LogPluginManager: Mounting plugin AnimationSharing
LogPluginManager: Mounting plugin CodeLiteSourceCodeAccess
LogPluginManager: Mounting plugin AutomationUtils
LogPluginManager: Mounting plugin BackChannel
LogPluginManager: Mounting plugin CLionSourceCodeAccess
LogPluginManager: Mounting plugin NullSourceCodeAccess
LogPluginManager: Mounting plugin PixWinPlugin
LogPluginManager: Mounting plugin ChaosClothEditor
LogPluginManager: Mounting plugin PlasticSourceControl
LogPluginManager: Mounting plugin GitSourceControl
LogPluginManager: Mounting plugin ChaosNiagara
LogPluginManager: Mounting plugin ChaosSolverPlugin
LogPluginManager: Mounting plugin PropertyAccessNode
LogPluginManager: Mounting plugin RiderSourceCodeAccess
LogPluginManager: Mounting plugin ChaosEditor
LogPluginManager: Mounting plugin SubversionSourceControl
LogPluginManager: Mounting plugin TextureFormatOodle
LogPluginManager: Mounting plugin UObjectPlugin
LogPluginManager: Mounting plugin CharacterAI
LogPluginManager: Mounting plugin AssetManagerEditor
LogPluginManager: Mounting plugin Niagara
LogPluginManager: Mounting plugin GeometryCollectionPlugin
LogPluginManager: Mounting plugin KDevelopSourceCodeAccess
LogPluginManager: Mounting plugin GeometryProcessing
LogPluginManager: Mounting plugin MotoSynth
LogPluginManager: Mounting plugin PerforceSourceControl
LogPluginManager: Mounting plugin PluginUtils
LogPluginManager: Mounting plugin PlanarCut
LogPluginManager: Mounting plugin PlatformCrypto
LogPluginManager: Mounting plugin ProxyLODPlugin
LogPluginManager: Mounting plugin PythonScriptPlugin
LogPluginManager: Mounting plugin GeometryCache
LogPluginManager: Mounting plugin XCodeSourceCodeAccess
LogPluginManager: Mounting plugin VisualStudioSourceCodeAccess
LogPluginManager: Mounting plugin CryptoKeys
LogPluginManager: Mounting plugin VisualStudioCodeSourceCodeAccess
LogPluginManager: Mounting plugin DataValidation
LogPluginManager: Mounting plugin FacialAnimation
LogPluginManager: Mounting plugin GameplayTagsEditor
LogPluginManager: Mounting plugin GeometryMode
LogPluginManager: Mounting plugin MobileLauncherProfileWizard
LogPluginManager: Mounting plugin PluginBrowser
LogPluginManager: Mounting plugin LuminPlatformFeatures
LogPluginManager: Mounting plugin MagicLeap
LogPluginManager: Mounting plugin MaterialAnalyzer
LogPluginManager: Mounting plugin CurveEditorTools
LogPluginManager: Mounting plugin ChaosCloth
LogPluginManager: Mounting plugin SpeedTreeImporter
LogPluginManager: Mounting plugin MacGraphicsSwitching
LogPluginManager: Mounting plugin MagicLeapLightEstimation
LogPluginManager: Mounting plugin SkeletalReduction
LogPluginManager: Mounting plugin MLSDK
LogPluginManager: Mounting plugin MagicLeapMedia
LogPluginManager: Mounting plugin AvfMedia
LogPluginManager: Mounting plugin MagicLeapPassableWorld
LogPluginManager: Mounting plugin AndroidMedia
LogPluginManager: Mounting plugin ImgMedia
LogPluginManager: Mounting plugin MediaCompositing
LogPluginManager: Mounting plugin MediaPlayerEditor
LogPluginManager: Mounting plugin WebMMedia
LogPluginManager: Mounting plugin TcpMessaging
LogPluginManager: Mounting plugin ActorSequence
LogPluginManager: Mounting plugin WmfMedia
LogPluginManager: Mounting plugin LevelSequenceEditor
LogPluginManager: Mounting plugin MatineeToLevelSequence
LogPluginManager: Mounting plugin TemplateSequence
LogPluginManager: Mounting plugin LauncherChunkInstaller
LogPluginManager: Mounting plugin UdpMessaging
LogPluginManager: Mounting plugin OnlineSubsystem
LogPluginManager: Mounting plugin OnlineSubsystemNull
LogPluginManager: Mounting plugin OnlineSubsystemUtils
LogPluginManager: Mounting plugin ActorLayerUtilities
LogPluginManager: Mounting plugin AndroidMoviePlayer
LogPluginManager: Mounting plugin AndroidDeviceProfileSelector
LogPluginManager: Mounting plugin AndroidPermission
LogPluginManager: Mounting plugin OpenImageDenoise
LogPluginManager: Mounting plugin AppleImageUtils
LogPluginManager: Mounting plugin ArchVisCharacter
LogPluginManager: Mounting plugin AssetTags
LogPluginManager: Mounting plugin AudioCapture
LogPluginManager: Mounting plugin AudioSynesthesia
LogPluginManager: Mounting plugin CustomMeshComponent
LogPluginManager: Mounting plugin ChunkDownloader
LogPluginManager: Mounting plugin EditableMesh
LogPluginManager: Mounting plugin ExampleDeviceProfileSelector
LogPluginManager: Mounting plugin GoogleCloudMessaging
LogPluginManager: Mounting plugin CableComponent
LogPluginManager: Mounting plugin GooglePAD
LogPluginManager: Mounting plugin AppleMoviePlayer
LogPluginManager: Mounting plugin LocationServicesBPLibrary
LogPluginManager: Mounting plugin MobilePatchingUtils
LogPluginManager: Mounting plugin LinuxDeviceProfileSelector
LogPluginManager: Mounting plugin OpenXREyeTracker
LogPluginManager: Mounting plugin OpenXR
LogPluginManager: Mounting plugin OpenXRHandTracking
LogPluginManager: Mounting plugin ScreenshotTools
LogPluginManager: Mounting plugin PostSplashScreen
LogPluginManager: Mounting plugin PhysXVehicles
LogPluginManager: Mounting plugin PropertyAccessEditor
LogPluginManager: Mounting plugin RuntimePhysXCooking
LogPluginManager: Mounting plugin SignificanceManager
LogPluginManager: Mounting plugin SoundFields
LogPluginManager: Mounting plugin ProceduralMeshComponent
LogPluginManager: Mounting plugin Synthesis
LogPluginManager: Mounting plugin WebMMoviePlayer
LogPluginManager: Mounting plugin Takes
LogPluginManager: Mounting plugin WindowsMoviePlayer
LogPluginManager: Mounting plugin CameraShakePreviewer
LogPluginManager: Mounting plugin IOSDeviceProfileSelector
LogPluginManager: Mounting plugin GameplayCameras
LogPluginManager: Mounting plugin ContentBrowserClassDataSource
LogPluginManager: Mounting plugin ContentBrowserAssetDataSource
LogPluginManager: Mounting plugin ContentBrowserFileDataSource
LogPluginManager: Mounting plugin OnlineSubsystemIOS
LogPluginManager: Mounting plugin OnlineSubsystemGooglePlay
LogPluginManager: Mounting plugin OculusVR
LogPluginManager: Mounting plugin SteamVR
PixWinPlugin: PIX capture plugin failed to initialize! Check that the process is launched from PIX.
LogInit: Using libcurl 7.55.1-DEV
LogInit:  - built for x86_64-pc-win32
LogInit:  - supports SSL with OpenSSL/1.1.1
LogInit:  - supports HTTP deflate (compression) using libz 1.2.8
LogInit:  - other features:
LogInit:      CURL_VERSION_SSL
LogInit:      CURL_VERSION_LIBZ
LogInit:      CURL_VERSION_IPV6
LogInit:      CURL_VERSION_ASYNCHDNS
LogInit:      CURL_VERSION_LARGEFILE
LogInit:      CURL_VERSION_IDN
LogInit:  CurlRequestOptions (configurable via config and command line):
LogInit:  - bVerifyPeer = true  - Libcurl will verify peer certificate
LogInit:  - bUseHttpProxy = false  - Libcurl will NOT use HTTP proxy
LogInit:  - bDontReuseConnections = false  - Libcurl will reuse connections
LogInit:  - MaxHostConnections = 16  - Libcurl will limit the number of connections to a host
LogInit:  - LocalHostAddr = Default
LogInit:  - BufferSize = 65536
LogOnline: OSS: Creating online subsystem instance for: NULL
LogInit: WinSock: version 1.1 (2.2), MaxSocks=32767, MaxUdp=65467
LogOnline: OSS: TryLoadSubsystemAndSetDefault: Loaded subsystem for module [NULL]
LogOculusPluginWrapper: OculusPlugin initialized successfully
LogHMD: Failed initializing OVRPlugin 1.59.0
LogInit: Build: ++UE4+Release-4.27-CL-18319896
LogInit: Engine Version: 4.27.2-18319896+++UE4+Release-4.27
LogInit: Compatible Engine Version: 4.27.0-17155196+++UE4+Release-4.27
LogInit: Net CL: 17155196
LogInit: OS: Windows 10 (Release 2009) (), CPU: Intel(R) Core(TM) Ultra 9 185H, GPU: Intel(R) Arc(TM) Graphics
LogInit: Compiled (64-bit): Nov 30 2021 07:12:08
LogInit: Compiled with Visual C++: 19.24.28315.00
LogInit: Build Configuration: Development
LogInit: Branch Name: ++UE4+Release-4.27
LogInit: Command Line: 
LogInit: Base Directory: C:/Program Files/Epic Games/UE_4.27/Engine/Binaries/Win64/
LogInit: Allocator: TBB
LogInit: Installed Engine Build: 1
LogDevObjectVersion: Number of dev versions registered: 29
LogDevObjectVersion:   Dev-Blueprints (B0D832E4-1F89-4F0D-ACCF-7EB736FD4AA2): 10
LogDevObjectVersion:   Dev-Build (E1C64328-A22C-4D53-A36C-8E866417BD8C): 0
LogDevObjectVersion:   Dev-Core (375EC13C-06E4-48FB-B500-84F0262A717E): 4
LogDevObjectVersion:   Dev-Editor (E4B068ED-F494-42E9-A231-DA0B2E46BB41): 40
LogDevObjectVersion:   Dev-Framework (CFFC743F-43B0-4480-9391-14DF171D2073): 37
LogDevObjectVersion:   Dev-Mobile (B02B49B5-BB20-44E9-A304-32B752E40360): 3
LogDevObjectVersion:   Dev-Networking (A4E4105C-59A1-49B5-A7C5-40C4547EDFEE): 0
LogDevObjectVersion:   Dev-Online (39C831C9-5AE6-47DC-9A44-9C173E1C8E7C): 0
LogDevObjectVersion:   Dev-Physics (78F01B33-EBEA-4F98-B9B4-84EACCB95AA2): 14
LogDevObjectVersion:   Dev-Platform (6631380F-2D4D-43E0-8009-CF276956A95A): 0
LogDevObjectVersion:   Dev-Rendering (12F88B9F-8875-4AFC-A67C-D90C383ABD29): 45
LogDevObjectVersion:   Dev-Sequencer (7B5AE74C-D270-4C10-A958-57980B212A5A): 13
LogDevObjectVersion:   Dev-VR (D7296918-1DD6-4BDD-9DE2-64A83CC13884): 3
LogDevObjectVersion:   Dev-LoadTimes (C2A15278-BFE7-4AFE-6C17-90FF531DF755): 1
LogDevObjectVersion:   Private-Geometry (6EACA3D4-40EC-4CC1-B786-8BED09428FC5): 3
LogDevObjectVersion:   Dev-AnimPhys (29E575DD-E0A3-4627-9D10-D276232CDCEA): 17
LogDevObjectVersion:   Dev-Anim (AF43A65D-7FD3-4947-9873-3E8ED9C1BB05): 15
LogDevObjectVersion:   Dev-ReflectionCapture (6B266CEC-1EC7-4B8F-A30B-E4D90942FC07): 1
LogDevObjectVersion:   Dev-Automation (0DF73D61-A23F-47EA-B727-89E90C41499A): 1
LogDevObjectVersion:   FortniteMain (601D1886-AC64-4F84-AA16-D3DE0DEAC7D6): 47
LogDevObjectVersion:   FortniteRelease (E7086368-6B23-4C58-8439-1B7016265E91): 1
LogDevObjectVersion:   Dev-Enterprise (9DFFBCD6-494F-0158-E221-12823C92A888): 10
LogDevObjectVersion:   Dev-Niagara (F2AED0AC-9AFE-416F-8664-AA7FFA26D6FC): 1
LogDevObjectVersion:   Dev-Destruction (174F1F0B-B4C6-45A5-B13F-2EE8D0FB917D): 10
LogDevObjectVersion:   Dev-Physics-Ext (35F94A83-E258-406C-A318-09F59610247C): 41
LogDevObjectVersion:   Dev-PhysicsMaterial-Chaos (B68FC16E-8B1B-42E2-B453-215C058844FE): 1
LogDevObjectVersion:   Dev-CineCamera (B2E18506-4273-CFC2-A54E-F4BB758BBA07): 1
LogDevObjectVersion:   Dev-VirtualProduction (64F58936-FD1B-42BA-BA96-7289D5D0FA4E): 1
LogDevObjectVersion:   Dev-MediaFramework (6F0ED827-A609-4895-9C91-998D90180EA4): 2
LogInit: Presizing for max 25165824 objects, including 0 objects not considered by GC, pre-allocating 0 bytes for permanent pool.
LogConfig: Applying CVar settings from Section [/Script/Engine.StreamingSettings] File [C:/Users/user/Desktop/Unreal_Engine_Projects/C++/Cpp_Project/Saved/Config/Windows/Engine.ini]
LogConfig: Setting CVar [[s.MinBulkDataSizeForAsyncLoading:131072]]
LogConfig: Setting CVar [[s.AsyncLoadingThreadEnabled:0]]
LogConfig: Setting CVar [[s.EventDrivenLoaderEnabled:1]]
LogConfig: Setting CVar [[s.WarnIfTimeLimitExceeded:0]]
LogConfig: Setting CVar [[s.TimeLimitExceededMultiplier:1.5]]
LogConfig: Setting CVar [[s.TimeLimitExceededMinTime:0.005]]
LogConfig: Setting CVar [[s.UseBackgroundLevelStreaming:1]]
LogConfig: Setting CVar [[s.PriorityAsyncLoadingExtraTime:15.0]]
LogConfig: Setting CVar [[s.LevelStreamingActorsUpdateTimeLimit:5.0]]
LogConfig: Setting CVar [[s.PriorityLevelStreamingActorsUpdateExtraTime:5.0]]
LogConfig: Setting CVar [[s.LevelStreamingComponentsRegistrationGranularity:10]]
LogConfig: Setting CVar [[s.UnregisterComponentsTimeLimit:1.0]]
LogConfig: Setting CVar [[s.LevelStreamingComponentsUnregistrationGranularity:5]]
LogConfig: Setting CVar [[s.FlushStreamingOnExit:1]]
LogInit: Object subsystem initialized
LogConfig: Setting CVar [[con.DebugEarlyDefault:1]]
LogConfig: Setting CVar [[r.setres:1280x720]]
[2025.02.17-00.37.53:428][  0]LogConfig: Setting CVar [[r.VSync:0]]
[2025.02.17-00.37.53:428][  0]LogConfig: Setting CVar [[r.RHICmdBypass:0]]
[2025.02.17-00.37.53:428][  0]LogConfig: Applying CVar settings from Section [/Script/Engine.RendererSettings] File [C:/Users/user/Desktop/Unreal_Engine_Projects/C++/Cpp_Project/Saved/Config/Windows/Engine.ini]
[2025.02.17-00.37.53:428][  0]LogConfig: Setting CVar [[r.GPUCrashDebugging:0]]
[2025.02.17-00.37.53:428][  0]LogConfig: Setting CVar [[r.SkinCache.CompileShaders:1]]
[2025.02.17-00.37.53:428][  0]LogConfig: Setting CVar [[r.RayTracing:1]]
[2025.02.17-00.37.53:428][  0]LogConfig: Applying CVar settings from Section [/Script/Engine.RendererOverrideSettings] File [C:/Users/user/Desktop/Unreal_Engine_Projects/C++/Cpp_Project/Saved/Config/Windows/Engine.ini]
[2025.02.17-00.37.53:428][  0]LogConfig: Applying CVar settings from Section [/Script/Engine.StreamingSettings] File [C:/Users/user/Desktop/Unreal_Engine_Projects/C++/Cpp_Project/Saved/Config/Windows/Engine.ini]
[2025.02.17-00.37.53:428][  0]LogConfig: Setting CVar [[s.MinBulkDataSizeForAsyncLoading:131072]]
[2025.02.17-00.37.53:428][  0]LogConfig: Setting CVar [[s.AsyncLoadingThreadEnabled:0]]
[2025.02.17-00.37.53:428][  0]LogConfig: Setting CVar [[s.EventDrivenLoaderEnabled:1]]
[2025.02.17-00.37.53:428][  0]LogConfig: Setting CVar [[s.WarnIfTimeLimitExceeded:0]]
[2025.02.17-00.37.53:428][  0]LogConfig: Setting CVar [[s.TimeLimitExceededMultiplier:1.5]]
[2025.02.17-00.37.53:428][  0]LogConfig: Setting CVar [[s.TimeLimitExceededMinTime:0.005]]
[2025.02.17-00.37.53:428][  0]LogConfig: Setting CVar [[s.UseBackgroundLevelStreaming:1]]
[2025.02.17-00.37.53:428][  0]LogConfig: Setting CVar [[s.PriorityAsyncLoadingExtraTime:15.0]]
[2025.02.17-00.37.53:428][  0]LogConfig: Setting CVar [[s.LevelStreamingActorsUpdateTimeLimit:5.0]]
[2025.02.17-00.37.53:428][  0]LogConfig: Setting CVar [[s.PriorityLevelStreamingActorsUpdateExtraTime:5.0]]
[2025.02.17-00.37.53:428][  0]LogConfig: Setting CVar [[s.LevelStreamingComponentsRegistrationGranularity:10]]
[2025.02.17-00.37.53:428][  0]LogConfig: Setting CVar [[s.UnregisterComponentsTimeLimit:1.0]]
[2025.02.17-00.37.53:428][  0]LogConfig: Setting CVar [[s.LevelStreamingComponentsUnregistrationGranularity:5]]
[2025.02.17-00.37.53:428][  0]LogConfig: Setting CVar [[s.FlushStreamingOnExit:1]]
[2025.02.17-00.37.53:428][  0]LogConfig: Applying CVar settings from Section [/Script/Engine.GarbageCollectionSettings] File [C:/Users/user/Desktop/Unreal_Engine_Projects/C++/Cpp_Project/Saved/Config/Windows/Engine.ini]
[2025.02.17-00.37.53:428][  0]LogConfig: Setting CVar [[gc.MaxObjectsNotConsideredByGC:1]]
[2025.02.17-00.37.53:428][  0]LogConfig: Setting CVar [[gc.SizeOfPermanentObjectPool:0]]
[2025.02.17-00.37.53:428][  0]LogConfig: Setting CVar [[gc.FlushStreamingOnGC:0]]
[2025.02.17-00.37.53:428][  0]LogConfig: Setting CVar [[gc.NumRetriesBeforeForcingGC:10]]
[2025.02.17-00.37.53:428][  0]LogConfig: Setting CVar [[gc.AllowParallelGC:1]]
[2025.02.17-00.37.53:428][  0]LogConfig: Setting CVar [[gc.TimeBetweenPurgingPendingKillObjects:61.1]]
[2025.02.17-00.37.53:428][  0]LogConfig: Setting CVar [[gc.MaxObjectsInEditor:25165824]]
[2025.02.17-00.37.53:428][  0]LogConfig: Setting CVar [[gc.IncrementalBeginDestroyEnabled:1]]
[2025.02.17-00.37.53:428][  0]LogConfig: Setting CVar [[gc.CreateGCClusters:1]]
[2025.02.17-00.37.53:428][  0]LogConfig: Setting CVar [[gc.MinGCClusterSize:5]]
[2025.02.17-00.37.53:428][  0]LogConfig: Setting CVar [[gc.ActorClusteringEnabled:0]]
[2025.02.17-00.37.53:428][  0]LogConfig: Setting CVar [[gc.BlueprintClusteringEnabled:0]]
[2025.02.17-00.37.53:428][  0]LogConfig: Setting CVar [[gc.UseDisregardForGCOnDedicatedServers:0]]
[2025.02.17-00.37.53:428][  0]LogConfig: Setting CVar [[gc.MultithreadedDestructionEnabled:1]]
[2025.02.17-00.37.53:428][  0]LogConfig: Applying CVar settings from Section [/Script/Engine.NetworkSettings] File [C:/Users/user/Desktop/Unreal_Engine_Projects/C++/Cpp_Project/Saved/Config/Windows/Engine.ini]
[2025.02.17-00.37.53:428][  0]LogConfig: Applying CVar settings from Section [/Script/UnrealEd.CookerSettings] File [C:/Users/user/Desktop/Unreal_Engine_Projects/C++/Cpp_Project/Saved/Config/Windows/Engine.ini]
[2025.02.17-00.37.53:465][  0]LogConfig: Applying CVar settings from Section [ViewDistanceQuality@3] File [C:/Users/user/Desktop/Unreal_Engine_Projects/C++/Cpp_Project/Saved/Config/Windows/Scalability.ini]
[2025.02.17-00.37.53:465][  0]LogConfig: Setting CVar [[r.SkeletalMeshLODBias:0]]
[2025.02.17-00.37.53:465][  0]LogConfig: Setting CVar [[r.ViewDistanceScale:1.0]]
[2025.02.17-00.37.53:465][  0]LogConfig: Applying CVar settings from Section [AntiAliasingQuality@3] File [C:/Users/user/Desktop/Unreal_Engine_Projects/C++/Cpp_Project/Saved/Config/Windows/Scalability.ini]
[2025.02.17-00.37.53:465][  0]LogConfig: Setting CVar [[r.PostProcessAAQuality:4]]
[2025.02.17-00.37.53:465][  0]LogConfig: Applying CVar settings from Section [ShadowQuality@3] File [C:/Users/user/Desktop/Unreal_Engine_Projects/C++/Cpp_Project/Saved/Config/Windows/Scalability.ini]
[2025.02.17-00.37.53:465][  0]LogConfig: Setting CVar [[r.LightFunctionQuality:1]]
[2025.02.17-00.37.53:465][  0]LogConfig: Setting CVar [[r.ShadowQuality:5]]
[2025.02.17-00.37.53:465][  0]LogConfig: Setting CVar [[r.Shadow.CSM.MaxCascades:10]]
[2025.02.17-00.37.53:465][  0]LogConfig: Setting CVar [[r.Shadow.MaxResolution:2048]]
[2025.02.17-00.37.53:465][  0]LogConfig: Setting CVar [[r.Shadow.MaxCSMResolution:2048]]
[2025.02.17-00.37.53:465][  0]LogConfig: Setting CVar [[r.Shadow.RadiusThreshold:0.01]]
[2025.02.17-00.37.53:465][  0]LogConfig: Setting CVar [[r.Shadow.DistanceScale:1.0]]
[2025.02.17-00.37.53:465][  0]LogConfig: Setting CVar [[r.Shadow.CSM.TransitionScale:1.0]]
[2025.02.17-00.37.53:465][  0]LogConfig: Setting CVar [[r.Shadow.PreShadowResolutionFactor:1.0]]
[2025.02.17-00.37.53:465][  0]LogConfig: Setting CVar [[r.DistanceFieldShadowing:1]]
[2025.02.17-00.37.53:465][  0]LogConfig: Setting CVar [[r.DistanceFieldAO:1]]
[2025.02.17-00.37.53:465][  0]LogConfig: Setting CVar [[r.AOQuality:2]]
[2025.02.17-00.37.53:465][  0]LogConfig: Setting CVar [[r.VolumetricFog:1]]
[2025.02.17-00.37.53:465][  0]LogConfig: Setting CVar [[r.VolumetricFog.GridPixelSize:8]]
[2025.02.17-00.37.53:465][  0]LogConfig: Setting CVar [[r.VolumetricFog.GridSizeZ:128]]
[2025.02.17-00.37.53:465][  0]LogConfig: Setting CVar [[r.VolumetricFog.HistoryMissSupersampleCount:4]]
[2025.02.17-00.37.53:465][  0]LogConfig: Setting CVar [[r.LightMaxDrawDistanceScale:1]]
[2025.02.17-00.37.53:465][  0]LogConfig: Setting CVar [[r.CapsuleShadows:1]]
[2025.02.17-00.37.53:465][  0]LogConfig: Applying CVar settings from Section [PostProcessQuality@3] File [C:/Users/user/Desktop/Unreal_Engine_Projects/C++/Cpp_Project/Saved/Config/Windows/Scalability.ini]
[2025.02.17-00.37.53:465][  0]LogConfig: Setting CVar [[r.MotionBlurQuality:4]]
[2025.02.17-00.37.53:465][  0]LogConfig: Setting CVar [[r.AmbientOcclusionMipLevelFactor:0.4]]
[2025.02.17-00.37.53:465][  0]LogConfig: Setting CVar [[r.AmbientOcclusionMaxQuality:100]]
[2025.02.17-00.37.53:465][  0]LogConfig: Setting CVar [[r.AmbientOcclusionLevels:-1]]
[2025.02.17-00.37.53:465][  0]LogConfig: Setting CVar [[r.AmbientOcclusionRadiusScale:1.0]]
[2025.02.17-00.37.53:465][  0]LogConfig: Setting CVar [[r.DepthOfFieldQuality:2]]
[2025.02.17-00.37.53:465][  0]LogConfig: Setting CVar [[r.RenderTargetPoolMin:400]]
[2025.02.17-00.37.53:465][  0]LogConfig: Setting CVar [[r.LensFlareQuality:2]]
[2025.02.17-00.37.53:465][  0]LogConfig: Setting CVar [[r.SceneColorFringeQuality:1]]
[2025.02.17-00.37.53:465][  0]LogConfig: Setting CVar [[r.EyeAdaptationQuality:2]]
[2025.02.17-00.37.53:465][  0]LogConfig: Setting CVar [[r.BloomQuality:5]]
[2025.02.17-00.37.53:465][  0]LogConfig: Setting CVar [[r.FastBlurThreshold:100]]
[2025.02.17-00.37.53:465][  0]LogConfig: Setting CVar [[r.Upscale.Quality:3]]
[2025.02.17-00.37.53:465][  0]LogConfig: Setting CVar [[r.Tonemapper.GrainQuantization:1]]
[2025.02.17-00.37.53:465][  0]LogConfig: Setting CVar [[r.LightShaftQuality:1]]
[2025.02.17-00.37.53:465][  0]LogConfig: Setting CVar [[r.Filter.SizeScale:1]]
[2025.02.17-00.37.53:465][  0]LogConfig: Setting CVar [[r.Tonemapper.Quality:5]]
[2025.02.17-00.37.53:465][  0]LogConfig: Setting CVar [[r.DOF.Gather.AccumulatorQuality:1        ; higher gathering accumulator quality]]
[2025.02.17-00.37.53:465][  0]LogConfig: Setting CVar [[r.DOF.Gather.PostfilterMethod:1          ; Median3x3 postfilering method]]
[2025.02.17-00.37.53:465][  0]LogConfig: Setting CVar [[r.DOF.Gather.EnableBokehSettings:0       ; no bokeh simulation when gathering]]
[2025.02.17-00.37.53:465][  0]LogConfig: Setting CVar [[r.DOF.Gather.RingCount:4                 ; medium number of samples when gathering]]
[2025.02.17-00.37.53:465][  0]LogConfig: Setting CVar [[r.DOF.Scatter.ForegroundCompositing:1    ; additive foreground scattering]]
[2025.02.17-00.37.53:465][  0]LogConfig: Setting CVar [[r.DOF.Scatter.BackgroundCompositing:2    ; additive background scattering]]
[2025.02.17-00.37.53:465][  0]LogConfig: Setting CVar [[r.DOF.Scatter.EnableBokehSettings:1      ; bokeh simulation when scattering]]
[2025.02.17-00.37.53:465][  0]LogConfig: Setting CVar [[r.DOF.Scatter.MaxSpriteRatio:0.1         ; only a maximum of 10% of scattered bokeh]]
[2025.02.17-00.37.53:465][  0]LogConfig: Setting CVar [[r.DOF.Recombine.Quality:1                ; cheap slight out of focus]]
[2025.02.17-00.37.53:465][  0]LogConfig: Setting CVar [[r.DOF.Recombine.EnableBokehSettings:0    ; no bokeh simulation on slight out of focus]]
[2025.02.17-00.37.53:465][  0]LogConfig: Setting CVar [[r.DOF.TemporalAAQuality:1                ; more stable temporal accumulation]]
[2025.02.17-00.37.53:465][  0]LogConfig: Setting CVar [[r.DOF.Kernel.MaxForegroundRadius:0.025]]
[2025.02.17-00.37.53:466][  0]LogConfig: Setting CVar [[r.DOF.Kernel.MaxBackgroundRadius:0.025]]
[2025.02.17-00.37.53:466][  0]LogConfig: Applying CVar settings from Section [TextureQuality@3] File [C:/Users/user/Desktop/Unreal_Engine_Projects/C++/Cpp_Project/Saved/Config/Windows/Scalability.ini]
[2025.02.17-00.37.53:466][  0]LogConfig: Setting CVar [[r.Streaming.MipBias:0]]
[2025.02.17-00.37.53:466][  0]LogConfig: Setting CVar [[r.Streaming.AmortizeCPUToGPUCopy:0]]
[2025.02.17-00.37.53:466][  0]LogConfig: Setting CVar [[r.Streaming.MaxNumTexturesToStreamPerFrame:0]]
[2025.02.17-00.37.53:466][  0]LogConfig: Setting CVar [[r.Streaming.Boost:1]]
[2025.02.17-00.37.53:466][  0]LogConfig: Setting CVar [[r.MaxAnisotropy:8]]
[2025.02.17-00.37.53:466][  0]LogConfig: Setting CVar [[r.VT.MaxAnisotropy:8]]
[2025.02.17-00.37.53:466][  0]LogConfig: Setting CVar [[r.Streaming.LimitPoolSizeToVRAM:0]]
[2025.02.17-00.37.53:466][  0]LogConfig: Setting CVar [[r.Streaming.PoolSize:1000]]
[2025.02.17-00.37.53:466][  0]LogConfig: Setting CVar [[r.Streaming.MaxEffectiveScreenSize:0]]
[2025.02.17-00.37.53:466][  0]LogConfig: Applying CVar settings from Section [EffectsQuality@3] File [C:/Users/user/Desktop/Unreal_Engine_Projects/C++/Cpp_Project/Saved/Config/Windows/Scalability.ini]
[2025.02.17-00.37.53:466][  0]LogConfig: Setting CVar [[r.TranslucencyLightingVolumeDim:64]]
[2025.02.17-00.37.53:466][  0]LogConfig: Setting CVar [[r.RefractionQuality:2]]
[2025.02.17-00.37.53:466][  0]LogConfig: Setting CVar [[r.SSR.Quality:3]]
[2025.02.17-00.37.53:466][  0]LogConfig: Setting CVar [[r.SSR.HalfResSceneColor:0]]
[2025.02.17-00.37.53:466][  0]LogConfig: Setting CVar [[r.SceneColorFormat:4]]
[2025.02.17-00.37.53:466][  0]LogConfig: Setting CVar [[r.DetailMode:2]]
[2025.02.17-00.37.53:466][  0]LogConfig: Setting CVar [[r.TranslucencyVolumeBlur:1]]
[2025.02.17-00.37.53:466][  0]LogConfig: Setting CVar [[r.MaterialQualityLevel:1 ; High quality]]
[2025.02.17-00.37.53:466][  0]LogConfig: Setting CVar [[r.AnisotropicMaterials:1]]
[2025.02.17-00.37.53:466][  0]LogConfig: Setting CVar [[r.SSS.Scale:1]]
[2025.02.17-00.37.53:466][  0]LogConfig: Setting CVar [[r.SSS.SampleSet:2]]
[2025.02.17-00.37.53:466][  0]LogConfig: Setting CVar [[r.SSS.Quality:1]]
[2025.02.17-00.37.53:466][  0]LogConfig: Setting CVar [[r.SSS.HalfRes:0]]
[2025.02.17-00.37.53:466][  0]LogConfig: Setting CVar [[r.SSGI.Quality:3]]
[2025.02.17-00.37.53:466][  0]LogConfig: Setting CVar [[r.EmitterSpawnRateScale:1.0]]
[2025.02.17-00.37.53:466][  0]LogConfig: Setting CVar [[r.ParticleLightQuality:2]]
[2025.02.17-00.37.53:466][  0]LogConfig: Setting CVar [[r.SkyAtmosphere.AerialPerspectiveLUT.FastApplyOnOpaque:1 ; Always have FastSkyLUT 1 in this case to avoid wrong sky]]
[2025.02.17-00.37.53:466][  0]LogConfig: Setting CVar [[r.SkyAtmosphere.AerialPerspectiveLUT.SampleCountMaxPerSlice:4]]
[2025.02.17-00.37.53:466][  0]LogConfig: Setting CVar [[r.SkyAtmosphere.AerialPerspectiveLUT.DepthResolution:16.0]]
[2025.02.17-00.37.53:466][  0]LogConfig: Setting CVar [[r.SkyAtmosphere.FastSkyLUT:1]]
[2025.02.17-00.37.53:466][  0]LogConfig: Setting CVar [[r.SkyAtmosphere.FastSkyLUT.SampleCountMin:4.0]]
[2025.02.17-00.37.53:466][  0]LogConfig: Setting CVar [[r.SkyAtmosphere.FastSkyLUT.SampleCountMax:128.0]]
[2025.02.17-00.37.53:466][  0]LogConfig: Setting CVar [[r.SkyAtmosphere.SampleCountMin:4.0]]
[2025.02.17-00.37.53:466][  0]LogConfig: Setting CVar [[r.SkyAtmosphere.SampleCountMax:128.0]]
[2025.02.17-00.37.53:466][  0]LogConfig: Setting CVar [[r.SkyAtmosphere.TransmittanceLUT.UseSmallFormat:0]]
[2025.02.17-00.37.53:466][  0]LogConfig: Setting CVar [[r.SkyAtmosphere.TransmittanceLUT.SampleCount:10.0]]
[2025.02.17-00.37.53:466][  0]LogConfig: Setting CVar [[r.SkyAtmosphere.MultiScatteringLUT.SampleCount:15.0]]
[2025.02.17-00.37.53:466][  0]LogConfig: Setting CVar [[r.SkyLight.RealTimeReflectionCapture:1]]
[2025.02.17-00.37.53:466][  0]LogConfig: Applying CVar settings from Section [FoliageQuality@3] File [C:/Users/user/Desktop/Unreal_Engine_Projects/C++/Cpp_Project/Saved/Config/Windows/Scalability.ini]
[2025.02.17-00.37.53:466][  0]LogConfig: Setting CVar [[foliage.DensityScale:1.0]]
[2025.02.17-00.37.53:466][  0]LogConfig: Setting CVar [[grass.DensityScale:1.0]]
[2025.02.17-00.37.53:466][  0]LogConfig: Applying CVar settings from Section [ShadingQuality@3] File [C:/Users/user/Desktop/Unreal_Engine_Projects/C++/Cpp_Project/Saved/Config/Windows/Scalability.ini]
[2025.02.17-00.37.53:466][  0]LogConfig: Setting CVar [[r.HairStrands.SkyLighting.IntegrationType:2]]
[2025.02.17-00.37.53:466][  0]LogConfig: Setting CVar [[r.HairStrands.SkyAO.SampleCount:4]]
[2025.02.17-00.37.53:466][  0]LogConfig: Setting CVar [[r.HairStrands.Visibility.MSAA.SamplePerPixel:4]]
[2025.02.17-00.37.53:466][  0]LogInit: Selected Device Profile: [Windows]
[2025.02.17-00.37.53:466][  0]LogInit: Applying CVar settings loaded from the selected device profile: [Windows]
[2025.02.17-00.37.53:466][  0]LogHAL: Display: Platform has ~ 32 GB [33827102720 / 34359738368 / 32], which maps to Largest [LargestMinGB=32, LargerMinGB=12, DefaultMinGB=8, SmallerMinGB=6, SmallestMinGB=0)
[2025.02.17-00.37.53:466][  0]LogInit: Going up to parent DeviceProfile []
[2025.02.17-00.37.53:466][  0]LogConfig: Applying CVar settings from Section [ViewDistanceQuality@3] File [C:/Users/user/Desktop/Unreal_Engine_Projects/C++/Cpp_Project/Saved/Config/Windows/Scalability.ini]
[2025.02.17-00.37.53:466][  0]LogConfig: Setting CVar [[r.SkeletalMeshLODBias:0]]
[2025.02.17-00.37.53:466][  0]LogConfig: Setting CVar [[r.ViewDistanceScale:1.0]]
[2025.02.17-00.37.53:466][  0]LogConfig: Applying CVar settings from Section [AntiAliasingQuality@3] File [C:/Users/user/Desktop/Unreal_Engine_Projects/C++/Cpp_Project/Saved/Config/Windows/Scalability.ini]
[2025.02.17-00.37.53:466][  0]LogConfig: Setting CVar [[r.PostProcessAAQuality:4]]
[2025.02.17-00.37.53:466][  0]LogConfig: Applying CVar settings from Section [ShadowQuality@3] File [C:/Users/user/Desktop/Unreal_Engine_Projects/C++/Cpp_Project/Saved/Config/Windows/Scalability.ini]
[2025.02.17-00.37.53:466][  0]LogConfig: Setting CVar [[r.LightFunctionQuality:1]]
[2025.02.17-00.37.53:466][  0]LogConfig: Setting CVar [[r.ShadowQuality:5]]
[2025.02.17-00.37.53:466][  0]LogConfig: Setting CVar [[r.Shadow.CSM.MaxCascades:10]]
[2025.02.17-00.37.53:466][  0]LogConfig: Setting CVar [[r.Shadow.MaxResolution:2048]]
[2025.02.17-00.37.53:466][  0]LogConfig: Setting CVar [[r.Shadow.MaxCSMResolution:2048]]
[2025.02.17-00.37.53:466][  0]LogConfig: Setting CVar [[r.Shadow.RadiusThreshold:0.01]]
[2025.02.17-00.37.53:466][  0]LogConfig: Setting CVar [[r.Shadow.DistanceScale:1.0]]
[2025.02.17-00.37.53:466][  0]LogConfig: Setting CVar [[r.Shadow.CSM.TransitionScale:1.0]]
[2025.02.17-00.37.53:466][  0]LogConfig: Setting CVar [[r.Shadow.PreShadowResolutionFactor:1.0]]
[2025.02.17-00.37.53:466][  0]LogConfig: Setting CVar [[r.DistanceFieldShadowing:1]]
[2025.02.17-00.37.53:466][  0]LogConfig: Setting CVar [[r.DistanceFieldAO:1]]
[2025.02.17-00.37.53:466][  0]LogConfig: Setting CVar [[r.AOQuality:2]]
[2025.02.17-00.37.53:466][  0]LogConfig: Setting CVar [[r.VolumetricFog:1]]
[2025.02.17-00.37.53:466][  0]LogConfig: Setting CVar [[r.VolumetricFog.GridPixelSize:8]]
[2025.02.17-00.37.53:466][  0]LogConfig: Setting CVar [[r.VolumetricFog.GridSizeZ:128]]
[2025.02.17-00.37.53:466][  0]LogConfig: Setting CVar [[r.VolumetricFog.HistoryMissSupersampleCount:4]]
[2025.02.17-00.37.53:466][  0]LogConfig: Setting CVar [[r.LightMaxDrawDistanceScale:1]]
[2025.02.17-00.37.53:466][  0]LogConfig: Setting CVar [[r.CapsuleShadows:1]]
[2025.02.17-00.37.53:466][  0]LogConfig: Applying CVar settings from Section [PostProcessQuality@3] File [C:/Users/user/Desktop/Unreal_Engine_Projects/C++/Cpp_Project/Saved/Config/Windows/Scalability.ini]
[2025.02.17-00.37.53:466][  0]LogConfig: Setting CVar [[r.MotionBlurQuality:4]]
[2025.02.17-00.37.53:466][  0]LogConfig: Setting CVar [[r.AmbientOcclusionMipLevelFactor:0.4]]
[2025.02.17-00.37.53:466][  0]LogConfig: Setting CVar [[r.AmbientOcclusionMaxQuality:100]]
[2025.02.17-00.37.53:466][  0]LogConfig: Setting CVar [[r.AmbientOcclusionLevels:-1]]
[2025.02.17-00.37.53:466][  0]LogConfig: Setting CVar [[r.AmbientOcclusionRadiusScale:1.0]]
[2025.02.17-00.37.53:466][  0]LogConfig: Setting CVar [[r.DepthOfFieldQuality:2]]
[2025.02.17-00.37.53:466][  0]LogConfig: Setting CVar [[r.RenderTargetPoolMin:400]]
[2025.02.17-00.37.53:466][  0]LogConfig: Setting CVar [[r.LensFlareQuality:2]]
[2025.02.17-00.37.53:466][  0]LogConfig: Setting CVar [[r.SceneColorFringeQuality:1]]
[2025.02.17-00.37.53:466][  0]LogConfig: Setting CVar [[r.EyeAdaptationQuality:2]]
[2025.02.17-00.37.53:466][  0]LogConfig: Setting CVar [[r.BloomQuality:5]]
[2025.02.17-00.37.53:466][  0]LogConfig: Setting CVar [[r.FastBlurThreshold:100]]
[2025.02.17-00.37.53:466][  0]LogConfig: Setting CVar [[r.Upscale.Quality:3]]
[2025.02.17-00.37.53:466][  0]LogConfig: Setting CVar [[r.Tonemapper.GrainQuantization:1]]
[2025.02.17-00.37.53:466][  0]LogConfig: Setting CVar [[r.LightShaftQuality:1]]
[2025.02.17-00.37.53:466][  0]LogConfig: Setting CVar [[r.Filter.SizeScale:1]]
[2025.02.17-00.37.53:466][  0]LogConfig: Setting CVar [[r.Tonemapper.Quality:5]]
[2025.02.17-00.37.53:466][  0]LogConfig: Setting CVar [[r.DOF.Gather.AccumulatorQuality:1        ; higher gathering accumulator quality]]
[2025.02.17-00.37.53:466][  0]LogConfig: Setting CVar [[r.DOF.Gather.PostfilterMethod:1          ; Median3x3 postfilering method]]
[2025.02.17-00.37.53:466][  0]LogConfig: Setting CVar [[r.DOF.Gather.EnableBokehSettings:0       ; no bokeh simulation when gathering]]
[2025.02.17-00.37.53:466][  0]LogConfig: Setting CVar [[r.DOF.Gather.RingCount:4                 ; medium number of samples when gathering]]
[2025.02.17-00.37.53:466][  0]LogConfig: Setting CVar [[r.DOF.Scatter.ForegroundCompositing:1    ; additive foreground scattering]]
[2025.02.17-00.37.53:466][  0]LogConfig: Setting CVar [[r.DOF.Scatter.BackgroundCompositing:2    ; additive background scattering]]
[2025.02.17-00.37.53:466][  0]LogConfig: Setting CVar [[r.DOF.Scatter.EnableBokehSettings:1      ; bokeh simulation when scattering]]
[2025.02.17-00.37.53:466][  0]LogConfig: Setting CVar [[r.DOF.Scatter.MaxSpriteRatio:0.1         ; only a maximum of 10% of scattered bokeh]]
[2025.02.17-00.37.53:466][  0]LogConfig: Setting CVar [[r.DOF.Recombine.Quality:1                ; cheap slight out of focus]]
[2025.02.17-00.37.53:466][  0]LogConfig: Setting CVar [[r.DOF.Recombine.EnableBokehSettings:0    ; no bokeh simulation on slight out of focus]]
[2025.02.17-00.37.53:466][  0]LogConfig: Setting CVar [[r.DOF.TemporalAAQuality:1                ; more stable temporal accumulation]]
[2025.02.17-00.37.53:466][  0]LogConfig: Setting CVar [[r.DOF.Kernel.MaxForegroundRadius:0.025]]
[2025.02.17-00.37.53:466][  0]LogConfig: Setting CVar [[r.DOF.Kernel.MaxBackgroundRadius:0.025]]
[2025.02.17-00.37.53:466][  0]LogConfig: Applying CVar settings from Section [TextureQuality@3] File [C:/Users/user/Desktop/Unreal_Engine_Projects/C++/Cpp_Project/Saved/Config/Windows/Scalability.ini]
[2025.02.17-00.37.53:466][  0]LogConfig: Setting CVar [[r.Streaming.MipBias:0]]
[2025.02.17-00.37.53:466][  0]LogConfig: Setting CVar [[r.Streaming.AmortizeCPUToGPUCopy:0]]
[2025.02.17-00.37.53:466][  0]LogConfig: Setting CVar [[r.Streaming.MaxNumTexturesToStreamPerFrame:0]]
[2025.02.17-00.37.53:466][  0]LogConfig: Setting CVar [[r.Streaming.Boost:1]]
[2025.02.17-00.37.53:466][  0]LogConfig: Setting CVar [[r.MaxAnisotropy:8]]
[2025.02.17-00.37.53:466][  0]LogConfig: Setting CVar [[r.VT.MaxAnisotropy:8]]
[2025.02.17-00.37.53:466][  0]LogConfig: Setting CVar [[r.Streaming.LimitPoolSizeToVRAM:0]]
[2025.02.17-00.37.53:466][  0]LogConfig: Setting CVar [[r.Streaming.PoolSize:1000]]
[2025.02.17-00.37.53:466][  0]LogConfig: Setting CVar [[r.Streaming.MaxEffectiveScreenSize:0]]
[2025.02.17-00.37.53:466][  0]LogConfig: Applying CVar settings from Section [EffectsQuality@3] File [C:/Users/user/Desktop/Unreal_Engine_Projects/C++/Cpp_Project/Saved/Config/Windows/Scalability.ini]
[2025.02.17-00.37.53:466][  0]LogConfig: Setting CVar [[r.TranslucencyLightingVolumeDim:64]]
[2025.02.17-00.37.53:466][  0]LogConfig: Setting CVar [[r.RefractionQuality:2]]
[2025.02.17-00.37.53:466][  0]LogConfig: Setting CVar [[r.SSR.Quality:3]]
[2025.02.17-00.37.53:466][  0]LogConfig: Setting CVar [[r.SSR.HalfResSceneColor:0]]
[2025.02.17-00.37.53:466][  0]LogConfig: Setting CVar [[r.SceneColorFormat:4]]
[2025.02.17-00.37.53:466][  0]LogConfig: Setting CVar [[r.DetailMode:2]]
[2025.02.17-00.37.53:466][  0]LogConfig: Setting CVar [[r.TranslucencyVolumeBlur:1]]
[2025.02.17-00.37.53:466][  0]LogConfig: Setting CVar [[r.MaterialQualityLevel:1 ; High quality]]
[2025.02.17-00.37.53:466][  0]LogConfig: Setting CVar [[r.AnisotropicMaterials:1]]
[2025.02.17-00.37.53:466][  0]LogConfig: Setting CVar [[r.SSS.Scale:1]]
[2025.02.17-00.37.53:466][  0]LogConfig: Setting CVar [[r.SSS.SampleSet:2]]
[2025.02.17-00.37.53:466][  0]LogConfig: Setting CVar [[r.SSS.Quality:1]]
[2025.02.17-00.37.53:466][  0]LogConfig: Setting CVar [[r.SSS.HalfRes:0]]
[2025.02.17-00.37.53:466][  0]LogConfig: Setting CVar [[r.SSGI.Quality:3]]
[2025.02.17-00.37.53:466][  0]LogConfig: Setting CVar [[r.EmitterSpawnRateScale:1.0]]
[2025.02.17-00.37.53:466][  0]LogConfig: Setting CVar [[r.ParticleLightQuality:2]]
[2025.02.17-00.37.53:466][  0]LogConfig: Setting CVar [[r.SkyAtmosphere.AerialPerspectiveLUT.FastApplyOnOpaque:1 ; Always have FastSkyLUT 1 in this case to avoid wrong sky]]
[2025.02.17-00.37.53:466][  0]LogConfig: Setting CVar [[r.SkyAtmosphere.AerialPerspectiveLUT.SampleCountMaxPerSlice:4]]
[2025.02.17-00.37.53:466][  0]LogConfig: Setting CVar [[r.SkyAtmosphere.AerialPerspectiveLUT.DepthResolution:16.0]]
[2025.02.17-00.37.53:467][  0]LogConfig: Setting CVar [[r.SkyAtmosphere.FastSkyLUT:1]]
[2025.02.17-00.37.53:467][  0]LogConfig: Setting CVar [[r.SkyAtmosphere.FastSkyLUT.SampleCountMin:4.0]]
[2025.02.17-00.37.53:467][  0]LogConfig: Setting CVar [[r.SkyAtmosphere.FastSkyLUT.SampleCountMax:128.0]]
[2025.02.17-00.37.53:467][  0]LogConfig: Setting CVar [[r.SkyAtmosphere.SampleCountMin:4.0]]
[2025.02.17-00.37.53:467][  0]LogConfig: Setting CVar [[r.SkyAtmosphere.SampleCountMax:128.0]]
[2025.02.17-00.37.53:467][  0]LogConfig: Setting CVar [[r.SkyAtmosphere.TransmittanceLUT.UseSmallFormat:0]]
[2025.02.17-00.37.53:467][  0]LogConfig: Setting CVar [[r.SkyAtmosphere.TransmittanceLUT.SampleCount:10.0]]
[2025.02.17-00.37.53:467][  0]LogConfig: Setting CVar [[r.SkyAtmosphere.MultiScatteringLUT.SampleCount:15.0]]
[2025.02.17-00.37.53:467][  0]LogConfig: Setting CVar [[r.SkyLight.RealTimeReflectionCapture:1]]
[2025.02.17-00.37.53:467][  0]LogConfig: Applying CVar settings from Section [FoliageQuality@3] File [C:/Users/user/Desktop/Unreal_Engine_Projects/C++/Cpp_Project/Saved/Config/Windows/Scalability.ini]
[2025.02.17-00.37.53:467][  0]LogConfig: Setting CVar [[foliage.DensityScale:1.0]]
[2025.02.17-00.37.53:467][  0]LogConfig: Setting CVar [[grass.DensityScale:1.0]]
[2025.02.17-00.37.53:467][  0]LogConfig: Applying CVar settings from Section [ShadingQuality@3] File [C:/Users/user/Desktop/Unreal_Engine_Projects/C++/Cpp_Project/Saved/Config/Windows/Scalability.ini]
[2025.02.17-00.37.53:467][  0]LogConfig: Setting CVar [[r.HairStrands.SkyLighting.IntegrationType:2]]
[2025.02.17-00.37.53:467][  0]LogConfig: Setting CVar [[r.HairStrands.SkyAO.SampleCount:4]]
[2025.02.17-00.37.53:467][  0]LogConfig: Setting CVar [[r.HairStrands.Visibility.MSAA.SamplePerPixel:4]]
[2025.02.17-00.37.53:467][  0]LogConfig: Applying CVar settings from Section [Startup] File [../../../Engine/Config/ConsoleVariables.ini]
[2025.02.17-00.37.53:467][  0]LogConfig: Setting CVar [[net.UseAdaptiveNetUpdateFrequency:0]]
[2025.02.17-00.37.53:467][  0]LogConfig: Setting CVar [[p.chaos.AllowCreatePhysxBodies:1]]
[2025.02.17-00.37.53:467][  0]LogConfig: Setting CVar [[fx.SkipVectorVMBackendOptimizations:1]]
[2025.02.17-00.37.53:467][  0]LogConfig: Applying CVar settings from Section [ConsoleVariables] File [C:/Users/user/Desktop/Unreal_Engine_Projects/C++/Cpp_Project/Saved/Config/Windows/Engine.ini]
[2025.02.17-00.37.53:467][  0]LogConfig: Applying CVar settings from Section [ConsoleVariables] File [C:/Users/user/Desktop/Unreal_Engine_Projects/C++/Cpp_Project/Saved/Config/Windows/Editor.ini]
[2025.02.17-00.37.53:467][  0]LogInit: Computer: BOOK-6IA5E1OIQJ
[2025.02.17-00.37.53:467][  0]LogInit: User: user
[2025.02.17-00.37.53:467][  0]LogInit: CPU Page size=4096, Cores=16
[2025.02.17-00.37.53:467][  0]LogInit: High frequency timer resolution =10.000000 MHz
[2025.02.17-00.37.53:467][  0]LogMemory: Memory total: Physical=31.5GB (32GB approx)
[2025.02.17-00.37.53:467][  0]LogMemory: Platform Memory Stats for Windows
[2025.02.17-00.37.53:467][  0]LogMemory: Process Physical Memory: 150.84 MB used, 150.84 MB peak
[2025.02.17-00.37.53:467][  0]LogMemory: Process Virtual Memory: 127.45 MB used, 127.45 MB peak
[2025.02.17-00.37.53:467][  0]LogMemory: Physical Memory: 17345.40 MB used,  14914.64 MB free, 32260.04 MB total
[2025.02.17-00.37.53:467][  0]LogMemory: Virtual Memory: 134200928.00 MB used,  16798.29 MB free, 134217728.00 MB total
[2025.02.17-00.37.53:473][  0]LogWindows: WindowsPlatformFeatures enabled
[2025.02.17-00.37.53:507][  0]LogInit: Physics initialised using underlying interface: PhysX
[2025.02.17-00.37.53:508][  0]LogInit: Using OS detected language (ko-KR).
[2025.02.17-00.37.53:508][  0]LogInit: Using OS detected locale (ko-KR).
[2025.02.17-00.37.53:511][  0]LogTextLocalizationManager: No specific localization for 'ko-KR' exists, so the 'ko' localization will be used.
[2025.02.17-00.37.53:594][  0]LogInit: Setting process to per monitor DPI aware
[2025.02.17-00.37.53:610][  0]LogWindowsTextInputMethodSystem: Display: IME system deactivated.
[2025.02.17-00.37.53:621][  0]LogSlate: New Slate User Created.  User Index 0, Is Virtual User: 0
[2025.02.17-00.37.53:621][  0]LogSlate: Slate User Registered.  User Index 0, Is Virtual User: 0
[2025.02.17-00.37.53:702][  0]LogD3D12RHI: Aftermath initialized
[2025.02.17-00.37.53:702][  0]LogD3D12RHI: Loading WinPixEventRuntime.dll for PIX profiling (from ../../../Engine/Binaries/ThirdParty/Windows/WinPixEventRuntime/x64).
[2025.02.17-00.37.53:735][  0]LogHMD: Failed to initialize OpenVR with code 110
[2025.02.17-00.37.53:945][  0]LogD3D12RHI: Found D3D12 adapter 0: NVIDIA GeForce RTX 4070 Laptop GPU (Max supported Feature Level 12_1)
[2025.02.17-00.37.53:945][  0]LogD3D12RHI: Adapter has 7951MB of dedicated video memory, 0MB of dedicated system memory, and 16130MB of shared system memory, 2 output[s]
[2025.02.17-00.37.54:023][  0]LogD3D12RHI: Found D3D12 adapter 1: Intel(R) Arc(TM) Graphics (Max supported Feature Level 12_1)
[2025.02.17-00.37.54:023][  0]LogD3D12RHI: Adapter has 128MB of dedicated video memory, 0MB of dedicated system memory, and 16130MB of shared system memory, 0 output[s]
[2025.02.17-00.37.54:030][  0]LogD3D12RHI: Found D3D12 adapter 2: Microsoft Basic Render Driver (Max supported Feature Level 12_1)
[2025.02.17-00.37.54:030][  0]LogD3D12RHI: Adapter has 0MB of dedicated video memory, 0MB of dedicated system memory, and 16130MB of shared system memory, 0 output[s]
[2025.02.17-00.37.54:030][  0]LogD3D12RHI: Forcing D3D12.AsyncDeferredDeletion=0 as a workaround for a deadlock.
[2025.02.17-00.37.54:031][  0]LogD3D12RHI: Chosen D3D12 Adapter Id = 0
[2025.02.17-00.37.54:040][  0]LogD3D12RHI: InitD3DDevice: -D3DDebug = off -D3D12GPUValidation = off
[2025.02.17-00.37.54:040][  0]LogD3D12RHI: Emitting draw events for PIX profiling.
[2025.02.17-00.37.54:105][  0]LogD3D12RHI: The system supports ID3D12Device1.
[2025.02.17-00.37.54:105][  0]LogD3D12RHI: The system supports ID3D12Device2.
[2025.02.17-00.37.54:105][  0]LogD3D12RHI: The system supports ID3D12Device5.
[2025.02.17-00.37.54:105][  0]LogD3D12RHI: The system supports ID3D12Device7.
[2025.02.17-00.37.54:105][  0]LogD3D12RHI: D3D12 ray tracing 1.0 is supported.
[2025.02.17-00.37.54:105][  0]LogD3D12RHI: D3D12 ray tracing 1.1 is supported.
[2025.02.17-00.37.54:137][  0]LogD3D12RHI: [GPUBreadCrumb] Successfully setup breadcrumb resource for 3D Queue 0
[2025.02.17-00.37.54:145][  0]LogD3D12RHI: [GPUBreadCrumb] Successfully setup breadcrumb resource for Copy Queue 0
[2025.02.17-00.37.54:159][  0]LogD3D12RHI: [GPUBreadCrumb] Successfully setup breadcrumb resource for Compute Queue 0
[2025.02.17-00.37.54:169][  0]LogD3D12RHI: Display: Not using pipeline state disk cache per r.D3D12.PSO.DiskCache=0
[2025.02.17-00.37.54:169][  0]LogD3D12RHI: Display: Not using driver-optimized pipeline state disk cache per r.D3D12.PSO.DriverOptimizedDiskCache=0
[2025.02.17-00.37.54:194][  0]LogD3D12RHI:     GPU DeviceId: 0x2820 (for the marketing name, search the web for "GPU Device Id")
[2025.02.17-00.37.54:194][  0]LogWindows: EnumDisplayDevices:
[2025.02.17-00.37.54:194][  0]LogWindows:    0. 'Intel(R) Arc(TM) Graphics' (P:1 D:1)
[2025.02.17-00.37.54:194][  0]LogWindows:    1. 'Intel(R) Arc(TM) Graphics' (P:0 D:1)
[2025.02.17-00.37.54:194][  0]LogWindows:    2. 'Intel(R) Arc(TM) Graphics' (P:0 D:0)
[2025.02.17-00.37.54:194][  0]LogWindows:    3. 'Intel(R) Arc(TM) Graphics' (P:0 D:0)
[2025.02.17-00.37.54:194][  0]LogWindows: DebugString: PrimaryIsNotTheChoosenAdapter PrimaryIsNotTheChoosenAdapter PrimaryIsNotTheChoosenAdapter PrimaryIsNotTheChoosenAdapter FoundDriverCount:0 
[2025.02.17-00.37.54:194][  0]LogD3D12RHI:     Adapter Name: NVIDIA GeForce RTX 4070 Laptop GPU
[2025.02.17-00.37.54:194][  0]LogD3D12RHI:   Driver Version: Unknown (internal:Unknown, unified:Unknown)
[2025.02.17-00.37.54:194][  0]LogD3D12RHI:      Driver Date: Unknown
[2025.02.17-00.37.54:194][  0]LogRHI: Texture pool is 4525 MB (70% of 6464 MB)
[2025.02.17-00.37.54:194][  0]LogD3D12RHI: Async texture creation enabled
[2025.02.17-00.37.54:194][  0]LogD3D12RHI: RHI has support for 64 bit atomics
[2025.02.17-00.37.54:210][  0]LogRHI: GeForceNow SDK initialized: 0
[2025.02.17-00.37.54:408][  0]LogTargetPlatformManager: Display: Loaded TargetPlatform 'AllDesktop'
[2025.02.17-00.37.54:421][  0]LogTargetPlatformManager: Display: Loaded TargetPlatform 'Android'
[2025.02.17-00.37.54:421][  0]LogTargetPlatformManager: Display: Loaded TargetPlatform 'Android_ASTC'
[2025.02.17-00.37.54:421][  0]LogTargetPlatformManager: Display: Loaded TargetPlatform 'Android_DXT'
[2025.02.17-00.37.54:421][  0]LogTargetPlatformManager: Display: Loaded TargetPlatform 'Android_ETC2'
[2025.02.17-00.37.54:421][  0]LogTargetPlatformManager: Display: Loaded TargetPlatform 'AndroidClient'
[2025.02.17-00.37.54:421][  0]LogTargetPlatformManager: Display: Loaded TargetPlatform 'Android_ASTCClient'
[2025.02.17-00.37.54:421][  0]LogTargetPlatformManager: Display: Loaded TargetPlatform 'Android_DXTClient'
[2025.02.17-00.37.54:421][  0]LogTargetPlatformManager: Display: Loaded TargetPlatform 'Android_ETC2Client'
[2025.02.17-00.37.54:421][  0]LogTargetPlatformManager: Display: Loaded TargetPlatform 'Android_Multi'
[2025.02.17-00.37.54:421][  0]LogTargetPlatformManager: Display: Loaded TargetPlatform 'Android_MultiClient'
[2025.02.17-00.37.54:433][  0]LogTargetPlatformManager: Display: Loaded TargetPlatform 'IOSClient'
[2025.02.17-00.37.54:433][  0]LogTargetPlatformManager: Display: Loaded TargetPlatform 'IOS'
[2025.02.17-00.37.54:441][  0]LogTargetPlatformManager: Display: Loaded TargetPlatform 'Linux'
[2025.02.17-00.37.54:444][  0]LogTargetPlatformManager: Display: Loaded TargetPlatform 'LinuxNoEditor'
[2025.02.17-00.37.54:448][  0]LogTargetPlatformManager: Display: Loaded TargetPlatform 'LinuxClient'
[2025.02.17-00.37.54:451][  0]LogTargetPlatformManager: Display: Loaded TargetPlatform 'LinuxServer'
[2025.02.17-00.37.54:457][  0]LogTargetPlatformManager: Display: Loaded TargetPlatform 'LinuxAArch64NoEditor'
[2025.02.17-00.37.54:460][  0]LogTargetPlatformManager: Display: Loaded TargetPlatform 'LinuxAArch64Client'
[2025.02.17-00.37.54:463][  0]LogTargetPlatformManager: Display: Loaded TargetPlatform 'LinuxAArch64Server'
[2025.02.17-00.37.54:478][  0]LogTargetPlatformManager: Display: Loaded TargetPlatform 'Lumin'
[2025.02.17-00.37.54:478][  0]LogTargetPlatformManager: Display: Loaded TargetPlatform 'LuminClient'
[2025.02.17-00.37.54:483][  0]LogTargetPlatformManager: Display: Loaded TargetPlatform 'MacNoEditor'
[2025.02.17-00.37.54:487][  0]LogTargetPlatformManager: Display: Loaded TargetPlatform 'Mac'
[2025.02.17-00.37.54:490][  0]LogTargetPlatformManager: Display: Loaded TargetPlatform 'MacClient'
[2025.02.17-00.37.54:493][  0]LogTargetPlatformManager: Display: Loaded TargetPlatform 'MacServer'
[2025.02.17-00.37.54:499][  0]LogTargetPlatformManager: Display: Loaded TargetPlatform 'TVOSClient'
[2025.02.17-00.37.54:499][  0]LogTargetPlatformManager: Display: Loaded TargetPlatform 'TVOS'
[2025.02.17-00.37.54:505][  0]LogTargetPlatformManager: Display: Loaded TargetPlatform 'WindowsNoEditor'
[2025.02.17-00.37.54:509][  0]LogTargetPlatformManager: Display: Loaded TargetPlatform 'Windows'
[2025.02.17-00.37.54:512][  0]LogTargetPlatformManager: Display: Loaded TargetPlatform 'WindowsClient'
[2025.02.17-00.37.54:515][  0]LogTargetPlatformManager: Display: Loaded TargetPlatform 'WindowsServer'
[2025.02.17-00.37.54:515][  0]LogTargetPlatformManager: Display: Building Assets For Windows
[2025.02.17-00.37.54:521][  0]LogAudioDebug: Display: Lib vorbis DLL was dynamically loaded.
[2025.02.17-00.37.54:543][  0]LogTextureFormatOodle: Display: Oodle Texture 2.9.0 init RDO Off
[2025.02.17-00.37.54:568][  0]LogRendererCore: Ray tracing is enabled for the editor. Reason: r.RayTracing=1.
[2025.02.17-00.37.54:568][  0]LogShaderCompilers: Guid format shader working directory is -31 characters bigger than the processId version (../../../../../../Users/user/Desktop/Unreal_Engine_Projects/C++/Cpp_Project/Intermediate/Shaders/WorkingDirectory/22356/).
[2025.02.17-00.37.54:568][  0]LogShaderCompilers: Cleaned the shader compiler working directory 'C:/Users/user/AppData/Local/Temp/UnrealShaderWorkingDir/60B9B182477E486A277ED68644AE9390/'.
[2025.02.17-00.37.54:568][  0]LogXGEController: Cannot use XGE Controller as Incredibuild is not installed on this machine.
[2025.02.17-00.37.54:568][  0]LogShaderCompilers: Cannot use XGE Shader Compiler as Incredibuild is not installed on this machine.
[2025.02.17-00.37.54:568][  0]LogShaderCompilers: Display: Using Local Shader Compiler.
[2025.02.17-00.37.55:105][  0]LogDerivedDataCache: Display: Max Cache Size: 512 MB
[2025.02.17-00.37.55:155][  0]LogDerivedDataCache: Loaded boot cache 0.05s 96MB C:/Users/user/AppData/Local/UnrealEngine/4.27/DerivedDataCache/Boot.ddc.
[2025.02.17-00.37.55:155][  0]LogDerivedDataCache: Display: Loaded Boot cache: C:/Users/user/AppData/Local/UnrealEngine/4.27/DerivedDataCache/Boot.ddc
[2025.02.17-00.37.55:155][  0]LogDerivedDataCache: FDerivedDataBackendGraph:  Pak pak cache file ../../../../../../Users/user/Desktop/Unreal_Engine_Projects/C++/Cpp_Project/DerivedDataCache/DDC.ddp not found, will not use a pak cache.
[2025.02.17-00.37.55:155][  0]LogDerivedDataCache: Unable to find inner node Pak for hierarchical cache Hierarchy.
[2025.02.17-00.37.55:155][  0]LogDerivedDataCache: FDerivedDataBackendGraph:  CompressedPak pak cache file ../../../../../../Users/user/Desktop/Unreal_Engine_Projects/C++/Cpp_Project/DerivedDataCache/Compressed.ddp not found, will not use a pak cache.
[2025.02.17-00.37.55:155][  0]LogDerivedDataCache: Unable to find inner node CompressedPak for hierarchical cache Hierarchy.
[2025.02.17-00.37.55:167][  0]LogDerivedDataCache: Display: Pak cache opened for reading ../../../Engine/DerivedDataCache/Compressed.ddp.
[2025.02.17-00.37.55:167][  0]LogDerivedDataCache: FDerivedDataBackendGraph:  EnterprisePak pak cache file ../../../Enterprise/DerivedDataCache/Compressed.ddp not found, will not use a pak cache.
[2025.02.17-00.37.55:167][  0]LogDerivedDataCache: Unable to find inner node EnterprisePak for hierarchical cache Hierarchy.
[2025.02.17-00.37.55:172][  0]LogDerivedDataCache: Speed tests for C:/Users/user/AppData/Local/UnrealEngine/Common/DerivedDataCache took 0.01 seconds
[2025.02.17-00.37.55:172][  0]LogDerivedDataCache: Display: Performance to C:/Users/user/AppData/Local/UnrealEngine/Common/DerivedDataCache: Latency=0.02ms. RandomReadSpeed=1348.15MBs, RandomWriteSpeed=208.39MBs. Assigned SpeedClass 'Local'
[2025.02.17-00.37.55:175][  0]LogDerivedDataCache: Using Local data cache path C:/Users/user/AppData/Local/UnrealEngine/Common/DerivedDataCache: Writable
[2025.02.17-00.37.55:175][  0]LogDerivedDataCache: Shared data cache path not found in *engine.ini, will not use an Shared cache.
[2025.02.17-00.37.55:175][  0]LogDerivedDataCache: Unable to find inner node Shared for hierarchical cache Hierarchy.
[2025.02.17-00.37.56:096][  0]LogShaderCompilers: Display: Submitted 3049 shader compile jobs with 'High' priority
[2025.02.17-00.37.56:096][  0]LogSlate: Using FreeType 2.10.0
[2025.02.17-00.37.56:096][  0]LogSlate: SlateFontServices - WITH_FREETYPE: 1, WITH_HARFBUZZ: 1
[2025.02.17-00.37.56:127][  0]LogShaderCompilers: Display: Worker (1/19): shaders left to compile 3049
[2025.02.17-00.37.56:127][  0]LogShaderCompilers: Display: Worker (2/19): shaders left to compile 3039
[2025.02.17-00.37.56:127][  0]LogShaderCompilers: Display: Worker (3/19): shaders left to compile 3029
[2025.02.17-00.37.56:127][  0]LogShaderCompilers: Display: Worker (4/19): shaders left to compile 3019
[2025.02.17-00.37.56:127][  0]LogShaderCompilers: Display: Worker (5/19): shaders left to compile 3009
[2025.02.17-00.37.56:127][  0]LogShaderCompilers: Display: Worker (6/19): shaders left to compile 2999
[2025.02.17-00.37.56:127][  0]LogShaderCompilers: Display: Worker (7/19): shaders left to compile 2989
[2025.02.17-00.37.56:127][  0]LogShaderCompilers: Display: Worker (8/19): shaders left to compile 2979
[2025.02.17-00.37.56:127][  0]LogShaderCompilers: Display: Worker (9/19): shaders left to compile 2969
[2025.02.17-00.37.56:127][  0]LogShaderCompilers: Display: Worker (10/19): shaders left to compile 2959
[2025.02.17-00.37.56:127][  0]LogShaderCompilers: Display: Worker (11/19): shaders left to compile 2949
[2025.02.17-00.37.56:127][  0]LogShaderCompilers: Display: Worker (12/19): shaders left to compile 2939
[2025.02.17-00.37.56:127][  0]LogShaderCompilers: Display: Worker (13/19): shaders left to compile 2929
[2025.02.17-00.37.56:127][  0]LogShaderCompilers: Display: Worker (14/19): shaders left to compile 2919
[2025.02.17-00.37.56:127][  0]LogShaderCompilers: Display: Worker (15/19): shaders left to compile 2909
[2025.02.17-00.37.56:127][  0]LogShaderCompilers: Display: Worker (16/19): shaders left to compile 2899
[2025.02.17-00.37.56:127][  0]LogShaderCompilers: Display: Worker (17/19): shaders left to compile 2889
[2025.02.17-00.37.56:127][  0]LogShaderCompilers: Display: Worker (18/19): shaders left to compile 2879
[2025.02.17-00.37.56:127][  0]LogShaderCompilers: Display: Worker (19/19): shaders left to compile 2869
[2025.02.17-00.37.56:127][  0]LogShaderCompilers: Display: Started 190 'Local' shader compile jobs with 'High' priority
[2025.02.17-00.37.56:127][  0]LogAssetRegistry: FAssetRegistry took 0.0030 seconds to start up
[2025.02.17-00.37.56:379][  0]LogPackageName: Warning: Asset path "StaticMesh'FX_Meshes_IB.SM_Debris_Box_RadialFull'" is in short form, which is unsupported and -- even if valid -- resolving it will be really slow.
[2025.02.17-00.37.56:379][  0]LogPackageName: Warning: Please consider resaving package in order to speed-up loading.
[2025.02.17-00.37.56:379][  0]LogInit: Selected Device Profile: [Windows]
[2025.02.17-00.37.56:379][  0]LogInit: Active device profile: [000001815C652C00][00000181586DF7C0 49] Windows
[2025.02.17-00.37.56:379][  0]LogInit: Profiles: [000001815C652C00][00000181586DF7C0 49] Windows, [000001815C5B6400][000001815A897940 49] WindowsNoEditor, [000001815C5B7600][000001815A89BAC0 49] WindowsServer, [000001815C651300][000001815A89E0C0 49] WindowsClient, [000001815C651600][000001815A8A2240 49] IOS, [000001815C58FD00][000001815A8A63C0 49] iPadAir, [000001815C650100][000001815A8AA540 49] iPadAir2, [000001815C554E00][00000181585CC800 49] IPadPro, [000001815C554F00][00000181585C8840 49] iPadAir3, [000001815C5B7200][00000181585D09C0 49] iPadAir4, [000001815C554500][000001815A892B00 49] iPadMini2, [000001815C5B4300][00000181585D4C40 49] iPadMini3, [000001815C555800][00000181585D8D80 49] iPadMini4, [000001815C5B7800][00000181585E0F00 49] iPadMini5, [000001815C58CE00][00000181585E91C0 49] iPhone6, [000001815C58CF00][00000181585E5200 49] iPodTouch6, [000001815C557600][00000181585F14C0 49] iPhone7, [000001815C557500][00000181585ED500 49] iPodTouch7, [000001815C58CD00][00000181585F5680 49] iPhone5S, [000001815C557700][00000181585F9800 49] iPhone6Plus, [000001815C58DA00][00000181585FD980 49] iPhone6S, [000001815C554400][000001815879DB00 49] iPhone6SPlus, [000001815C58F700][00000181587A0100 49] iPhone7Plus, [000001815C554600][00000181587A4280 49] iPhoneSE, [000001815C58C500][00000181587AC400 49] iPhone8, [000001815C555900][00000181587B8580 49] iPhone8Plus, [000001815C58F200][00000181587D0700 49] iPhoneX, [000001815C555E00][00000181587E4880 49] iPhoneXS, [000001815C58CA00][000001815A278A00 49] iPhoneXSMax, [000001815C555400][000001815A288B80 49] iPhoneXR, [000001815C58E800][00000181585DCCC0 49] iPhone11, [000001815C556700][000001815A28CE00 49] iPhone11Pro, [000001815C58D500][000001815A290F40 49] iPhone11ProMax, [000001815C557A00][000001815A2990C0 49] iPhoneSE2, [000001815C58E500][000001815A29D240 49] iPhone12Mini, [000001815C555100][000001815A2A13C0 49] iPhone12, [000001815C58C400][000001815A2A5540 49] iPhone12Pro, [000001815C557200][000001815A2A96C0 49] iPhone12ProMax, [000001815C58C900][000001815A2AD840 49] iPadPro105, [000001815C556D00][000001815A2B19C0 49] iPadPro129, [000001815C58F100][000001815A2B5B40 49] iPadPro97, [000001815C556900][000001815A2B8140 49] iPadPro2_129, [000001815C58D800][000001815A2BC2C0 49] iPad5, [000001815C556000][000001815A2C0440 49] iPad6, [000001815C58F500][000001815A2C45C0 49] iPad7, [000001815C556500][000001815A2C8740 49] iPad8, [000001815C58F800][000001815A2CC8C0 49] iPadPro11, [000001815C554C00][000001815A2D0A40 49] iPadPro2_11, [000001815C58D700][000001815A2D4BC0 49] iPadPro3_129, [000001815C555500][000001815A2D8D40 49] iPadPro4_129, [000001815C58D400][000001815A294E80 49] AppleTV, [000001815C555200][000001815A2DCFC0 49] AppleTV4K, [000001815C58FF00][000001815A2E1100 49] TVOS, [000001815C557E00][000001815A2E5240 49] Mac, [000001815C58C100][000001815A2ED3C0 49] MacClient, [000001815C556400][000001815A2F1540 49] MacNoEditor, [000001815C58EF00][000001815A2F56C0 49] MacServer, [000001815C554900][000001815A2F9840 49] Linux, [000001815C58E000][000001815A2FD9C0 49] LinuxAArch64, [000001815C554800][000001815A301B40 49] LinuxNoEditor, [000001815C58E700][000001815A304140 49] LinuxAArch64NoEditor, [000001815C557300][000001815A3082C0 49] LinuxClient, [000001815C58DE00][000001815A30C440 49] LinuxAArch64Client, [000001815C554100][000001815A3105C0 49] LinuxServer, [000001815C58C800][000001815A314740 49] LinuxAArch64Server, [000001815C555F00][000001815A3188C0 49] Android, [000001815C58ED00][000001815A31CA40 49] Android_Low, [000001815C557F00][000001815A320BC0 49] Android_Mid, [000001815C58EA00][000001815A324D40 49] Android_High, [000001815C653100][000001815A328EC0 49] Android_Default, [000001815C5B7C00][000001815A2E9000 49] Android_Adreno4xx, [000001815C651900][000001815A32D140 49] Android_Adreno5xx_Low, [000001815C5B4800][000001815A331280 49] Android_Adreno5xx, [000001815C650A00][000001815A3353C0 49] Android_Adreno6xx, [000001815C5B5600][000001815A33D540 49] Android_Adreno6xx_Vulkan, [000001815C650E00][000001815A3416C0 49] Android_Mali_T6xx, [000001815C5B7D00][000001815A345840 49] Android_Mali_T7xx, [000001815C652E00][000001815A3499C0 49] Android_Mali_T8xx, [000001815C5B6C00][000001815A34DB40 49] Android_Mali_G71, [000001815C651E00][000001815A350140 49] Android_Mali_G72, [000001815C5B5E00][000001815A3542C0 49] Android_Mali_G72_Vulkan, [000001815C650300][000001815A358440 49] Android_Mali_G76, [000001815C5B6600][000001815A35C5C0 49] Android_Mali_G76_Vulkan, [000001815C652000][000001815A360740 49] Android_Mali_G77, [000001815C5B5F00][000001815A3648C0 49] Android_Mali_G77_Vulkan, [000001815C652400][000001815A368A40 49] Android_Mali_G78, [000001815C5B5200][000001815A36CBC0 49] Android_Mali_G78_Vulkan, [000001815C653000][000001815A370D40 49] Android_Mali_G710, [000001815C5B4200][000001815A374EC0 49] Android_Mali_G710_Vulkan, [000001815C651200][000001815A379040 49] Android_Vulkan_SM5, [000001815C5B5800][000001815A37D1C0 49] Android_PowerVR_G6xxx, [000001815C58EE00][000001815A339300 49] Android_PowerVR_GT7xxx, [000001815C5B6500][000001815A381440 49] Android_PowerVR_GE8xxx, [000001815C650600][000001815A385580 49] Android_PowerVR_GM9xxx, [000001815C555600][000001815A38D700 49] Android_PowerVR_GM9xxx_Vulkan, [000001815C650B00][000001815A391880 49] Android_TegraK1, [000001815C554200][000001815A395A00 49] Android_Unknown_Vulkan, [000001815C652600][000001815A399B80 49] Lumin, [000001815C557100][000001815A39C180 49] Lumin_Desktop, [000001815C652900][000001815A3A0300 49] HoloLens, 
[2025.02.17-00.37.56:439][  0]LogMaterial: Display: Missing cached shadermap for WorldGridMaterial in PCD3D_SM5, Default, SM5 (DDC key hash: ECAA5A1FFEDAED56AE4444EEB36047B8BA8E3B96), compiling. Is special engine material.
[2025.02.17-00.37.57:240][  0]LogPackageName: SearchForPackageOnDisk took   0.152s, but failed to resolve StaticMesh'FX_Meshes_IB.
[2025.02.17-00.37.57:240][  0]LogPackageName: Warning: Asset path "StaticMesh'FX_Meshes_IB.SM_Debris_Box_RadialFull'" could not be resolved.
[2025.02.17-00.37.57:240][  0]LogShaderCompilers: Display: Worker (3/19): shaders left to compile 2859
[2025.02.17-00.37.57:240][  0]LogShaderCompilers: Display: Started 10 'Local' shader compile jobs with 'High' priority
[2025.02.17-00.37.57:240][  0]LogShaderCompilers: Display: Submitted 1281 shader compile jobs with 'High' priority
[2025.02.17-00.37.57:782][  0]LogShaderCompilers: Display: Worker (13/19): shaders left to compile 4130
[2025.02.17-00.37.57:782][  0]LogShaderCompilers: Display: Started 10 'Local' shader compile jobs with 'High' priority
[2025.02.17-00.37.57:782][  0]LogShaderCompilers: Display: Worker (5/19): shaders left to compile 4120
[2025.02.17-00.37.57:782][  0]LogShaderCompilers: Display: Started 10 'Local' shader compile jobs with 'High' priority
[2025.02.17-00.37.57:782][  0]LogShaderCompilers: Display: Worker (2/19): shaders left to compile 4110
[2025.02.17-00.37.57:782][  0]LogShaderCompilers: Display: Started 10 'Local' shader compile jobs with 'High' priority
[2025.02.17-00.37.57:782][  0]LogShaderCompilers: Display: Worker (8/19): shaders left to compile 4100
[2025.02.17-00.37.57:782][  0]LogShaderCompilers: Display: Started 10 'Local' shader compile jobs with 'High' priority
[2025.02.17-00.37.57:782][  0]LogShaderCompilers: Display: Worker (15/19): shaders left to compile 4090
[2025.02.17-00.37.57:782][  0]LogShaderCompilers: Display: Started 10 'Local' shader compile jobs with 'High' priority
[2025.02.17-00.37.57:782][  0]LogShaderCompilers: Display: Worker (4/19): shaders left to compile 4080
[2025.02.17-00.37.57:782][  0]LogShaderCompilers: Display: Worker (6/19): shaders left to compile 4070
[2025.02.17-00.37.57:782][  0]LogShaderCompilers: Display: Worker (11/19): shaders left to compile 4060
[2025.02.17-00.37.57:782][  0]LogShaderCompilers: Display: Started 30 'Local' shader compile jobs with 'High' priority
[2025.02.17-00.37.57:782][  0]LogShaderCompilers: Display: Worker (16/19): shaders left to compile 4050
[2025.02.17-00.37.57:782][  0]LogShaderCompilers: Display: Started 10 'Local' shader compile jobs with 'High' priority
[2025.02.17-00.37.57:782][  0]LogShaderCompilers: Display: Worker (7/19): shaders left to compile 4040
[2025.02.17-00.37.57:782][  0]LogShaderCompilers: Display: Worker (10/19): shaders left to compile 4030
[2025.02.17-00.37.57:782][  0]LogShaderCompilers: Display: Started 20 'Local' shader compile jobs with 'High' priority
[2025.02.17-00.37.57:782][  0]LogShaderCompilers: Display: Worker (9/19): shaders left to compile 4020
[2025.02.17-00.37.57:782][  0]LogShaderCompilers: Display: Started 10 'Local' shader compile jobs with 'High' priority
[2025.02.17-00.37.57:782][  0]LogShaderCompilers: Display: Worker (12/19): shaders left to compile 4010
[2025.02.17-00.37.57:782][  0]LogShaderCompilers: Display: Worker (14/19): shaders left to compile 4000
[2025.02.17-00.37.57:782][  0]LogShaderCompilers: Display: Started 20 'Local' shader compile jobs with 'High' priority
[2025.02.17-00.37.57:782][  0]LogShaderCompilers: Display: Worker (17/19): shaders left to compile 3990
[2025.02.17-00.37.57:782][  0]LogShaderCompilers: Display: Started 10 'Local' shader compile jobs with 'High' priority
[2025.02.17-00.37.58:863][  0]LogShaderCompilers: Display: Worker (18/19): shaders left to compile 3980
[2025.02.17-00.37.58:863][  0]LogShaderCompilers: Display: Started 10 'Local' shader compile jobs with 'High' priority
[2025.02.17-00.37.59:406][  0]LogShaderCompilers: Display: Worker (3/19): shaders left to compile 3970
[2025.02.17-00.37.59:406][  0]LogShaderCompilers: Display: Started 10 'Local' shader compile jobs with 'High' priority
[2025.02.17-00.37.59:949][  0]LogShaderCompilers: Display: Worker (19/19): shaders left to compile 3960
[2025.02.17-00.37.59:949][  0]LogShaderCompilers: Display: Started 10 'Local' shader compile jobs with 'High' priority
[2025.02.17-00.37.59:949][  0]LogShaderCompilers: Display: Worker (13/19): shaders left to compile 3950
[2025.02.17-00.37.59:949][  0]LogShaderCompilers: Display: Started 10 'Local' shader compile jobs with 'High' priority
[2025.02.17-00.37.59:949][  0]LogShaderCompilers: Display: Worker (1/19): shaders left to compile 3940
[2025.02.17-00.37.59:949][  0]LogShaderCompilers: Display: Started 10 'Local' shader compile jobs with 'High' priority
[2025.02.17-00.37.59:949][  0]LogShaderCompilers: Display: Worker (2/19): shaders left to compile 3930
[2025.02.17-00.37.59:949][  0]LogShaderCompilers: Display: Started 10 'Local' shader compile jobs with 'High' priority
[2025.02.17-00.37.59:949][  0]LogShaderCompilers: Display: Worker (15/19): shaders left to compile 3920
[2025.02.17-00.37.59:949][  0]LogShaderCompilers: Display: Started 10 'Local' shader compile jobs with 'High' priority
[2025.02.17-00.38.00:492][  0]LogShaderCompilers: Display: Worker (10/19): shaders left to compile 3910
[2025.02.17-00.38.00:492][  0]LogShaderCompilers: Display: Started 10 'Local' shader compile jobs with 'High' priority
[2025.02.17-00.38.00:492][  0]LogShaderCompilers: Display: Worker (11/19): shaders left to compile 3900
[2025.02.17-00.38.00:492][  0]LogShaderCompilers: Display: Started 10 'Local' shader compile jobs with 'High' priority
[2025.02.17-00.38.00:492][  0]LogShaderCompilers: Display: Worker (14/19): shaders left to compile 3890
[2025.02.17-00.38.00:492][  0]LogShaderCompilers: Display: Started 10 'Local' shader compile jobs with 'High' priority
[2025.02.17-00.38.00:492][  0]LogShaderCompilers: Display: Worker (8/19): shaders left to compile 3880
[2025.02.17-00.38.00:492][  0]LogShaderCompilers: Display: Started 10 'Local' shader compile jobs with 'High' priority
[2025.02.17-00.38.01:033][  0]LogShaderCompilers: Display: Worker (12/19): shaders left to compile 3870
[2025.02.17-00.38.01:033][  0]LogShaderCompilers: Display: Started 10 'Local' shader compile jobs with 'High' priority
[2025.02.17-00.38.01:033][  0]LogShaderCompilers: Display: Worker (5/19): shaders left to compile 3860
[2025.02.17-00.38.01:033][  0]LogShaderCompilers: Display: Started 10 'Local' shader compile jobs with 'High' priority
[2025.02.17-00.38.01:575][  0]LogShaderCompilers: Display: Worker (4/19): shaders left to compile 3850
[2025.02.17-00.38.01:575][  0]LogShaderCompilers: Display: Started 10 'Local' shader compile jobs with 'High' priority
[2025.02.17-00.38.01:575][  0]LogShaderCompilers: Display: Worker (18/19): shaders left to compile 3840
[2025.02.17-00.38.01:575][  0]LogShaderCompilers: Display: Started 10 'Local' shader compile jobs with 'High' priority
[2025.02.17-00.38.02:118][  0]LogShaderCompilers: Display: Worker (6/19): shaders left to compile 3830
[2025.02.17-00.38.02:118][  0]LogShaderCompilers: Display: Started 10 'Local' shader compile jobs with 'High' priority
[2025.02.17-00.38.02:118][  0]LogShaderCompilers: Display: Worker (7/19): shaders left to compile 3820
[2025.02.17-00.38.02:118][  0]LogShaderCompilers: Display: Started 10 'Local' shader compile jobs with 'High' priority
[2025.02.17-00.38.02:118][  0]LogShaderCompilers: Display: Worker (17/19): shaders left to compile 3810
[2025.02.17-00.38.02:118][  0]LogShaderCompilers: Display: Started 10 'Local' shader compile jobs with 'High' priority
[2025.02.17-00.38.02:118][  0]LogShaderCompilers: Display: Worker (9/19): shaders left to compile 3800
[2025.02.17-00.38.02:118][  0]LogShaderCompilers: Display: Started 10 'Local' shader compile jobs with 'High' priority
[2025.02.17-00.38.02:660][  0]LogShaderCompilers: Display: Worker (13/19): shaders left to compile 3790
[2025.02.17-00.38.02:660][  0]LogShaderCompilers: Display: Started 10 'Local' shader compile jobs with 'High' priority
[2025.02.17-00.38.02:660][  0]LogShaderCompilers: Display: Worker (11/19): shaders left to compile 3780
[2025.02.17-00.38.02:660][  0]LogShaderCompilers: Display: Started 10 'Local' shader compile jobs with 'High' priority
[2025.02.17-00.38.03:201][  0]LogShaderCompilers: Display: Worker (3/19): shaders left to compile 3770
[2025.02.17-00.38.03:201][  0]LogShaderCompilers: Display: Started 10 'Local' shader compile jobs with 'High' priority
[2025.02.17-00.38.03:201][  0]LogShaderCompilers: Display: Worker (16/19): shaders left to compile 3760
[2025.02.17-00.38.03:201][  0]LogShaderCompilers: Display: Started 10 'Local' shader compile jobs with 'High' priority
[2025.02.17-00.38.03:741][  0]LogShaderCompilers: Display: Worker (2/19): shaders left to compile 3750
[2025.02.17-00.38.03:742][  0]LogShaderCompilers: Display: Started 10 'Local' shader compile jobs with 'High' priority
[2025.02.17-00.38.03:742][  0]LogShaderCompilers: Display: Worker (12/19): shaders left to compile 3740
[2025.02.17-00.38.03:742][  0]LogShaderCompilers: Display: Started 10 'Local' shader compile jobs with 'High' priority
[2025.02.17-00.38.04:824][  0]LogShaderCompilers: Display: Worker (10/19): shaders left to compile 3730
[2025.02.17-00.38.04:824][  0]LogShaderCompilers: Display: Started 10 'Local' shader compile jobs with 'High' priority
[2025.02.17-00.38.04:824][  0]LogShaderCompilers: Display: Worker (15/19): shaders left to compile 3720
[2025.02.17-00.38.04:824][  0]LogShaderCompilers: Display: Started 10 'Local' shader compile jobs with 'High' priority
[2025.02.17-00.38.04:824][  0]LogShaderCompilers: Display: Worker (1/19): shaders left to compile 3710
[2025.02.17-00.38.04:824][  0]LogShaderCompilers: Display: Started 10 'Local' shader compile jobs with 'High' priority
[2025.02.17-00.38.05:366][  0]LogShaderCompilers: Display: Worker (14/19): shaders left to compile 3700
[2025.02.17-00.38.05:366][  0]LogShaderCompilers: Display: Started 10 'Local' shader compile jobs with 'High' priority
[2025.02.17-00.38.05:366][  0]LogShaderCompilers: Display: Worker (6/19): shaders left to compile 3690
[2025.02.17-00.38.05:366][  0]LogShaderCompilers: Display: Started 10 'Local' shader compile jobs with 'High' priority
[2025.02.17-00.38.05:366][  0]LogShaderCompilers: Display: Worker (19/19): shaders left to compile 3680
[2025.02.17-00.38.05:366][  0]LogShaderCompilers: Display: Started 10 'Local' shader compile jobs with 'High' priority
[2025.02.17-00.38.05:366][  0]LogShaderCompilers: Display: Worker (4/19): shaders left to compile 3670
[2025.02.17-00.38.05:366][  0]LogShaderCompilers: Display: Started 10 'Local' shader compile jobs with 'High' priority
[2025.02.17-00.38.05:366][  0]LogShaderCompilers: Display: Worker (11/19): shaders left to compile 3660
[2025.02.17-00.38.05:366][  0]LogShaderCompilers: Display: Started 10 'Local' shader compile jobs with 'High' priority
[2025.02.17-00.38.05:366][  0]LogShaderCompilers: Display: Worker (12/19): shaders left to compile 3650
[2025.02.17-00.38.05:366][  0]LogShaderCompilers: Display: Started 10 'Local' shader compile jobs with 'High' priority
[2025.02.17-00.38.05:908][  0]LogShaderCompilers: Display: Worker (5/19): shaders left to compile 3640
[2025.02.17-00.38.05:908][  0]LogShaderCompilers: Display: Started 10 'Local' shader compile jobs with 'High' priority
[2025.02.17-00.38.05:908][  0]LogShaderCompilers: Display: Worker (16/19): shaders left to compile 3630
[2025.02.17-00.38.05:908][  0]LogShaderCompilers: Display: Started 10 'Local' shader compile jobs with 'High' priority
[2025.02.17-00.38.06:449][  0]LogShaderCompilers: Display: Worker (8/19): shaders left to compile 3620
[2025.02.17-00.38.06:449][  0]LogShaderCompilers: Display: Started 10 'Local' shader compile jobs with 'High' priority
[2025.02.17-00.38.06:991][  0]LogShaderCompilers: Display: Worker (18/19): shaders left to compile 3610
[2025.02.17-00.38.06:991][  0]LogShaderCompilers: Display: Started 10 'Local' shader compile jobs with 'High' priority
[2025.02.17-00.38.06:991][  0]LogShaderCompilers: Display: Worker (3/19): shaders left to compile 3600
[2025.02.17-00.38.06:991][  0]LogShaderCompilers: Display: Started 10 'Local' shader compile jobs with 'High' priority
[2025.02.17-00.38.06:991][  0]LogShaderCompilers: Display: Worker (9/19): shaders left to compile 3590
[2025.02.17-00.38.06:991][  0]LogShaderCompilers: Display: Started 10 'Local' shader compile jobs with 'High' priority
[2025.02.17-00.38.06:991][  0]LogShaderCompilers: Display: Worker (2/19): shaders left to compile 3580
[2025.02.17-00.38.06:991][  0]LogShaderCompilers: Display: Started 10 'Local' shader compile jobs with 'High' priority
[2025.02.17-00.38.07:532][  0]LogShaderCompilers: Display: Worker (13/19): shaders left to compile 3570
[2025.02.17-00.38.07:532][  0]LogShaderCompilers: Display: Started 10 'Local' shader compile jobs with 'High' priority
[2025.02.17-00.38.07:532][  0]LogShaderCompilers: Display: Worker (14/19): shaders left to compile 3560
[2025.02.17-00.38.07:532][  0]LogShaderCompilers: Display: Started 10 'Local' shader compile jobs with 'High' priority
[2025.02.17-00.38.08:074][  0]LogShaderCompilers: Display: Worker (10/19): shaders left to compile 3550
[2025.02.17-00.38.08:074][  0]LogShaderCompilers: Display: Started 10 'Local' shader compile jobs with 'High' priority
[2025.02.17-00.38.08:074][  0]LogShaderCompilers: Display: Worker (5/19): shaders left to compile 3540
[2025.02.17-00.38.08:074][  0]LogShaderCompilers: Display: Started 10 'Local' shader compile jobs with 'High' priority
[2025.02.17-00.38.08:074][  0]LogShaderCompilers: Display: Worker (7/19): shaders left to compile 3530
[2025.02.17-00.38.08:074][  0]LogShaderCompilers: Display: Worker (8/19): shaders left to compile 3520
[2025.02.17-00.38.08:074][  0]LogShaderCompilers: Display: Started 20 'Local' shader compile jobs with 'High' priority
[2025.02.17-00.38.08:616][  0]LogShaderCompilers: Display: Worker (12/19): shaders left to compile 3510
[2025.02.17-00.38.08:616][  0]LogShaderCompilers: Display: Started 10 'Local' shader compile jobs with 'High' priority
[2025.02.17-00.38.08:616][  0]LogShaderCompilers: Display: Worker (16/19): shaders left to compile 3500
[2025.02.17-00.38.08:616][  0]LogShaderCompilers: Display: Started 10 'Local' shader compile jobs with 'High' priority
[2025.02.17-00.38.09:157][  0]LogShaderCompilers: Display: Worker (15/19): shaders left to compile 3490
[2025.02.17-00.38.09:157][  0]LogShaderCompilers: Display: Started 10 'Local' shader compile jobs with 'High' priority
[2025.02.17-00.38.09:157][  0]LogShaderCompilers: Display: Worker (6/19): shaders left to compile 3480
[2025.02.17-00.38.09:157][  0]LogShaderCompilers: Display: Started 10 'Local' shader compile jobs with 'High' priority
[2025.02.17-00.38.09:157][  0]LogShaderCompilers: Display: Worker (17/19): shaders left to compile 3470
[2025.02.17-00.38.09:157][  0]LogShaderCompilers: Display: Started 10 'Local' shader compile jobs with 'High' priority
[2025.02.17-00.38.09:157][  0]LogShaderCompilers: Display: Worker (11/19): shaders left to compile 3460
[2025.02.17-00.38.09:157][  0]LogShaderCompilers: Display: Started 10 'Local' shader compile jobs with 'High' priority
[2025.02.17-00.38.09:700][  0]LogShaderCompilers: Display: Worker (4/19): shaders left to compile 3450
[2025.02.17-00.38.09:700][  0]LogShaderCompilers: Display: Started 10 'Local' shader compile jobs with 'High' priority
[2025.02.17-00.38.09:700][  0]LogShaderCompilers: Display: Worker (2/19): shaders left to compile 3440
[2025.02.17-00.38.09:700][  0]LogShaderCompilers: Display: Started 10 'Local' shader compile jobs with 'High' priority
[2025.02.17-00.38.10:243][  0]LogShaderCompilers: Display: Worker (1/19): shaders left to compile 3430
[2025.02.17-00.38.10:243][  0]LogShaderCompilers: Display: Started 10 'Local' shader compile jobs with 'High' priority
[2025.02.17-00.38.10:243][  0]LogShaderCompilers: Display: Worker (3/19): shaders left to compile 3420
[2025.02.17-00.38.10:243][  0]LogShaderCompilers: Display: Started 10 'Local' shader compile jobs with 'High' priority
[2025.02.17-00.38.10:784][  0]LogShaderCompilers: Display: Worker (18/19): shaders left to compile 3410
[2025.02.17-00.38.10:784][  0]LogShaderCompilers: Display: Started 10 'Local' shader compile jobs with 'High' priority
[2025.02.17-00.38.11:326][  0]LogShaderCompilers: Display: Worker (19/19): shaders left to compile 3400
[2025.02.17-00.38.11:326][  0]LogShaderCompilers: Display: Started 10 'Local' shader compile jobs with 'High' priority
[2025.02.17-00.38.11:326][  0]LogShaderCompilers: Display: Worker (8/19): shaders left to compile 3390
[2025.02.17-00.38.11:326][  0]LogShaderCompilers: Display: Started 10 'Local' shader compile jobs with 'High' priority
[2025.02.17-00.38.11:326][  0]LogShaderCompilers: Display: Worker (14/19): shaders left to compile 3380
[2025.02.17-00.38.11:326][  0]LogShaderCompilers: Display: Started 10 'Local' shader compile jobs with 'High' priority
[2025.02.17-00.38.11:868][  0]LogShaderCompilers: Display: Worker (9/19): shaders left to compile 3370
[2025.02.17-00.38.11:868][  0]LogShaderCompilers: Display: Started 10 'Local' shader compile jobs with 'High' priority
[2025.02.17-00.38.12:410][  0]LogShaderCompilers: Display: Worker (4/19): shaders left to compile 3360
[2025.02.17-00.38.12:410][  0]LogShaderCompilers: Display: Started 10 'Local' shader compile jobs with 'High' priority
[2025.02.17-00.38.12:410][  0]LogShaderCompilers: Display: Worker (10/19): shaders left to compile 3350
[2025.02.17-00.38.12:410][  0]LogShaderCompilers: Display: Started 10 'Local' shader compile jobs with 'High' priority
[2025.02.17-00.38.12:410][  0]LogShaderCompilers: Display: Worker (16/19): shaders left to compile 3340
[2025.02.17-00.38.12:410][  0]LogShaderCompilers: Display: Started 10 'Local' shader compile jobs with 'High' priority
[2025.02.17-00.38.12:410][  0]LogShaderCompilers: Display: Worker (2/19): shaders left to compile 3330
[2025.02.17-00.38.12:410][  0]LogShaderCompilers: Display: Started 10 'Local' shader compile jobs with 'High' priority
[2025.02.17-00.38.12:952][  0]LogShaderCompilers: Display: Worker (5/19): shaders left to compile 3320
[2025.02.17-00.38.12:952][  0]LogShaderCompilers: Display: Started 10 'Local' shader compile jobs with 'High' priority
[2025.02.17-00.38.12:952][  0]LogShaderCompilers: Display: Worker (3/19): shaders left to compile 3310
[2025.02.17-00.38.12:952][  0]LogShaderCompilers: Display: Worker (12/19): shaders left to compile 3300
[2025.02.17-00.38.12:952][  0]LogShaderCompilers: Display: Started 20 'Local' shader compile jobs with 'High' priority
[2025.02.17-00.38.12:952][  0]LogShaderCompilers: Display: Worker (11/19): shaders left to compile 3290
[2025.02.17-00.38.12:952][  0]LogShaderCompilers: Display: Started 10 'Local' shader compile jobs with 'High' priority
[2025.02.17-00.38.13:496][  0]LogShaderCompilers: Display: Worker (6/19): shaders left to compile 3280
[2025.02.17-00.38.13:496][  0]LogShaderCompilers: Display: Started 10 'Local' shader compile jobs with 'High' priority
[2025.02.17-00.38.13:496][  0]LogShaderCompilers: Display: Worker (1/19): shaders left to compile 3270
[2025.02.17-00.38.13:496][  0]LogShaderCompilers: Display: Started 10 'Local' shader compile jobs with 'High' priority
[2025.02.17-00.38.13:496][  0]LogShaderCompilers: Display: Worker (13/19): shaders left to compile 3260
[2025.02.17-00.38.13:496][  0]LogShaderCompilers: Display: Started 10 'Local' shader compile jobs with 'High' priority
[2025.02.17-00.38.14:039][  0]LogShaderCompilers: Display: Worker (18/19): shaders left to compile 3250
[2025.02.17-00.38.14:039][  0]LogShaderCompilers: Display: Started 10 'Local' shader compile jobs with 'High' priority
[2025.02.17-00.38.14:039][  0]LogShaderCompilers: Display: Worker (17/19): shaders left to compile 3240
[2025.02.17-00.38.14:039][  0]LogShaderCompilers: Display: Started 10 'Local' shader compile jobs with 'High' priority
[2025.02.17-00.38.14:039][  0]LogShaderCompilers: Display: Worker (8/19): shaders left to compile 3230
[2025.02.17-00.38.14:039][  0]LogShaderCompilers: Display: Started 10 'Local' shader compile jobs with 'High' priority
[2025.02.17-00.38.15:128][  0]LogShaderCompilers: Display: Worker (7/19): shaders left to compile 3220
[2025.02.17-00.38.15:128][  0]LogShaderCompilers: Display: Started 10 'Local' shader compile jobs with 'High' priority
[2025.02.17-00.38.15:128][  0]LogShaderCompilers: Display: Worker (10/19): shaders left to compile 3210
[2025.02.17-00.38.15:128][  0]LogShaderCompilers: Display: Started 10 'Local' shader compile jobs with 'High' priority
[2025.02.17-00.38.15:128][  0]LogShaderCompilers: Display: Worker (12/19): shaders left to compile 3200
[2025.02.17-00.38.15:128][  0]LogShaderCompilers: Display: Started 10 'Local' shader compile jobs with 'High' priority
[2025.02.17-00.38.15:670][  0]LogShaderCompilers: Display: Worker (16/19): shaders left to compile 3190
[2025.02.17-00.38.15:670][  0]LogShaderCompilers: Display: Started 10 'Local' shader compile jobs with 'High' priority
[2025.02.17-00.38.15:670][  0]LogShaderCompilers: Display: Worker (9/19): shaders left to compile 3180
[2025.02.17-00.38.15:670][  0]LogShaderCompilers: Display: Started 10 'Local' shader compile jobs with 'High' priority
[2025.02.17-00.38.15:670][  0]LogShaderCompilers: Display: Worker (14/19): shaders left to compile 3170
[2025.02.17-00.38.15:670][  0]LogShaderCompilers: Display: Started 10 'Local' shader compile jobs with 'High' priority
[2025.02.17-00.38.15:670][  0]LogShaderCompilers: Display: Worker (5/19): shaders left to compile 3160
[2025.02.17-00.38.15:670][  0]LogShaderCompilers: Display: Started 10 'Local' shader compile jobs with 'High' priority
[2025.02.17-00.38.15:670][  0]LogShaderCompilers: Display: Worker (19/19): shaders left to compile 3150
[2025.02.17-00.38.15:670][  0]LogShaderCompilers: Display: Started 10 'Local' shader compile jobs with 'High' priority
[2025.02.17-00.38.15:670][  0]LogShaderCompilers: Display: Worker (2/19): shaders left to compile 3140
[2025.02.17-00.38.15:670][  0]LogShaderCompilers: Display: Started 10 'Local' shader compile jobs with 'High' priority
[2025.02.17-00.38.16:210][  0]LogShaderCompilers: Display: Worker (4/19): shaders left to compile 3130
[2025.02.17-00.38.16:210][  0]LogShaderCompilers: Display: Started 10 'Local' shader compile jobs with 'High' priority
[2025.02.17-00.38.16:754][  0]LogShaderCompilers: Display: Worker (15/19): shaders left to compile 3120
[2025.02.17-00.38.16:754][  0]LogShaderCompilers: Display: Started 10 'Local' shader compile jobs with 'High' priority
[2025.02.17-00.38.16:754][  0]LogShaderCompilers: Display: Worker (6/19): shaders left to compile 3110
[2025.02.17-00.38.16:754][  0]LogShaderCompilers: Display: Started 10 'Local' shader compile jobs with 'High' priority
[2025.02.17-00.38.17:293][  0]LogShaderCompilers: Display: Worker (3/19): shaders left to compile 3100
[2025.02.17-00.38.17:293][  0]LogShaderCompilers: Display: Started 10 'Local' shader compile jobs with 'High' priority
[2025.02.17-00.38.17:293][  0]LogShaderCompilers: Display: Worker (8/19): shaders left to compile 3090
[2025.02.17-00.38.17:293][  0]LogShaderCompilers: Display: Started 10 'Local' shader compile jobs with 'High' priority
[2025.02.17-00.38.17:293][  0]LogShaderCompilers: Display: Worker (1/19): shaders left to compile 3080
[2025.02.17-00.38.17:293][  0]LogShaderCompilers: Display: Started 10 'Local' shader compile jobs with 'High' priority
[2025.02.17-00.38.17:834][  0]LogShaderCompilers: Display: Worker (7/19): shaders left to compile 3070
[2025.02.17-00.38.17:834][  0]LogShaderCompilers: Display: Started 10 'Local' shader compile jobs with 'High' priority
[2025.02.17-00.38.17:834][  0]LogShaderCompilers: Display: Worker (17/19): shaders left to compile 3060
[2025.02.17-00.38.17:834][  0]LogShaderCompilers: Display: Started 10 'Local' shader compile jobs with 'High' priority
[2025.02.17-00.38.18:377][  0]LogShaderCompilers: Display: Worker (12/19): shaders left to compile 3050
[2025.02.17-00.38.18:377][  0]LogShaderCompilers: Display: Started 10 'Local' shader compile jobs with 'High' priority
[2025.02.17-00.38.18:377][  0]LogShaderCompilers: Display: Worker (11/19): shaders left to compile 3040
[2025.02.17-00.38.18:377][  0]LogShaderCompilers: Display: Started 10 'Local' shader compile jobs with 'High' priority
[2025.02.17-00.38.18:377][  0]LogShaderCompilers: Display: Worker (2/19): shaders left to compile 3030
[2025.02.17-00.38.18:377][  0]LogShaderCompilers: Display: Started 10 'Local' shader compile jobs with 'High' priority
[2025.02.17-00.38.18:377][  0]LogShaderCompilers: Display: Worker (16/19): shaders left to compile 3020
[2025.02.17-00.38.18:377][  0]LogShaderCompilers: Display: Started 10 'Local' shader compile jobs with 'High' priority
[2025.02.17-00.38.18:377][  0]LogShaderCompilers: Display: Worker (10/19): shaders left to compile 3010
[2025.02.17-00.38.18:377][  0]LogShaderCompilers: Display: Started 10 'Local' shader compile jobs with 'High' priority
[2025.02.17-00.38.18:377][  0]LogShaderCompilers: Display: Worker (9/19): shaders left to compile 3000
[2025.02.17-00.38.18:377][  0]LogShaderCompilers: Display: Started 10 'Local' shader compile jobs with 'High' priority
[2025.02.17-00.38.18:919][  0]LogShaderCompilers: Display: Worker (5/19): shaders left to compile 2990
[2025.02.17-00.38.18:919][  0]LogShaderCompilers: Display: Started 10 'Local' shader compile jobs with 'High' priority
[2025.02.17-00.38.18:919][  0]LogShaderCompilers: Display: Worker (13/19): shaders left to compile 2980
[2025.02.17-00.38.18:919][  0]LogShaderCompilers: Display: Worker (18/19): shaders left to compile 2970
[2025.02.17-00.38.18:919][  0]LogShaderCompilers: Display: Started 20 'Local' shader compile jobs with 'High' priority
[2025.02.17-00.38.19:463][  0]LogShaderCompilers: Display: Worker (14/19): shaders left to compile 2960
[2025.02.17-00.38.19:463][  0]LogShaderCompilers: Display: Started 10 'Local' shader compile jobs with 'High' priority
[2025.02.17-00.38.19:463][  0]LogShaderCompilers: Display: Worker (19/19): shaders left to compile 2950
[2025.02.17-00.38.19:463][  0]LogShaderCompilers: Display: Started 10 'Local' shader compile jobs with 'High' priority
[2025.02.17-00.38.20:545][  0]LogShaderCompilers: Display: Worker (1/19): shaders left to compile 2940
[2025.02.17-00.38.20:545][  0]LogShaderCompilers: Display: Started 10 'Local' shader compile jobs with 'High' priority
[2025.02.17-00.38.20:545][  0]LogShaderCompilers: Display: Worker (7/19): shaders left to compile 2930
[2025.02.17-00.38.20:545][  0]LogShaderCompilers: Display: Worker (17/19): shaders left to compile 2920
[2025.02.17-00.38.20:545][  0]LogShaderCompilers: Display: Started 20 'Local' shader compile jobs with 'High' priority
[2025.02.17-00.38.21:089][  0]LogShaderCompilers: Display: Worker (8/19): shaders left to compile 2910
[2025.02.17-00.38.21:089][  0]LogShaderCompilers: Display: Started 10 'Local' shader compile jobs with 'High' priority
[2025.02.17-00.38.21:089][  0]LogShaderCompilers: Display: Worker (15/19): shaders left to compile 2900
[2025.02.17-00.38.21:089][  0]LogShaderCompilers: Display: Started 10 'Local' shader compile jobs with 'High' priority
[2025.02.17-00.38.21:089][  0]LogShaderCompilers: Display: Worker (2/19): shaders left to compile 2890
[2025.02.17-00.38.21:089][  0]LogShaderCompilers: Display: Started 10 'Local' shader compile jobs with 'High' priority
[2025.02.17-00.38.21:629][  0]LogShaderCompilers: Display: Worker (11/19): shaders left to compile 2880
[2025.02.17-00.38.21:629][  0]LogShaderCompilers: Display: Started 10 'Local' shader compile jobs with 'High' priority
[2025.02.17-00.38.22:716][  0]LogShaderCompilers: Display: Worker (18/19): shaders left to compile 2870
[2025.02.17-00.38.22:716][  0]LogShaderCompilers: Display: Started 10 'Local' shader compile jobs with 'High' priority
[2025.02.17-00.38.22:716][  0]LogShaderCompilers: Display: Worker (6/19): shaders left to compile 2860
[2025.02.17-00.38.22:716][  0]LogShaderCompilers: Display: Started 10 'Local' shader compile jobs with 'High' priority
[2025.02.17-00.38.23:258][  0]LogShaderCompilers: Display: Worker (12/19): shaders left to compile 2850
[2025.02.17-00.38.23:258][  0]LogShaderCompilers: Display: Started 10 'Local' shader compile jobs with 'High' priority
[2025.02.17-00.38.23:800][  0]LogShaderCompilers: Display: Worker (3/19): shaders left to compile 2840
[2025.02.17-00.38.23:800][  0]LogShaderCompilers: Display: Started 10 'Local' shader compile jobs with 'High' priority
[2025.02.17-00.38.23:800][  0]LogShaderCompilers: Display: Worker (19/19): shaders left to compile 2830
[2025.02.17-00.38.23:800][  0]LogShaderCompilers: Display: Started 10 'Local' shader compile jobs with 'High' priority
[2025.02.17-00.38.23:800][  0]LogShaderCompilers: Display: Worker (5/19): shaders left to compile 2820
[2025.02.17-00.38.23:800][  0]LogShaderCompilers: Display: Worker (9/19): shaders left to compile 2810
[2025.02.17-00.38.23:800][  0]LogShaderCompilers: Display: Started 20 'Local' shader compile jobs with 'High' priority
[2025.02.17-00.38.24:342][  0]LogShaderCompilers: Display: Worker (16/19): shaders left to compile 2800
[2025.02.17-00.38.24:342][  0]LogShaderCompilers: Display: Started 10 'Local' shader compile jobs with 'High' priority
[2025.02.17-00.38.24:889][  0]LogShaderCompilers: Display: Worker (17/19): shaders left to compile 2790
[2025.02.17-00.38.24:889][  0]LogShaderCompilers: Display: Started 10 'Local' shader compile jobs with 'High' priority
[2025.02.17-00.38.24:889][  0]LogShaderCompilers: Display: Worker (14/19): shaders left to compile 2780
[2025.02.17-00.38.24:889][  0]LogShaderCompilers: Display: Started 10 'Local' shader compile jobs with 'High' priority
[2025.02.17-00.38.24:889][  0]LogShaderCompilers: Display: Worker (4/19): shaders left to compile 2770
[2025.02.17-00.38.24:889][  0]LogShaderCompilers: Display: Started 10 'Local' shader compile jobs with 'High' priority
[2025.02.17-00.38.25:436][  0]LogShaderCompilers: Display: Worker (2/19): shaders left to compile 2760
[2025.02.17-00.38.25:436][  0]LogShaderCompilers: Display: Started 10 'Local' shader compile jobs with 'High' priority
[2025.02.17-00.38.25:436][  0]LogShaderCompilers: Display: Worker (11/19): shaders left to compile 2750
[2025.02.17-00.38.25:436][  0]LogShaderCompilers: Display: Started 10 'Local' shader compile jobs with 'High' priority
[2025.02.17-00.38.25:436][  0]LogShaderCompilers: Display: Worker (6/19): shaders left to compile 2740
[2025.02.17-00.38.25:436][  0]LogShaderCompilers: Display: Started 10 'Local' shader compile jobs with 'High' priority
[2025.02.17-00.38.25:978][  0]LogShaderCompilers: Display: Worker (18/19): shaders left to compile 2730
[2025.02.17-00.38.25:978][  0]LogShaderCompilers: Display: Started 10 'Local' shader compile jobs with 'High' priority
[2025.02.17-00.38.26:520][  0]LogShaderCompilers: Display: Worker (10/19): shaders left to compile 2720
[2025.02.17-00.38.26:520][  0]LogShaderCompilers: Display: Started 10 'Local' shader compile jobs with 'High' priority
[2025.02.17-00.38.26:520][  0]LogShaderCompilers: Display: Worker (15/19): shaders left to compile 2710
[2025.02.17-00.38.26:520][  0]LogShaderCompilers: Display: Started 10 'Local' shader compile jobs with 'High' priority
[2025.02.17-00.38.26:520][  0]LogShaderCompilers: Display: Worker (1/19): shaders left to compile 2700
[2025.02.17-00.38.26:520][  0]LogShaderCompilers: Display: Started 10 'Local' shader compile jobs with 'High' priority
[2025.02.17-00.38.27:063][  0]LogShaderCompilers: Display: Worker (2/19): shaders left to compile 2690
[2025.02.17-00.38.27:063][  0]LogShaderCompilers: Display: Started 10 'Local' shader compile jobs with 'High' priority
[2025.02.17-00.38.27:063][  0]LogShaderCompilers: Display: Worker (4/19): shaders left to compile 2680
[2025.02.17-00.38.27:063][  0]LogShaderCompilers: Display: Started 10 'Local' shader compile jobs with 'High' priority
[2025.02.17-00.38.27:063][  0]LogShaderCompilers: Display: Worker (8/19): shaders left to compile 2670
[2025.02.17-00.38.27:063][  0]LogShaderCompilers: Display: Started 10 'Local' shader compile jobs with 'High' priority
[2025.02.17-00.38.27:604][  0]LogShaderCompilers: Display: Worker (13/19): shaders left to compile 2660
[2025.02.17-00.38.27:604][  0]LogShaderCompilers: Display: Started 10 'Local' shader compile jobs with 'High' priority
[2025.02.17-00.38.27:604][  0]LogShaderCompilers: Display: Worker (11/19): shaders left to compile 2650
[2025.02.17-00.38.27:604][  0]LogShaderCompilers: Display: Started 10 'Local' shader compile jobs with 'High' priority
[2025.02.17-00.38.28:446][  0]LogShaderCompilers: Display: Worker (7/19): shaders left to compile 2640
[2025.02.17-00.38.28:446][  0]LogShaderCompilers: Display: Started 10 'Local' shader compile jobs with 'High' priority
[2025.02.17-00.38.28:446][  0]LogShaderCompilers: Display: Worker (18/19): shaders left to compile 2630
[2025.02.17-00.38.28:446][  0]LogShaderCompilers: Display: Started 10 'Local' shader compile jobs with 'High' priority
[2025.02.17-00.38.28:446][  0]LogShaderCompilers: Display: Worker (12/19): shaders left to compile 2620
[2025.02.17-00.38.28:446][  0]LogShaderCompilers: Display: Started 10 'Local' shader compile jobs with 'High' priority
[2025.02.17-00.38.28:446][  0]LogShaderCompilers: Display: Worker (8/19): shaders left to compile 2610
[2025.02.17-00.38.28:446][  0]LogShaderCompilers: Display: Started 10 'Local' shader compile jobs with 'High' priority
[2025.02.17-00.38.28:446][  0]LogShaderCompilers: Display: Worker (1/19): shaders left to compile 2600
[2025.02.17-00.38.28:446][  0]LogShaderCompilers: Display: Started 10 'Local' shader compile jobs with 'High' priority
[2025.02.17-00.38.28:446][  0]LogShaderCompilers: Display: Worker (16/19): shaders left to compile 2590
[2025.02.17-00.38.28:446][  0]LogShaderCompilers: Display: Started 10 'Local' shader compile jobs with 'High' priority
[2025.02.17-00.38.28:446][  0]LogShaderCompilers: Display: Worker (6/19): shaders left to compile 2580
[2025.02.17-00.38.28:446][  0]LogShaderCompilers: Display: Started 10 'Local' shader compile jobs with 'High' priority
[2025.02.17-00.38.28:446][  0]LogShaderCompilers: Display: Worker (2/19): shaders left to compile 2570
[2025.02.17-00.38.28:446][  0]LogShaderCompilers: Display: Started 10 'Local' shader compile jobs with 'High' priority
[2025.02.17-00.38.28:446][  0]LogMaterial: Display: Missing cached shadermap for DefaultDeferredDecalMaterial in PCD3D_SM5, Default, SM5 (DDC key hash: AF66593FFC0B958542BA51CC2FAB8A374C4529B0), compiling. 
[2025.02.17-00.38.28:646][  0]LogShaderCompilers: Display: Worker (4/19): shaders left to compile 2560
[2025.02.17-00.38.28:646][  0]LogShaderCompilers: Display: Started 10 'Local' shader compile jobs with 'High' priority
[2025.02.17-00.38.28:646][  0]LogShaderCompilers: Display: Submitted 195 shader compile jobs with 'High' priority
[2025.02.17-00.38.29:188][  0]LogShaderCompilers: Display: Worker (3/19): shaders left to compile 2745
[2025.02.17-00.38.29:188][  0]LogShaderCompilers: Display: Started 10 'Local' shader compile jobs with 'High' priority
[2025.02.17-00.38.29:188][  0]LogShaderCompilers: Display: Worker (5/19): shaders left to compile 2735
[2025.02.17-00.38.29:188][  0]LogShaderCompilers: Display: Started 10 'Local' shader compile jobs with 'High' priority
[2025.02.17-00.38.30:272][  0]LogShaderCompilers: Display: Worker (9/19): shaders left to compile 2725
[2025.02.17-00.38.30:272][  0]LogShaderCompilers: Display: Started 10 'Local' shader compile jobs with 'High' priority
[2025.02.17-00.38.30:272][  0]LogShaderCompilers: Display: Worker (10/19): shaders left to compile 2715
[2025.02.17-00.38.30:272][  0]LogShaderCompilers: Display: Started 10 'Local' shader compile jobs with 'High' priority
[2025.02.17-00.38.30:813][  0]LogShaderCompilers: Display: Worker (15/19): shaders left to compile 2705
[2025.02.17-00.38.30:813][  0]LogShaderCompilers: Display: Started 10 'Local' shader compile jobs with 'High' priority
[2025.02.17-00.38.31:357][  0]LogShaderCompilers: Display: Worker (13/19): shaders left to compile 2695
[2025.02.17-00.38.31:357][  0]LogShaderCompilers: Display: Started 10 'Local' shader compile jobs with 'High' priority
[2025.02.17-00.38.31:899][  0]LogShaderCompilers: Display: Worker (17/19): shaders left to compile 2685
[2025.02.17-00.38.31:899][  0]LogShaderCompilers: Display: Started 10 'Local' shader compile jobs with 'High' priority
[2025.02.17-00.38.33:527][  0]LogShaderCompilers: Display: Worker (14/19): shaders left to compile 2675
[2025.02.17-00.38.33:527][  0]LogShaderCompilers: Display: Started 10 'Local' shader compile jobs with 'High' priority
[2025.02.17-00.38.35:696][  0]LogShaderCompilers: Display: Worker (9/19): shaders left to compile 2665
[2025.02.17-00.38.35:696][  0]LogShaderCompilers: Display: Started 10 'Local' shader compile jobs with 'High' priority
[2025.02.17-00.38.35:696][  0]LogShaderCompilers: Display: Worker (3/19): shaders left to compile 2655
[2025.02.17-00.38.35:696][  0]LogShaderCompilers: Display: Started 10 'Local' shader compile jobs with 'High' priority
[2025.02.17-00.38.36:781][  0]LogShaderCompilers: Display: Worker (17/19): shaders left to compile 2645
[2025.02.17-00.38.36:781][  0]LogShaderCompilers: Display: Started 10 'Local' shader compile jobs with 'High' priority
[2025.02.17-00.38.37:867][  0]LogShaderCompilers: Display: Worker (14/19): shaders left to compile 2635
[2025.02.17-00.38.37:867][  0]LogShaderCompilers: Display: Started 10 'Local' shader compile jobs with 'High' priority
[2025.02.17-00.38.37:867][  0]LogShaderCompilers: Display: Worker (13/19): shaders left to compile 2625
[2025.02.17-00.38.37:867][  0]LogShaderCompilers: Display: Started 10 'Local' shader compile jobs with 'High' priority
[2025.02.17-00.38.37:867][  0]LogShaderCompilers: Display: Worker (5/19): shaders left to compile 2615
[2025.02.17-00.38.37:867][  0]LogShaderCompilers: Display: Started 10 'Local' shader compile jobs with 'High' priority
[2025.02.17-00.38.38:951][  0]LogShaderCompilers: Display: Worker (15/19): shaders left to compile 2605
[2025.02.17-00.38.38:951][  0]LogShaderCompilers: Display: Started 10 'Local' shader compile jobs with 'High' priority
[2025.02.17-00.38.40:033][  0]LogShaderCompilers: Display: Worker (9/19): shaders left to compile 2595
[2025.02.17-00.38.40:033][  0]LogShaderCompilers: Display: Started 10 'Local' shader compile jobs with 'High' priority
[2025.02.17-00.38.40:033][  0]LogShaderCompilers: Display: Worker (10/19): shaders left to compile 2585
[2025.02.17-00.38.40:033][  0]LogShaderCompilers: Display: Started 10 'Local' shader compile jobs with 'High' priority
[2025.02.17-00.38.40:579][  0]LogShaderCompilers: Display: Worker (3/19): shaders left to compile 2575
[2025.02.17-00.38.40:579][  0]LogShaderCompilers: Display: Started 10 'Local' shader compile jobs with 'High' priority
[2025.02.17-00.38.41:120][  0]LogShaderCompilers: Display: Worker (17/19): shaders left to compile 2565
[2025.02.17-00.38.41:120][  0]LogShaderCompilers: Display: Started 10 'Local' shader compile jobs with 'High' priority
[2025.02.17-00.38.42:203][  0]LogShaderCompilers: Display: Worker (5/19): shaders left to compile 2555
[2025.02.17-00.38.42:203][  0]LogShaderCompilers: Display: Started 10 'Local' shader compile jobs with 'High' priority
[2025.02.17-00.38.42:203][  0]LogShaderCompilers: Display: Worker (14/19): shaders left to compile 2545
[2025.02.17-00.38.42:203][  0]LogShaderCompilers: Display: Started 10 'Local' shader compile jobs with 'High' priority
[2025.02.17-00.38.42:747][  0]LogShaderCompilers: Display: Worker (13/19): shaders left to compile 2535
[2025.02.17-00.38.42:747][  0]LogShaderCompilers: Display: Started 10 'Local' shader compile jobs with 'High' priority
[2025.02.17-00.38.43:832][  0]LogShaderCompilers: Display: Worker (15/19): shaders left to compile 2525
[2025.02.17-00.38.43:832][  0]LogShaderCompilers: Display: Started 10 'Local' shader compile jobs with 'High' priority
[2025.02.17-00.38.44:375][  0]LogShaderCompilers: Display: Worker (10/19): shaders left to compile 2515
[2025.02.17-00.38.44:375][  0]LogShaderCompilers: Display: Started 10 'Local' shader compile jobs with 'High' priority
[2025.02.17-00.38.44:917][  0]LogShaderCompilers: Display: Worker (3/19): shaders left to compile 2505
[2025.02.17-00.38.44:917][  0]LogShaderCompilers: Display: Started 10 'Local' shader compile jobs with 'High' priority
[2025.02.17-00.38.44:917][  0]LogShaderCompilers: Display: Worker (9/19): shaders left to compile 2495
[2025.02.17-00.38.44:917][  0]LogShaderCompilers: Display: Started 10 'Local' shader compile jobs with 'High' priority
[2025.02.17-00.38.45:464][  0]LogShaderCompilers: Display: Worker (8/19): shaders left to compile 2485
[2025.02.17-00.38.45:464][  0]LogShaderCompilers: Display: Started 10 'Local' shader compile jobs with 'High' priority
[2025.02.17-00.38.45:464][  0]LogShaderCompilers: Display: Worker (11/19): shaders left to compile 2475
[2025.02.17-00.38.45:464][  0]LogShaderCompilers: Display: Started 10 'Local' shader compile jobs with 'High' priority
[2025.02.17-00.38.46:548][  0]LogShaderCompilers: Display: Worker (17/19): shaders left to compile 2465
[2025.02.17-00.38.46:548][  0]LogShaderCompilers: Display: Started 10 'Local' shader compile jobs with 'High' priority
[2025.02.17-00.38.47:629][  0]LogShaderCompilers: Display: Worker (15/19): shaders left to compile 2455
[2025.02.17-00.38.47:629][  0]LogShaderCompilers: Display: Started 10 'Local' shader compile jobs with 'High' priority
[2025.02.17-00.38.48:171][  0]LogShaderCompilers: Display: Worker (14/19): shaders left to compile 2445
[2025.02.17-00.38.48:171][  0]LogShaderCompilers: Display: Started 10 'Local' shader compile jobs with 'High' priority
[2025.02.17-00.38.48:711][  0]LogShaderCompilers: Display: Worker (7/19): shaders left to compile 2435
[2025.02.17-00.38.48:711][  0]LogShaderCompilers: Display: Started 10 'Local' shader compile jobs with 'High' priority
[2025.02.17-00.38.49:796][  0]LogShaderCompilers: Display: Worker (13/19): shaders left to compile 2425
[2025.02.17-00.38.49:796][  0]LogShaderCompilers: Display: Started 10 'Local' shader compile jobs with 'High' priority
[2025.02.17-00.38.50:337][  0]LogShaderCompilers: Display: Worker (4/19): shaders left to compile 2415
[2025.02.17-00.38.50:337][  0]LogShaderCompilers: Display: Started 10 'Local' shader compile jobs with 'High' priority
[2025.02.17-00.38.51:420][  0]LogShaderCompilers: Display: Worker (6/19): shaders left to compile 2405
[2025.02.17-00.38.51:420][  0]LogShaderCompilers: Display: Started 10 'Local' shader compile jobs with 'High' priority
[2025.02.17-00.38.51:963][  0]LogShaderCompilers: Display: Worker (16/19): shaders left to compile 2395
[2025.02.17-00.38.51:963][  0]LogShaderCompilers: Display: Started 10 'Local' shader compile jobs with 'High' priority
[2025.02.17-00.38.54:129][  0]LogShaderCompilers: Display: Worker (8/19): shaders left to compile 2385
[2025.02.17-00.38.54:129][  0]LogShaderCompilers: Display: Started 10 'Local' shader compile jobs with 'High' priority
[2025.02.17-00.38.54:129][  0]LogShaderCompilers: Display: Worker (12/19): shaders left to compile 2375
[2025.02.17-00.38.54:129][  0]LogShaderCompilers: Display: Started 10 'Local' shader compile jobs with 'High' priority
[2025.02.17-00.38.54:670][  0]LogShaderCompilers: Display: Worker (1/19): shaders left to compile 2365
[2025.02.17-00.38.54:670][  0]LogShaderCompilers: Display: Started 10 'Local' shader compile jobs with 'High' priority
[2025.02.17-00.38.54:670][  0]LogShaderCompilers: Display: Worker (18/19): shaders left to compile 2355
[2025.02.17-00.38.54:670][  0]LogShaderCompilers: Display: Started 10 'Local' shader compile jobs with 'High' priority
[2025.02.17-00.38.54:670][  0]LogShaderCompilers: Display: Worker (2/19): shaders left to compile 2345
[2025.02.17-00.38.54:670][  0]LogShaderCompilers: Display: Started 10 'Local' shader compile jobs with 'High' priority
[2025.02.17-00.38.56:387][  0]LogShaderCompilers: Display: Worker (5/19): shaders left to compile 2335
[2025.02.17-00.38.56:387][  0]LogShaderCompilers: Display: Started 10 'Local' shader compile jobs with 'High' priority
[2025.02.17-00.38.56:387][  0]LogMaterial: Display: Missing cached shadermap for DefaultLightFunctionMaterial in PCD3D_SM5, Default, SM5 (DDC key hash: 51661976691D504F2BB8FE23A5DC2CE1272FCB7C), compiling. 
[2025.02.17-00.38.56:409][  0]LogShaderCompilers: Display: Submitted 31 shader compile jobs with 'High' priority
[2025.02.17-00.38.58:036][  0]LogShaderCompilers: Display: Worker (10/19): shaders left to compile 2356
[2025.02.17-00.38.58:036][  0]LogShaderCompilers: Display: Started 10 'Local' shader compile jobs with 'High' priority
[2025.02.17-00.38.58:576][  0]LogShaderCompilers: Display: Worker (16/19): shaders left to compile 2346
[2025.02.17-00.38.58:576][  0]LogShaderCompilers: Display: Started 10 'Local' shader compile jobs with 'High' priority
[2025.02.17-00.38.59:664][  0]LogShaderCompilers: Display: Worker (6/19): shaders left to compile 2336
[2025.02.17-00.38.59:664][  0]LogShaderCompilers: Display: Started 10 'Local' shader compile jobs with 'High' priority
[2025.02.17-00.39.00:207][  0]LogShaderCompilers: Display: Worker (10/19): shaders left to compile 2326
[2025.02.17-00.39.00:207][  0]LogShaderCompilers: Display: Started 10 'Local' shader compile jobs with 'High' priority
[2025.02.17-00.39.00:748][  0]LogShaderCompilers: Display: Worker (16/19): shaders left to compile 2316
[2025.02.17-00.39.00:748][  0]LogShaderCompilers: Display: Started 10 'Local' shader compile jobs with 'High' priority
[2025.02.17-00.39.01:290][  0]LogShaderCompilers: Display: Worker (3/19): shaders left to compile 2306
[2025.02.17-00.39.01:290][  0]LogShaderCompilers: Display: Started 10 'Local' shader compile jobs with 'High' priority
[2025.02.17-00.39.01:290][  0]LogShaderCompilers: Display: Worker (11/19): shaders left to compile 2296
[2025.02.17-00.39.01:290][  0]LogShaderCompilers: Display: Started 10 'Local' shader compile jobs with 'High' priority
[2025.02.17-00.39.02:376][  0]LogShaderCompilers: Display: Worker (9/19): shaders left to compile 2286
[2025.02.17-00.39.02:376][  0]LogShaderCompilers: Display: Started 10 'Local' shader compile jobs with 'High' priority
[2025.02.17-00.39.03:460][  0]LogShaderCompilers: Display: Worker (4/19): shaders left to compile 2276
[2025.02.17-00.39.03:460][  0]LogShaderCompilers: Display: Started 10 'Local' shader compile jobs with 'High' priority
[2025.02.17-00.39.03:460][  0]LogShaderCompilers: Display: Worker (6/19): shaders left to compile 2266
[2025.02.17-00.39.03:460][  0]LogShaderCompilers: Display: Started 10 'Local' shader compile jobs with 'High' priority
[2025.02.17-00.39.04:001][  0]LogShaderCompilers: Display: Worker (8/19): shaders left to compile 2256
[2025.02.17-00.39.04:001][  0]LogShaderCompilers: Display: Started 10 'Local' shader compile jobs with 'High' priority
[2025.02.17-00.39.05:085][  0]LogShaderCompilers: Display: Worker (13/19): shaders left to compile 2246
[2025.02.17-00.39.05:085][  0]LogShaderCompilers: Display: Started 10 'Local' shader compile jobs with 'High' priority
[2025.02.17-00.39.05:628][  0]LogShaderCompilers: Display: Worker (4/19): shaders left to compile 2236
[2025.02.17-00.39.05:628][  0]LogShaderCompilers: Display: Started 10 'Local' shader compile jobs with 'High' priority
[2025.02.17-00.39.05:628][  0]LogShaderCompilers: Display: Worker (7/19): shaders left to compile 2226
[2025.02.17-00.39.05:628][  0]LogShaderCompilers: Display: Started 10 'Local' shader compile jobs with 'High' priority
[2025.02.17-00.39.06:712][  0]LogShaderCompilers: Display: Worker (17/19): shaders left to compile 2216
[2025.02.17-00.39.06:712][  0]LogShaderCompilers: Display: Started 10 'Local' shader compile jobs with 'High' priority
[2025.02.17-00.39.06:712][  0]LogShaderCompilers: Display: Worker (14/19): shaders left to compile 2206
[2025.02.17-00.39.06:712][  0]LogShaderCompilers: Display: Started 10 'Local' shader compile jobs with 'High' priority
[2025.02.17-00.39.07:795][  0]LogShaderCompilers: Display: Worker (17/19): shaders left to compile 2196
[2025.02.17-00.39.07:795][  0]LogShaderCompilers: Display: Started 10 'Local' shader compile jobs with 'High' priority
[2025.02.17-00.39.08:877][  0]LogShaderCompilers: Display: Worker (3/19): shaders left to compile 2186
[2025.02.17-00.39.08:877][  0]LogShaderCompilers: Display: Started 10 'Local' shader compile jobs with 'High' priority
[2025.02.17-00.39.08:877][  0]LogShaderCompilers: Display: Worker (16/19): shaders left to compile 2176
[2025.02.17-00.39.08:877][  0]LogShaderCompilers: Display: Started 10 'Local' shader compile jobs with 'High' priority
[2025.02.17-00.39.08:877][  0]LogShaderCompilers: Display: Worker (15/19): shaders left to compile 2166
[2025.02.17-00.39.08:877][  0]LogShaderCompilers: Display: Started 10 'Local' shader compile jobs with 'High' priority
[2025.02.17-00.39.09:416][  0]LogShaderCompilers: Display: Worker (9/19): shaders left to compile 2156
[2025.02.17-00.39.09:416][  0]LogShaderCompilers: Display: Started 10 'Local' shader compile jobs with 'High' priority
[2025.02.17-00.39.09:955][  0]LogShaderCompilers: Display: Worker (11/19): shaders left to compile 2146
[2025.02.17-00.39.09:955][  0]LogShaderCompilers: Display: Started 10 'Local' shader compile jobs with 'High' priority
[2025.02.17-00.39.09:955][  0]LogShaderCompilers: Display: Worker (1/19): shaders left to compile 2136
[2025.02.17-00.39.09:955][  0]LogShaderCompilers: Display: Started 10 'Local' shader compile jobs with 'High' priority
[2025.02.17-00.39.09:955][  0]LogShaderCompilers: Display: Worker (16/19): shaders left to compile 2126
[2025.02.17-00.39.09:955][  0]LogShaderCompilers: Display: Started 10 'Local' shader compile jobs with 'High' priority
[2025.02.17-00.39.11:034][  0]LogShaderCompilers: Display: Worker (5/19): shaders left to compile 2116
[2025.02.17-00.39.11:034][  0]LogShaderCompilers: Display: Started 10 'Local' shader compile jobs with 'High' priority
[2025.02.17-00.39.12:112][  0]LogShaderCompilers: Display: Worker (3/19): shaders left to compile 2106
[2025.02.17-00.39.12:112][  0]LogShaderCompilers: Display: Started 10 'Local' shader compile jobs with 'High' priority
[2025.02.17-00.39.12:653][  0]LogShaderCompilers: Display: Worker (5/19): shaders left to compile 2096
[2025.02.17-00.39.12:653][  0]LogShaderCompilers: Display: Started 10 'Local' shader compile jobs with 'High' priority
[2025.02.17-00.39.13:191][  0]LogShaderCompilers: Display: Worker (11/19): shaders left to compile 2086
[2025.02.17-00.39.13:191][  0]LogShaderCompilers: Display: Started 10 'Local' shader compile jobs with 'High' priority
[2025.02.17-00.39.13:730][  0]LogShaderCompilers: Display: Worker (16/19): shaders left to compile 2076
[2025.02.17-00.39.13:730][  0]LogShaderCompilers: Display: Started 10 'Local' shader compile jobs with 'High' priority
[2025.02.17-00.39.14:812][  0]LogShaderCompilers: Display: Worker (3/19): shaders left to compile 2066
[2025.02.17-00.39.14:812][  0]LogShaderCompilers: Display: Started 10 'Local' shader compile jobs with 'High' priority
[2025.02.17-00.39.15:355][  0]LogShaderCompilers: Display: Worker (18/19): shaders left to compile 2056
[2025.02.17-00.39.15:355][  0]LogShaderCompilers: Display: Started 10 'Local' shader compile jobs with 'High' priority
[2025.02.17-00.39.15:355][  0]LogShaderCompilers: Display: Worker (16/19): shaders left to compile 2046
[2025.02.17-00.39.15:355][  0]LogShaderCompilers: Display: Started 10 'Local' shader compile jobs with 'High' priority
[2025.02.17-00.39.15:355][  0]LogShaderCompilers: Display: Worker (1/19): shaders left to compile 2036
[2025.02.17-00.39.15:355][  0]LogShaderCompilers: Display: Worker (2/19): shaders left to compile 2026
[2025.02.17-00.39.15:355][  0]LogShaderCompilers: Display: Worker (11/19): shaders left to compile 2016
[2025.02.17-00.39.15:355][  0]LogShaderCompilers: Display: Started 30 'Local' shader compile jobs with 'High' priority
[2025.02.17-00.39.15:355][  0]LogShaderCompilers: Display: Worker (5/19): shaders left to compile 2006
[2025.02.17-00.39.15:355][  0]LogShaderCompilers: Display: Started 10 'Local' shader compile jobs with 'High' priority
[2025.02.17-00.39.16:439][  0]LogShaderCompilers: Display: Worker (11/19): shaders left to compile 1996
[2025.02.17-00.39.16:439][  0]LogShaderCompilers: Display: Started 10 'Local' shader compile jobs with 'High' priority
[2025.02.17-00.39.16:981][  0]LogShaderCompilers: Display: Worker (3/19): shaders left to compile 1986
[2025.02.17-00.39.16:981][  0]LogShaderCompilers: Display: Started 10 'Local' shader compile jobs with 'High' priority
[2025.02.17-00.39.19:148][  0]LogShaderCompilers: Display: Worker (12/19): shaders left to compile 1976
[2025.02.17-00.39.19:148][  0]LogShaderCompilers: Display: Started 10 'Local' shader compile jobs with 'High' priority
[2025.02.17-00.39.19:690][  0]LogShaderCompilers: Display: Worker (15/19): shaders left to compile 1966
[2025.02.17-00.39.19:690][  0]LogShaderCompilers: Display: Started 10 'Local' shader compile jobs with 'High' priority
[2025.02.17-00.39.20:231][  0]LogShaderCompilers: Display: Worker (1/19): shaders left to compile 1956
[2025.02.17-00.39.20:231][  0]LogShaderCompilers: Display: Started 10 'Local' shader compile jobs with 'High' priority
[2025.02.17-00.39.20:231][  0]LogShaderCompilers: Display: Worker (9/19): shaders left to compile 1946
[2025.02.17-00.39.20:231][  0]LogShaderCompilers: Display: Started 10 'Local' shader compile jobs with 'High' priority
[2025.02.17-00.39.22:831][  0]LogShaderCompilers: Display: Worker (9/19): shaders left to compile 1936
[2025.02.17-00.39.22:831][  0]LogShaderCompilers: Display: Started 10 'Local' shader compile jobs with 'High' priority
[2025.02.17-00.39.22:831][  0]LogShaderCompilers: Display: Worker (10/19): shaders left to compile 1926
[2025.02.17-00.39.22:831][  0]LogShaderCompilers: Display: Started 10 'Local' shader compile jobs with 'High' priority
[2025.02.17-00.39.22:831][  0]LogMaterial: Display: Missing cached shadermap for DefaultPostProcessMaterial in PCD3D_SM5, Default, SM5 (DDC key hash: 12A27E852B5C58E2BEC9D88AC2E7778D3BB325F7), compiling. 
[2025.02.17-00.39.22:857][  0]LogShaderCompilers: Display: Worker (18/19): shaders left to compile 1916
[2025.02.17-00.39.22:857][  0]LogShaderCompilers: Display: Started 10 'Local' shader compile jobs with 'High' priority
[2025.02.17-00.39.22:857][  0]LogShaderCompilers: Display: Submitted 40 shader compile jobs with 'High' priority
[2025.02.17-00.39.23:398][  0]LogShaderCompilers: Display: Worker (16/19): shaders left to compile 1946
[2025.02.17-00.39.23:398][  0]LogShaderCompilers: Display: Started 10 'Local' shader compile jobs with 'High' priority
[2025.02.17-00.39.23:398][  0]LogShaderCompilers: Display: Worker (11/19): shaders left to compile 1936
[2025.02.17-00.39.23:398][  0]LogShaderCompilers: Display: Started 10 'Local' shader compile jobs with 'High' priority
[2025.02.17-00.39.25:558][  0]LogShaderCompilers: Display: Worker (15/19): shaders left to compile 1926
[2025.02.17-00.39.25:558][  0]LogShaderCompilers: Display: Started 10 'Local' shader compile jobs with 'High' priority
[2025.02.17-00.39.26:098][  0]LogShaderCompilers: Display: Worker (6/19): shaders left to compile 1916
[2025.02.17-00.39.26:098][  0]LogShaderCompilers: Display: Started 10 'Local' shader compile jobs with 'High' priority
[2025.02.17-00.39.27:185][  0]LogShaderCompilers: Display: Worker (16/19): shaders left to compile 1906
[2025.02.17-00.39.27:185][  0]LogShaderCompilers: Display: Started 10 'Local' shader compile jobs with 'High' priority
[2025.02.17-00.39.27:185][  0]LogShaderCompilers: Display: Worker (3/19): shaders left to compile 1896
[2025.02.17-00.39.27:185][  0]LogShaderCompilers: Display: Started 10 'Local' shader compile jobs with 'High' priority
[2025.02.17-00.39.27:726][  0]LogShaderCompilers: Display: Worker (11/19): shaders left to compile 1886
[2025.02.17-00.39.27:726][  0]LogShaderCompilers: Display: Started 10 'Local' shader compile jobs with 'High' priority
[2025.02.17-00.39.27:726][  0]LogShaderCompilers: Display: Worker (2/19): shaders left to compile 1876
[2025.02.17-00.39.27:726][  0]LogShaderCompilers: Display: Started 10 'Local' shader compile jobs with 'High' priority
[2025.02.17-00.39.27:726][  0]LogShaderCompilers: Display: Worker (14/19): shaders left to compile 1866
[2025.02.17-00.39.27:726][  0]LogShaderCompilers: Display: Started 10 'Local' shader compile jobs with 'High' priority
[2025.02.17-00.39.28:267][  0]LogShaderCompilers: Display: Worker (18/19): shaders left to compile 1856
[2025.02.17-00.39.28:267][  0]LogShaderCompilers: Display: Started 10 'Local' shader compile jobs with 'High' priority
[2025.02.17-00.39.28:267][  0]LogShaderCompilers: Display: Worker (6/19): shaders left to compile 1846
[2025.02.17-00.39.28:267][  0]LogShaderCompilers: Display: Started 10 'Local' shader compile jobs with 'High' priority
[2025.02.17-00.39.28:813][  0]LogShaderCompilers: Display: Worker (17/19): shaders left to compile 1836
[2025.02.17-00.39.28:813][  0]LogShaderCompilers: Display: Started 10 'Local' shader compile jobs with 'High' priority
[2025.02.17-00.39.29:254][  0]LogShaderCompilers: Display: Worker (5/19): shaders left to compile 1826
[2025.02.17-00.39.29:254][  0]LogShaderCompilers: Display: Started 10 'Local' shader compile jobs with 'High' priority
[2025.02.17-00.39.29:254][  0]LogShaderCompilers: Display: Worker (12/19): shaders left to compile 1816
[2025.02.17-00.39.29:254][  0]LogShaderCompilers: Display: Started 10 'Local' shader compile jobs with 'High' priority
[2025.02.17-00.39.29:254][  0]LogShaderCompilers: Display: Worker (15/19): shaders left to compile 1806
[2025.02.17-00.39.29:254][  0]LogShaderCompilers: Display: Started 10 'Local' shader compile jobs with 'High' priority
[2025.02.17-00.39.29:254][  0]LogMaterial: Display: Missing cached shadermap for MatineeCam_mat in PCD3D_SM5, Default, SM5 (DDC key hash: 906330A16A0920F3CEEE72E9E4FC85DC618E81E7), compiling. 
[2025.02.17-00.39.29:272][  0]LogShaderCompilers: Display: Submitted 22 shader compile jobs with 'Low' priority
[2025.02.17-00.39.29:360][  0]LogShaderCompilers: Display: Worker (18/19): shaders left to compile 1796
[2025.02.17-00.39.29:360][  0]LogShaderCompilers: Display: Started 10 'Local' shader compile jobs with 'High' priority
[2025.02.17-00.39.29:360][  0]LogMeshReduction: Using QuadricMeshReduction for automatic static mesh reduction
[2025.02.17-00.39.29:360][  0]LogMeshReduction: Using SimplygonMeshReduction for automatic skeletal mesh reduction
[2025.02.17-00.39.29:360][  0]LogMeshReduction: Using ProxyLODMeshReduction for automatic mesh merging
[2025.02.17-00.39.29:360][  0]LogMeshReduction: No distributed automatic mesh merging module available
[2025.02.17-00.39.29:360][  0]LogMeshMerging: No distributed automatic mesh merging module available
[2025.02.17-00.39.30:400][  0]LogShaderCompilers: Display: Worker (6/19): shaders left to compile 1786
[2025.02.17-00.39.30:400][  0]LogShaderCompilers: Display: Started 10 'Local' shader compile jobs with 'High' priority
[2025.02.17-00.39.30:401][  0]LogNetVersion: Cpp_Project 1.0.0, NetCL: 17155196, EngineNetVer: 17, GameNetVer: 0 (Checksum: 299408417)
[2025.02.17-00.39.30:442][  0]LogMaterial: Display: Missing cached shadermap for HelpActorMaterial in PCD3D_SM5, Default, SM5 (DDC key hash: 6936827EDBF8EE7FD97228406EE73F39152E50C6), compiling. 
[2025.02.17-00.39.30:499][  0]LogShaderCompilers: Display: Submitted 82 shader compile jobs with 'Low' priority
[2025.02.17-00.39.30:566][  0]LogShaderCompilers: Display: Worker (12/19): shaders left to compile 1776
[2025.02.17-00.39.30:566][  0]LogShaderCompilers: Display: Worker (17/19): shaders left to compile 1766
[2025.02.17-00.39.30:566][  0]LogShaderCompilers: Display: Started 20 'Local' shader compile jobs with 'High' priority
[2025.02.17-00.39.30:566][  0]LogMaterial: Display: Missing cached shadermap for M_ChromeBall in PCD3D_SM5, Default, SM5 (DDC key hash: 29D60DA1D77C90920C3087DE25A0618A8C7D694F), compiling. 
[2025.02.17-00.39.30:627][  0]LogShaderCompilers: Display: Worker (5/19): shaders left to compile 1756
[2025.02.17-00.39.30:627][  0]LogShaderCompilers: Display: Started 10 'Local' shader compile jobs with 'High' priority
[2025.02.17-00.39.30:627][  0]LogShaderCompilers: Display: Submitted 75 shader compile jobs with 'Low' priority
[2025.02.17-00.39.30:652][  0]LogMaterial: Display: Missing cached shadermap for DefaultTextMaterialOpaque in PCD3D_SM5, Default, SM5 (DDC key hash: BA14795A477D55A2868705BEC3F7181C887E7EB0), compiling. 
[2025.02.17-00.39.30:684][  0]LogShaderCompilers: Display: Submitted 44 shader compile jobs with 'Low' priority
[2025.02.17-00.39.30:709][  0]LogMaterial: Display: Missing cached shadermap for m_SimpleVolumetricCloud in PCD3D_SM5, Default, SM5 (DDC key hash: A774B03AA8FCB46B4CFBF573CADF73DEBFE62E5C), compiling. 
[2025.02.17-00.39.30:806][  0]LogShaderCompilers: Display: Submitted 64 shader compile jobs with 'Low' priority
[2025.02.17-00.39.30:829][  0]LogMaterial: Display: Missing cached shadermap for BaseFlattenMaterial in PCD3D_SM5, Default, SM5 (DDC key hash: 820834E25FA1C7F9F0AE1DF4B659B53919A2A405), compiling. 
[2025.02.17-00.39.30:881][  0]LogShaderCompilers: Display: Worker (10/19): shaders left to compile 1746
[2025.02.17-00.39.30:882][  0]LogShaderCompilers: Display: Started 10 'Local' shader compile jobs with 'High' priority
[2025.02.17-00.39.30:882][  0]LogShaderCompilers: Display: Submitted 70 shader compile jobs with 'Low' priority
[2025.02.17-00.39.31:164][  0]LogShaderCompilers: Display: Worker (9/19): shaders left to compile 1736
[2025.02.17-00.39.31:164][  0]LogShaderCompilers: Display: Started 10 'Local' shader compile jobs with 'High' priority
[2025.02.17-00.39.31:164][  0]LogShaderCompilers: Display: Worker (6/19): shaders left to compile 1726
[2025.02.17-00.39.31:164][  0]LogShaderCompilers: Display: Started 10 'Local' shader compile jobs with 'High' priority
[2025.02.17-00.39.31:164][  0]LogMaterial: Display: Missing cached shadermap for Xray in PCD3D_SM5, Default, SM5 (DDC key hash: 83805F857AC84CAA42F07D03849003B125D99630), compiling. 
[2025.02.17-00.39.31:182][  0]LogShaderCompilers: Display: Submitted 22 shader compile jobs with 'Low' priority
[2025.02.17-00.39.31:184][  0]LogMaterial: Display: Missing cached shadermap for Main in PCD3D_SM5, Default, SM5 (DDC key hash: FB38E0C503F6D914F1D9B68D6C8997B2461D0C84), compiling. 
[2025.02.17-00.39.31:197][  0]LogShaderCompilers: Display: Submitted 16 shader compile jobs with 'Low' priority
[2025.02.17-00.39.31:204][  0]LogMaterial: Display: Missing cached shadermap for Widget3DPassThrough in PCD3D_SM5, Default, SM5 (DDC key hash: 314ED691D10413E6724BCA1F6D448A778FE08503), compiling. 
[2025.02.17-00.39.31:216][  0]LogShaderCompilers: Display: Submitted 16 shader compile jobs with 'Low' priority
[2025.02.17-00.39.31:217][  0]LogMaterial: Display: Missing cached shadermap for Widget3DPassThrough_Translucent in PCD3D_SM5, Default, SM5 (DDC key hash: 3F53DD42D82DDC668DF0F024E1DFABF304D9E5AE), compiling. 
[2025.02.17-00.39.31:231][  0]LogShaderCompilers: Display: Worker (18/19): shaders left to compile 1716
[2025.02.17-00.39.31:231][  0]LogShaderCompilers: Display: Started 10 'Local' shader compile jobs with 'High' priority
[2025.02.17-00.39.31:231][  0]LogShaderCompilers: Display: Submitted 18 shader compile jobs with 'Low' priority
[2025.02.17-00.39.31:234][  0]LogMaterial: Display: Missing cached shadermap for Widget3DPassThrough_Opaque in PCD3D_SM5, Default, SM5 (DDC key hash: 508C76F67619BB16513E5E2B6D66295C76E3DECF), compiling. 
[2025.02.17-00.39.31:247][  0]LogShaderCompilers: Display: Submitted 15 shader compile jobs with 'Low' priority
[2025.02.17-00.39.31:249][  0]LogMaterial: Display: Missing cached shadermap for Widget3DPassThrough_Opaque_OneSided in PCD3D_SM5, Default, SM5 (DDC key hash: 05EE8EC5E4C700913E7734550CDCC8BE6C2CCC47), compiling. 
[2025.02.17-00.39.31:258][  0]LogShaderCompilers: Display: Submitted 10 shader compile jobs with 'Low' priority
[2025.02.17-00.39.31:261][  0]LogMaterial: Display: Missing cached shadermap for Widget3DPassThrough_Masked in PCD3D_SM5, Default, SM5 (DDC key hash: B504B90D2FCB5C46E7AFB9B2274C4F6F9321EC24), compiling. 
[2025.02.17-00.39.31:283][  0]LogShaderCompilers: Display: Submitted 30 shader compile jobs with 'Low' priority
[2025.02.17-00.39.31:286][  0]LogMaterial: Display: Missing cached shadermap for Widget3DPassThrough_Masked_OneSided in PCD3D_SM5, Default, SM5 (DDC key hash: 0749672640E26501629D6485CE30AD2BDDA06DC4), compiling. 
[2025.02.17-00.39.31:308][  0]LogShaderCompilers: Display: Worker (15/19): shaders left to compile 1706
[2025.02.17-00.39.31:308][  0]LogShaderCompilers: Display: Started 10 'Local' shader compile jobs with 'High' priority
[2025.02.17-00.39.31:308][  0]LogShaderCompilers: Display: Submitted 30 shader compile jobs with 'Low' priority
[2025.02.17-00.39.31:315][  0]LogMaterial: Display: Missing cached shadermap for Widget3DCameraPassThrough_Opaque_OneSided in PCD3D_SM5, Default, SM5 (DDC key hash: 3895E9EB5D1A2D3A9EE818098353F6925C9FC984), compiling. 
[2025.02.17-00.39.31:324][  0]LogShaderCompilers: Display: Submitted 10 shader compile jobs with 'Low' priority
[2025.02.17-00.39.31:332][  0]LogMaterial: Display: Missing cached shadermap for TranslucentTransformGizmoMaterial in PCD3D_SM5, Default, SM5 (DDC key hash: 13A1EF2ED84950E7B995A7CD751ECA82592173B0), compiling. 
[2025.02.17-00.39.31:344][  0]LogShaderCompilers: Display: Submitted 16 shader compile jobs with 'Low' priority
[2025.02.17-00.39.31:346][  0]LogMaterial: Display: Missing cached shadermap for TransformGizmoMaterial in PCD3D_SM5, Default, SM5 (DDC key hash: 33B35AD4281F75B0B4D9F796B53C5DA7A1D93827), compiling. 
[2025.02.17-00.39.31:355][  0]LogShaderCompilers: Display: Submitted 10 shader compile jobs with 'Low' priority
[2025.02.17-00.39.31:368][  0]LogMaterial: Display: Missing cached shadermap for CineMat in PCD3D_SM5, Default, SM5 (DDC key hash: 26B8EC45948F14A8F6D481D7F77B777A914F08E0), compiling. 
[2025.02.17-00.39.31:398][  0]LogShaderCompilers: Display: Submitted 38 shader compile jobs with 'Low' priority
[2025.02.17-00.39.31:415][  0]LogMaterial: Display: Missing cached shadermap for M_SimpleOpaque in PCD3D_SM5, Default, SM5 (DDC key hash: EE9C2BD5848718EDA1EF4D9502329AB3DF0BAADA), compiling. 
[2025.02.17-00.39.31:434][  0]LogShaderCompilers: Display: Submitted 22 shader compile jobs with 'Low' priority
[2025.02.17-00.39.31:446][  0]LogMaterial: Display: Missing cached shadermap for M_SimpleUnlitTranslucent in PCD3D_SM5, Default, SM5 (DDC key hash: 5C7EAF5654A1AE96329A467636241ABCBD8FF7BC), compiling. 
[2025.02.17-00.39.31:457][  0]LogShaderCompilers: Display: Submitted 16 shader compile jobs with 'Low' priority
[2025.02.17-00.39.31:557][  0]LogMaterial: Display: Missing cached shadermap for SkySphereMaterial in PCD3D_SM5, Default, SM5 (DDC key hash: FB3E78004D8F0FC1B5846C12983A4BF44F1B8760), compiling. 
[2025.02.17-00.39.31:566][  0]LogShaderCompilers: Display: Submitted 10 shader compile jobs with 'Low' priority
[2025.02.17-00.39.31:577][  0]LogMaterial: Display: Missing cached shadermap for FloorPlaneMaterial in PCD3D_SM5, Default, SM5 (DDC key hash: F494B415C1EE88E5281BA8A2B1C85D4E02E24A97), compiling. 
[2025.02.17-00.39.31:605][  0]LogShaderCompilers: Display: Submitted 37 shader compile jobs with 'Low' priority
[2025.02.17-00.39.31:606][  0]LogTexture: Default maximum texture size for cubemaps generated from long-lat sources has been changed from 512 to unlimited. In order to preserve old behaiour for '/Engine/MapTemplates/Sky/DaylightAmbientCubemap.DaylightAmbientCubemap', its maximum texture size has been explicitly set to 512.
[2025.02.17-00.39.31:683][  0]LogMaterial: Display: Missing cached shadermap for LandscapeGizmo_Mat in PCD3D_SM5, Default, SM5 (DDC key hash: FC710020A17393B0D833C6618B23A9A2596231C2), compiling. 
[2025.02.17-00.39.31:705][  0]LogShaderCompilers: Display: Submitted 30 shader compile jobs with 'Low' priority
[2025.02.17-00.39.31:713][  0]LogMaterial: Display: Missing cached shadermap for LandscapeGizmoHeight_Mat in PCD3D_SM5, Default, SM5 (DDC key hash: B54416BE95FF27A55B3629FE44CD112008FC85EE), compiling. 
[2025.02.17-00.39.31:763][  0]LogShaderCompilers: Display: Submitted 67 shader compile jobs with 'Low' priority
[2025.02.17-00.39.31:769][  0]LogMaterial: Display: Missing cached shadermap for SplineEditorMeshMat in PCD3D_SM5, Default, SM5 (DDC key hash: 581C01938EE3B38210204ADFE416EFCD87E4393F), compiling. 
[2025.02.17-00.39.31:791][  0]LogShaderCompilers: Display: Submitted 26 shader compile jobs with 'Low' priority
[2025.02.17-00.39.31:804][  0]LogMaterial: Display: Missing cached shadermap for PokeAHoleMaterial in PCD3D_SM5, Default, SM5 (DDC key hash: 84AA3FFAB8BF0A41D3FBB937276BF107F0A6D360), compiling. 
[2025.02.17-00.39.31:818][  0]LogShaderCompilers: Display: Submitted 16 shader compile jobs with 'Low' priority
[2025.02.17-00.39.31:818][  0]LogHMD: PokeAHoleMaterial loaded successfully
[2025.02.17-00.39.31:827][  0]LogUObjectArray: 17178 objects as part of root set at end of initial load.
[2025.02.17-00.39.31:828][  0]LogUObjectAllocator: 4302048 out of 0 bytes used by permanent object pool.
[2025.02.17-00.39.31:828][  0]LogUObjectArray: CloseDisregardForGC: 0/0 objects in disregard for GC pool
[2025.02.17-00.39.32:686][  0]LogShaderCompilers: Display: Worker (14/19): shaders left to compile 1696
[2025.02.17-00.39.32:686][  0]LogShaderCompilers: Display: Started 10 'Local' shader compile jobs with 'High' priority
[2025.02.17-00.39.32:686][  0]LogShaderCompilers: Display: Worker (9/19): shaders left to compile 1686
[2025.02.17-00.39.32:686][  0]LogShaderCompilers: Display: Started 10 'Local' shader compile jobs with 'High' priority
[2025.02.17-00.39.32:686][  0]LogShaderCompilers: Display: Worker (5/19): shaders left to compile 1676
[2025.02.17-00.39.32:686][  0]LogShaderCompilers: Display: Started 10 'Local' shader compile jobs with 'High' priority
[2025.02.17-00.39.33:228][  0]LogShaderCompilers: Display: Worker (12/19): shaders left to compile 1666
[2025.02.17-00.39.33:228][  0]LogShaderCompilers: Display: Started 10 'Local' shader compile jobs with 'High' priority
[2025.02.17-00.39.33:228][  0]LogShaderCompilers: Display: Worker (10/19): shaders left to compile 1656
[2025.02.17-00.39.33:228][  0]LogShaderCompilers: Display: Started 10 'Local' shader compile jobs with 'High' priority
[2025.02.17-00.39.33:228][  0]LogShaderCompilers: Display: Worker (17/19): shaders left to compile 1646
[2025.02.17-00.39.33:228][  0]LogShaderCompilers: Display: Started 10 'Local' shader compile jobs with 'High' priority
[2025.02.17-00.39.33:228][  0]LogShaderCompilers: Display: Worker (18/19): shaders left to compile 1636
[2025.02.17-00.39.33:228][  0]LogShaderCompilers: Display: Started 10 'Local' shader compile jobs with 'High' priority
[2025.02.17-00.39.33:228][  0]LogShaderCompilers: Display: Worker (6/19): shaders left to compile 1626
[2025.02.17-00.39.33:228][  0]LogShaderCompilers: Display: Started 10 'Local' shader compile jobs with 'High' priority
[2025.02.17-00.39.33:228][  0]LogShaderCompilers: Display: Worker (1/19): shaders left to compile 1616
[2025.02.17-00.39.33:228][  0]LogShaderCompilers: Display: Started 10 'Local' shader compile jobs with 'High' priority
[2025.02.17-00.39.33:768][  0]LogShaderCompilers: Display: Worker (15/19): shaders left to compile 1606
[2025.02.17-00.39.33:768][  0]LogShaderCompilers: Display: Started 10 'Local' shader compile jobs with 'High' priority
[2025.02.17-00.39.34:850][  0]LogShaderCompilers: Display: Worker (14/19): shaders left to compile 1596
[2025.02.17-00.39.34:850][  0]LogShaderCompilers: Display: Started 10 'Local' shader compile jobs with 'High' priority
[2025.02.17-00.39.34:850][  0]LogShaderCompilers: Display: Worker (6/19): shaders left to compile 1586
[2025.02.17-00.39.34:850][  0]LogShaderCompilers: Display: Started 10 'Local' shader compile jobs with 'High' priority
[2025.02.17-00.39.35:394][  0]LogShaderCompilers: Display: Worker (19/19): shaders left to compile 1576
[2025.02.17-00.39.35:394][  0]LogShaderCompilers: Display: Started 10 'Local' shader compile jobs with 'High' priority
[2025.02.17-00.39.35:394][  0]LogShaderCompilers: Display: Worker (17/19): shaders left to compile 1566
[2025.02.17-00.39.35:394][  0]LogShaderCompilers: Display: Started 10 'Local' shader compile jobs with 'High' priority
[2025.02.17-00.39.35:394][  0]LogShaderCompilers: Display: Worker (9/19): shaders left to compile 1556
[2025.02.17-00.39.35:394][  0]LogShaderCompilers: Display: Worker (12/19): shaders left to compile 1546
[2025.02.17-00.39.35:394][  0]LogShaderCompilers: Display: Started 20 'Local' shader compile jobs with 'High' priority
[2025.02.17-00.39.35:394][  0]LogShaderCompilers: Display: Worker (3/19): shaders left to compile 1536
[2025.02.17-00.39.35:394][  0]LogShaderCompilers: Display: Started 10 'Local' shader compile jobs with 'High' priority
[2025.02.17-00.39.35:394][  0]LogShaderCompilers: Display: Worker (10/19): shaders left to compile 1526
[2025.02.17-00.39.35:394][  0]LogShaderCompilers: Display: Started 10 'Local' shader compile jobs with 'High' priority
[2025.02.17-00.39.35:394][  0]LogShaderCompilers: Display: Worker (18/19): shaders left to compile 1516
[2025.02.17-00.39.35:394][  0]LogShaderCompilers: Display: Started 10 'Local' shader compile jobs with 'High' priority
[2025.02.17-00.39.35:934][  0]LogShaderCompilers: Display: Worker (5/19): shaders left to compile 1506
[2025.02.17-00.39.35:934][  0]LogShaderCompilers: Display: Started 10 'Local' shader compile jobs with 'High' priority
[2025.02.17-00.39.35:934][  0]LogShaderCompilers: Display: Worker (15/19): shaders left to compile 1496
[2025.02.17-00.39.35:934][  0]LogShaderCompilers: Display: Started 10 'Local' shader compile jobs with 'High' priority
[2025.02.17-00.39.36:474][  0]LogShaderCompilers: Display: Worker (1/19): shaders left to compile 1486
[2025.02.17-00.39.36:474][  0]LogShaderCompilers: Display: Started 10 'Local' shader compile jobs with 'High' priority
[2025.02.17-00.39.36:474][  0]LogShaderCompilers: Display: Worker (6/19): shaders left to compile 1476
[2025.02.17-00.39.36:474][  0]LogShaderCompilers: Display: Started 10 'Local' shader compile jobs with 'High' priority
[2025.02.17-00.39.37:016][  0]LogShaderCompilers: Display: Worker (14/19): shaders left to compile 1466
[2025.02.17-00.39.37:016][  0]LogShaderCompilers: Display: Started 10 'Local' shader compile jobs with 'High' priority
[2025.02.17-00.39.37:557][  0]LogShaderCompilers: Display: Worker (10/19): shaders left to compile 1456
[2025.02.17-00.39.37:557][  0]LogShaderCompilers: Display: Started 10 'Local' shader compile jobs with 'High' priority
[2025.02.17-00.39.37:557][  0]LogShaderCompilers: Display: Worker (12/19): shaders left to compile 1446
[2025.02.17-00.39.37:557][  0]LogShaderCompilers: Display: Started 10 'Local' shader compile jobs with 'High' priority
[2025.02.17-00.39.37:557][  0]LogShaderCompilers: Display: Worker (18/19): shaders left to compile 1436
[2025.02.17-00.39.37:557][  0]LogShaderCompilers: Display: Started 10 'Local' shader compile jobs with 'High' priority
[2025.02.17-00.39.37:557][  0]LogShaderCompilers: Display: Worker (3/19): shaders left to compile 1426
[2025.02.17-00.39.37:557][  0]LogShaderCompilers: Display: Started 10 'Local' shader compile jobs with 'High' priority
[2025.02.17-00.39.37:557][  0]LogShaderCompilers: Display: Worker (19/19): shaders left to compile 1416
[2025.02.17-00.39.37:557][  0]LogShaderCompilers: Display: Started 10 'Local' shader compile jobs with 'High' priority
[2025.02.17-00.39.37:557][  0]LogShaderCompilers: Display: Worker (9/19): shaders left to compile 1406
[2025.02.17-00.39.37:557][  0]LogShaderCompilers: Display: Started 10 'Local' shader compile jobs with 'High' priority
[2025.02.17-00.39.38:099][  0]LogShaderCompilers: Display: Worker (14/19): shaders left to compile 1396
[2025.02.17-00.39.38:099][  0]LogShaderCompilers: Display: Started 10 'Local' shader compile jobs with 'High' priority
[2025.02.17-00.39.38:099][  0]LogShaderCompilers: Display: Worker (17/19): shaders left to compile 1386
[2025.02.17-00.39.38:099][  0]LogShaderCompilers: Display: Started 10 'Local' shader compile jobs with 'High' priority
[2025.02.17-00.39.38:099][  0]LogShaderCompilers: Display: Worker (12/19): shaders left to compile 1376
[2025.02.17-00.39.38:099][  0]LogShaderCompilers: Display: Started 10 'Local' shader compile jobs with 'High' priority
[2025.02.17-00.39.38:099][  0]LogShaderCompilers: Display: Worker (10/19): shaders left to compile 1366
[2025.02.17-00.39.38:099][  0]LogShaderCompilers: Display: Started 10 'Local' shader compile jobs with 'High' priority
[2025.02.17-00.39.38:099][  0]LogShaderCompilers: Display: Worker (1/19): shaders left to compile 1356
[2025.02.17-00.39.38:099][  0]LogShaderCompilers: Display: Started 10 'Local' shader compile jobs with 'High' priority
[2025.02.17-00.39.38:099][  0]LogShaderCompilers: Display: Worker (2/19): shaders left to compile 1346
[2025.02.17-00.39.38:099][  0]LogShaderCompilers: Display: Started 10 'Local' shader compile jobs with 'High' priority
[2025.02.17-00.39.38:641][  0]LogShaderCompilers: Display: Worker (15/19): shaders left to compile 1336
[2025.02.17-00.39.38:641][  0]LogShaderCompilers: Display: Started 10 'Local' shader compile jobs with 'High' priority
[2025.02.17-00.39.38:641][  0]LogShaderCompilers: Display: Worker (5/19): shaders left to compile 1326
[2025.02.17-00.39.38:641][  0]LogShaderCompilers: Display: Started 10 'Local' shader compile jobs with 'High' priority
[2025.02.17-00.39.39:181][  0]LogShaderCompilers: Display: Worker (12/19): shaders left to compile 1316
[2025.02.17-00.39.39:181][  0]LogShaderCompilers: Display: Started 10 'Local' shader compile jobs with 'High' priority
[2025.02.17-00.39.39:181][  0]LogShaderCompilers: Display: Worker (18/19): shaders left to compile 1306
[2025.02.17-00.39.39:181][  0]LogShaderCompilers: Display: Started 10 'Local' shader compile jobs with 'High' priority
[2025.02.17-00.39.39:181][  0]LogShaderCompilers: Display: Worker (16/19): shaders left to compile 1296
[2025.02.17-00.39.39:181][  0]LogShaderCompilers: Display: Started 10 'Local' shader compile jobs with 'High' priority
[2025.02.17-00.39.39:181][  0]LogShaderCompilers: Display: Worker (10/19): shaders left to compile 1286
[2025.02.17-00.39.39:181][  0]LogShaderCompilers: Display: Started 10 'Local' shader compile jobs with 'High' priority
[2025.02.17-00.39.39:181][  0]LogShaderCompilers: Display: Worker (19/19): shaders left to compile 1276
[2025.02.17-00.39.39:181][  0]LogShaderCompilers: Display: Started 10 'Local' shader compile jobs with 'High' priority
[2025.02.17-00.39.39:181][  0]LogShaderCompilers: Display: Worker (2/19): shaders left to compile 1266
[2025.02.17-00.39.39:181][  0]LogShaderCompilers: Display: Started 10 'Local' shader compile jobs with 'High' priority
[2025.02.17-00.39.39:181][  0]LogShaderCompilers: Display: Worker (3/19): shaders left to compile 1256
[2025.02.17-00.39.39:181][  0]LogShaderCompilers: Display: Worker (14/19): shaders left to compile 1246
[2025.02.17-00.39.39:181][  0]LogShaderCompilers: Display: Started 20 'Local' shader compile jobs with 'High' priority
[2025.02.17-00.39.39:720][  0]LogShaderCompilers: Display: Worker (9/19): shaders left to compile 1236
[2025.02.17-00.39.39:720][  0]LogShaderCompilers: Display: Worker (17/19): shaders left to compile 1226
[2025.02.17-00.39.39:720][  0]LogShaderCompilers: Display: Started 20 'Local' shader compile jobs with 'High' priority
[2025.02.17-00.39.39:720][  0]LogShaderCompilers: Display: Worker (1/19): shaders left to compile 1216
[2025.02.17-00.39.39:720][  0]LogShaderCompilers: Display: Started 10 'Local' shader compile jobs with 'High' priority
[2025.02.17-00.39.39:720][  0]LogShaderCompilers: Display: Worker (12/19): shaders left to compile 1206
[2025.02.17-00.39.39:720][  0]LogShaderCompilers: Display: Started 10 'Local' shader compile jobs with 'High' priority
[2025.02.17-00.39.40:259][  0]LogShaderCompilers: Display: Worker (5/19): shaders left to compile 1196
[2025.02.17-00.39.40:259][  0]LogShaderCompilers: Display: Started 10 'Local' shader compile jobs with 'High' priority
[2025.02.17-00.39.40:802][  0]LogShaderCompilers: Display: Worker (14/19): shaders left to compile 1186
[2025.02.17-00.39.40:802][  0]LogShaderCompilers: Display: Started 10 'Local' shader compile jobs with 'High' priority
[2025.02.17-00.39.40:802][  0]LogShaderCompilers: Display: Worker (1/19): shaders left to compile 1176
[2025.02.17-00.39.40:802][  0]LogShaderCompilers: Display: Started 10 'Local' shader compile jobs with 'High' priority
[2025.02.17-00.39.40:802][  0]LogShaderCompilers: Display: Worker (10/19): shaders left to compile 1166
[2025.02.17-00.39.40:802][  0]LogShaderCompilers: Display: Started 10 'Local' shader compile jobs with 'High' priority
[2025.02.17-00.39.40:802][  0]LogShaderCompilers: Display: Worker (15/19): shaders left to compile 1156
[2025.02.17-00.39.40:802][  0]LogShaderCompilers: Display: Started 10 'Local' shader compile jobs with 'High' priority
[2025.02.17-00.39.40:802][  0]LogShaderCompilers: Display: Worker (16/19): shaders left to compile 1146
[2025.02.17-00.39.40:802][  0]LogShaderCompilers: Display: Started 10 'Local' shader compile jobs with 'High' priority
[2025.02.17-00.39.41:343][  0]LogShaderCompilers: Display: Worker (11/19): shaders left to compile 1136
[2025.02.17-00.39.41:343][  0]LogShaderCompilers: Display: Started 10 'Local' shader compile jobs with 'High' priority
[2025.02.17-00.39.41:343][  0]LogShaderCompilers: Display: Worker (18/19): shaders left to compile 1126
[2025.02.17-00.39.41:343][  0]LogShaderCompilers: Display: Started 10 'Local' shader compile jobs with 'High' priority
[2025.02.17-00.39.41:343][  0]LogShaderCompilers: Display: Worker (9/19): shaders left to compile 1116
[2025.02.17-00.39.41:343][  0]LogShaderCompilers: Display: Started 10 'Local' shader compile jobs with 'High' priority
[2025.02.17-00.39.41:343][  0]LogShaderCompilers: Display: Worker (2/19): shaders left to compile 1106
[2025.02.17-00.39.41:343][  0]LogShaderCompilers: Display: Started 10 'Local' shader compile jobs with 'High' priority
[2025.02.17-00.39.41:343][  0]LogShaderCompilers: Display: Worker (19/19): shaders left to compile 1096
[2025.02.17-00.39.41:343][  0]LogShaderCompilers: Display: Started 10 'Local' shader compile jobs with 'High' priority
[2025.02.17-00.39.41:343][  0]LogShaderCompilers: Display: Worker (12/19): shaders left to compile 1086
[2025.02.17-00.39.41:343][  0]LogShaderCompilers: Display: Started 10 'Local' shader compile jobs with 'High' priority
[2025.02.17-00.39.41:343][  0]LogShaderCompilers: Display: Worker (17/19): shaders left to compile 1076
[2025.02.17-00.39.41:343][  0]LogShaderCompilers: Display: Started 10 'Local' shader compile jobs with 'High' priority
[2025.02.17-00.39.41:884][  0]LogShaderCompilers: Display: Worker (3/19): shaders left to compile 1066
[2025.02.17-00.39.41:884][  0]LogShaderCompilers: Display: Started 10 'Local' shader compile jobs with 'High' priority
[2025.02.17-00.39.41:884][  0]LogShaderCompilers: Display: Worker (14/19): shaders left to compile 1056
[2025.02.17-00.39.41:884][  0]LogShaderCompilers: Display: Started 10 'Local' shader compile jobs with 'High' priority
[2025.02.17-00.39.41:884][  0]LogShaderCompilers: Display: Worker (5/19): shaders left to compile 1046
[2025.02.17-00.39.41:884][  0]LogShaderCompilers: Display: Started 10 'Local' shader compile jobs with 'High' priority
[2025.02.17-00.39.43:509][  0]LogShaderCompilers: Display: Worker (1/19): shaders left to compile 1036
[2025.02.17-00.39.43:509][  0]LogShaderCompilers: Display: Started 10 'Local' shader compile jobs with 'High' priority
[2025.02.17-00.39.43:509][  0]LogShaderCompilers: Display: Worker (18/19): shaders left to compile 1026
[2025.02.17-00.39.43:509][  0]LogShaderCompilers: Display: Started 10 'Local' shader compile jobs with 'High' priority
[2025.02.17-00.39.44:591][  0]LogShaderCompilers: Display: Worker (16/19): shaders left to compile 1016
[2025.02.17-00.39.44:591][  0]LogShaderCompilers: Display: Started 10 'Local' shader compile jobs with 'High' priority
[2025.02.17-00.39.45:132][  0]LogShaderCompilers: Display: Worker (11/19): shaders left to compile 1006
[2025.02.17-00.39.45:132][  0]LogShaderCompilers: Display: Started 10 'Local' shader compile jobs with 'High' priority
[2025.02.17-00.39.45:132][  0]LogShaderCompilers: Display: Worker (15/19): shaders left to compile 996
[2025.02.17-00.39.45:132][  0]LogShaderCompilers: Display: Started 10 'Local' shader compile jobs with 'High' priority
[2025.02.17-00.39.45:132][  0]LogShaderCompilers: Display: Worker (10/19): shaders left to compile 986
[2025.02.17-00.39.45:132][  0]LogShaderCompilers: Display: Started 10 'Local' shader compile jobs with 'High' priority
[2025.02.17-00.39.55:412][  0]LogShaderCompilers: Display: Worker (6/19): shaders left to compile 976
[2025.02.17-00.39.55:412][  0]LogShaderCompilers: Display: Started 10 'Local' shader compile jobs with 'High' priority
[2025.02.17-00.39.55:952][  0]LogShaderCompilers: Display: Worker (12/19): shaders left to compile 966
[2025.02.17-00.39.55:952][  0]LogShaderCompilers: Display: Started 10 'Local' shader compile jobs with 'High' priority
[2025.02.17-00.39.59:741][  0]LogShaderCompilers: Display: Worker (9/19): shaders left to compile 956
[2025.02.17-00.39.59:741][  0]LogShaderCompilers: Display: Started 10 'Local' shader compile jobs with 'High' priority
[2025.02.17-00.40.04:068][  0]LogShaderCompilers: Display: Worker (19/19): shaders left to compile 946
[2025.02.17-00.40.04:068][  0]LogShaderCompilers: Display: Started 10 'Local' shader compile jobs with 'High' priority
[2025.02.17-00.40.06:771][  0]LogShaderCompilers: Display: Worker (12/19): shaders left to compile 936
[2025.02.17-00.40.06:771][  0]LogShaderCompilers: Display: Started 10 'Local' shader compile jobs with 'High' priority
[2025.02.17-00.40.12:714][  0]LogShaderCompilers: Display: Worker (9/19): shaders left to compile 926
[2025.02.17-00.40.12:714][  0]LogShaderCompilers: Display: Started 10 'Local' shader compile jobs with 'High' priority
[2025.02.17-00.40.13:797][  0]LogShaderCompilers: Display: Worker (19/19): shaders left to compile 916
[2025.02.17-00.40.13:797][  0]LogShaderCompilers: Display: Started 10 'Local' shader compile jobs with 'High' priority
[2025.02.17-00.40.14:338][  0]LogShaderCompilers: Display: Worker (12/19): shaders left to compile 906
[2025.02.17-00.40.14:338][  0]LogShaderCompilers: Display: Started 10 'Local' shader compile jobs with 'High' priority
[2025.02.17-00.40.14:877][  0]LogShaderCompilers: Display: Worker (2/19): shaders left to compile 896
[2025.02.17-00.40.14:877][  0]LogShaderCompilers: Display: Started 10 'Local' shader compile jobs with 'High' priority
[2025.02.17-00.40.21:361][  0]LogShaderCompilers: Display: Worker (9/19): shaders left to compile 886
[2025.02.17-00.40.21:361][  0]LogShaderCompilers: Display: Started 10 'Local' shader compile jobs with 'High' priority
[2025.02.17-00.40.22:442][  0]LogShaderCompilers: Display: Worker (2/19): shaders left to compile 876
[2025.02.17-00.40.22:442][  0]LogShaderCompilers: Display: Started 10 'Local' shader compile jobs with 'High' priority
[2025.02.17-00.40.24:062][  0]LogShaderCompilers: Display: Worker (19/19): shaders left to compile 866
[2025.02.17-00.40.24:062][  0]LogShaderCompilers: Display: Started 10 'Local' shader compile jobs with 'High' priority
[2025.02.17-00.40.24:602][  0]LogShaderCompilers: Display: Worker (12/19): shaders left to compile 856
[2025.02.17-00.40.24:602][  0]LogShaderCompilers: Display: Started 10 'Local' shader compile jobs with 'High' priority
[2025.02.17-00.40.29:476][  0]LogShaderCompilers: Display: Worker (9/19): shaders left to compile 846
[2025.02.17-00.40.29:476][  0]LogShaderCompilers: Display: Started 10 'Local' shader compile jobs with 'High' priority
[2025.02.17-00.40.31:100][  0]LogShaderCompilers: Display: Worker (2/19): shaders left to compile 836
[2025.02.17-00.40.31:100][  0]LogShaderCompilers: Display: Started 10 'Local' shader compile jobs with 'High' priority
[2025.02.17-00.40.34:341][  0]LogShaderCompilers: Display: Worker (16/19): shaders left to compile 826
[2025.02.17-00.40.34:341][  0]LogShaderCompilers: Display: Started 10 'Local' shader compile jobs with 'High' priority
[2025.02.17-00.40.34:341][  0]LogShaderCompilers: Display: Worker (12/19): shaders left to compile 816
[2025.02.17-00.40.34:341][  0]LogShaderCompilers: Display: Started 10 'Local' shader compile jobs with 'High' priority
[2025.02.17-00.40.34:341][  0]LogShaderCompilers: Display: Worker (4/19): shaders left to compile 806
[2025.02.17-00.40.34:341][  0]LogShaderCompilers: Display: Started 10 'Local' shader compile jobs with 'High' priority
[2025.02.17-00.40.34:882][  0]LogShaderCompilers: Display: Worker (19/19): shaders left to compile 796
[2025.02.17-00.40.34:882][  0]LogShaderCompilers: Display: Started 10 'Local' shader compile jobs with 'High' priority
[2025.02.17-00.40.37:042][  0]LogShaderCompilers: Display: Worker (9/19): shaders left to compile 786
[2025.02.17-00.40.37:042][  0]LogShaderCompilers: Display: Started 10 'Local' shader compile jobs with 'High' priority
[2025.02.17-00.40.38:124][  0]LogShaderCompilers: Display: Worker (2/19): shaders left to compile 776
[2025.02.17-00.40.38:124][  0]LogShaderCompilers: Display: Started 10 'Local' shader compile jobs with 'High' priority
[2025.02.17-00.40.39:207][  0]LogShaderCompilers: Display: Worker (14/19): shaders left to compile 766
[2025.02.17-00.40.39:207][  0]LogShaderCompilers: Display: Started 10 'Local' shader compile jobs with 'High' priority
[2025.02.17-00.40.40:291][  0]LogShaderCompilers: Display: Worker (11/19): shaders left to compile 756
[2025.02.17-00.40.40:291][  0]LogShaderCompilers: Display: Started 10 'Local' shader compile jobs with 'High' priority
[2025.02.17-00.40.41:911][  0]LogShaderCompilers: Display: Worker (19/19): shaders left to compile 746
[2025.02.17-00.40.41:911][  0]LogShaderCompilers: Display: Started 10 'Local' shader compile jobs with 'High' priority
[2025.02.17-00.40.41:911][  0]LogShaderCompilers: Display: Worker (11/19): shaders left to compile 736
[2025.02.17-00.40.41:911][  0]LogShaderCompilers: Display: Started 10 'Local' shader compile jobs with 'High' priority
[2025.02.17-00.40.42:451][  0]LogShaderCompilers: Display: Worker (16/19): shaders left to compile 726
[2025.02.17-00.40.42:451][  0]LogShaderCompilers: Display: Started 10 'Local' shader compile jobs with 'High' priority
[2025.02.17-00.40.42:992][  0]LogShaderCompilers: Display: Worker (11/19): shaders left to compile 716
[2025.02.17-00.40.42:992][  0]LogShaderCompilers: Display: Started 10 'Local' shader compile jobs with 'High' priority
[2025.02.17-00.40.43:534][  0]LogShaderCompilers: Display: Worker (12/19): shaders left to compile 706
[2025.02.17-00.40.43:534][  0]LogShaderCompilers: Display: Started 10 'Local' shader compile jobs with 'High' priority
[2025.02.17-00.40.43:534][  0]LogShaderCompilers: Display: Worker (16/19): shaders left to compile 696
[2025.02.17-00.40.43:534][  0]LogShaderCompilers: Display: Started 10 'Local' shader compile jobs with 'High' priority
[2025.02.17-00.40.44:616][  0]LogShaderCompilers: Display: Worker (19/19): shaders left to compile 686
[2025.02.17-00.40.44:616][  0]LogShaderCompilers: Display: Started 10 'Local' shader compile jobs with 'High' priority
[2025.02.17-00.40.44:616][  0]LogShaderCompilers: Display: Worker (4/19): shaders left to compile 676
[2025.02.17-00.40.44:616][  0]LogShaderCompilers: Display: Started 10 'Local' shader compile jobs with 'High' priority
[2025.02.17-00.40.45:157][  0]LogShaderCompilers: Display: Worker (9/19): shaders left to compile 666
[2025.02.17-00.40.45:157][  0]LogShaderCompilers: Display: Started 10 'Local' shader compile jobs with 'High' priority
[2025.02.17-00.40.45:157][  0]LogShaderCompilers: Display: Worker (11/19): shaders left to compile 656
[2025.02.17-00.40.45:157][  0]LogShaderCompilers: Display: Started 10 'Local' shader compile jobs with 'High' priority
[2025.02.17-00.40.45:699][  0]LogShaderCompilers: Display: Worker (8/19): shaders left to compile 646
[2025.02.17-00.40.45:699][  0]LogShaderCompilers: Display: Started 10 'Local' shader compile jobs with 'High' priority
[2025.02.17-00.40.46:780][  0]LogShaderCompilers: Display: Worker (8/19): shaders left to compile 636
[2025.02.17-00.40.46:780][  0]LogShaderCompilers: Display: Started 10 'Local' shader compile jobs with 'High' priority
[2025.02.17-00.40.47:858][  0]LogShaderCompilers: Display: Worker (11/19): shaders left to compile 626
[2025.02.17-00.40.47:858][  0]LogShaderCompilers: Display: Started 10 'Local' shader compile jobs with 'High' priority
[2025.02.17-00.40.48:399][  0]LogShaderCompilers: Display: Worker (8/19): shaders left to compile 616
[2025.02.17-00.40.48:399][  0]LogShaderCompilers: Display: Started 10 'Local' shader compile jobs with 'High' priority
[2025.02.17-00.40.48:399][  0]LogShaderCompilers: Display: Worker (9/19): shaders left to compile 606
[2025.02.17-00.40.48:399][  0]LogShaderCompilers: Display: Started 10 'Local' shader compile jobs with 'High' priority
[2025.02.17-00.40.50:027][  0]LogShaderCompilers: Display: Worker (9/19): shaders left to compile 596
[2025.02.17-00.40.50:027][  0]LogShaderCompilers: Display: Started 10 'Local' shader compile jobs with 'High' priority
[2025.02.17-00.40.50:027][  0]LogShaderCompilers: Display: Worker (8/19): shaders left to compile 586
[2025.02.17-00.40.50:027][  0]LogShaderCompilers: Display: Started 10 'Local' shader compile jobs with 'High' priority
[2025.02.17-00.40.50:568][  0]LogShaderCompilers: Display: Worker (11/19): shaders left to compile 576
[2025.02.17-00.40.50:568][  0]LogShaderCompilers: Display: Started 10 'Local' shader compile jobs with 'High' priority
[2025.02.17-00.40.52:729][  0]LogShaderCompilers: Display: Worker (14/19): shaders left to compile 566
[2025.02.17-00.40.52:729][  0]LogShaderCompilers: Display: Started 10 'Local' shader compile jobs with 'High' priority
[2025.02.17-00.40.53:270][  0]LogShaderCompilers: Display: Worker (8/19): shaders left to compile 556
[2025.02.17-00.40.53:270][  0]LogShaderCompilers: Display: Started 10 'Local' shader compile jobs with 'High' priority
[2025.02.17-00.40.53:270][  0]LogShaderCompilers: Display: Worker (11/19): shaders left to compile 546
[2025.02.17-00.40.53:270][  0]LogShaderCompilers: Display: Started 10 'Local' shader compile jobs with 'High' priority
[2025.02.17-00.40.53:810][  0]LogShaderCompilers: Display: Worker (9/19): shaders left to compile 536
[2025.02.17-00.40.53:810][  0]LogShaderCompilers: Display: Started 10 'Local' shader compile jobs with 'High' priority
[2025.02.17-00.40.55:974][  0]LogShaderCompilers: Display: Worker (14/19): shaders left to compile 526
[2025.02.17-00.40.55:974][  0]LogShaderCompilers: Display: Started 10 'Local' shader compile jobs with 'High' priority
[2025.02.17-00.40.57:057][  0]LogShaderCompilers: Display: Worker (2/19): shaders left to compile 516
[2025.02.17-00.40.57:057][  0]LogShaderCompilers: Display: Started 10 'Local' shader compile jobs with 'High' priority
[2025.02.17-00.40.57:057][  0]LogShaderCompilers: Display: Worker (8/19): shaders left to compile 506
[2025.02.17-00.40.57:057][  0]LogShaderCompilers: Display: Started 10 'Local' shader compile jobs with 'High' priority
[2025.02.17-00.40.57:057][  0]LogShaderCompilers: Display: Worker (9/19): shaders left to compile 496
[2025.02.17-00.40.57:057][  0]LogShaderCompilers: Display: Started 10 'Local' shader compile jobs with 'High' priority
[2025.02.17-00.40.57:597][  0]LogShaderCompilers: Display: Worker (11/19): shaders left to compile 486
[2025.02.17-00.40.57:597][  0]LogShaderCompilers: Display: Started 10 'Local' shader compile jobs with 'High' priority
[2025.02.17-00.40.58:679][  0]LogShaderCompilers: Display: Worker (17/19): shaders left to compile 476
[2025.02.17-00.40.58:679][  0]LogShaderCompilers: Display: Started 10 'Local' shader compile jobs with 'High' priority
[2025.02.17-00.40.59:220][  0]LogShaderCompilers: Display: Worker (14/19): shaders left to compile 466
[2025.02.17-00.40.59:220][  0]LogShaderCompilers: Display: Started 10 'Local' shader compile jobs with 'High' priority
[2025.02.17-00.40.59:758][  0]LogShaderCompilers: Display: Worker (2/19): shaders left to compile 456
[2025.02.17-00.40.59:758][  0]LogShaderCompilers: Display: Started 10 'Local' shader compile jobs with 'High' priority
[2025.02.17-00.41.00:838][  0]LogShaderCompilers: Display: Worker (9/19): shaders left to compile 446
[2025.02.17-00.41.00:838][  0]LogShaderCompilers: Display: Started 10 'Local' shader compile jobs with 'High' priority
[2025.02.17-00.41.00:838][  0]LogShaderCompilers: Display: Worker (11/19): shaders left to compile 436
[2025.02.17-00.41.00:838][  0]LogShaderCompilers: Display: Started 10 'Local' shader compile jobs with 'High' priority
[2025.02.17-00.41.01:380][  0]LogShaderCompilers: Display: Worker (14/19): shaders left to compile 426
[2025.02.17-00.41.01:380][  0]LogShaderCompilers: Display: Started 10 'Local' shader compile jobs with 'High' priority
[2025.02.17-00.41.01:380][  0]LogShaderCompilers: Display: Worker (8/19): shaders left to compile 416
[2025.02.17-00.41.01:380][  0]LogShaderCompilers: Display: Started 10 'Local' shader compile jobs with 'High' priority
[2025.02.17-00.41.02:463][  0]LogShaderCompilers: Display: Worker (17/19): shaders left to compile 406
[2025.02.17-00.41.02:463][  0]LogShaderCompilers: Display: Started 10 'Local' shader compile jobs with 'High' priority
[2025.02.17-00.41.03:544][  0]LogShaderCompilers: Display: Worker (2/19): shaders left to compile 396
[2025.02.17-00.41.03:544][  0]LogShaderCompilers: Display: Started 10 'Local' shader compile jobs with 'High' priority
[2025.02.17-00.41.04:627][  0]LogShaderCompilers: Display: Worker (9/19): shaders left to compile 386
[2025.02.17-00.41.04:627][  0]LogShaderCompilers: Display: Started 10 'Local' shader compile jobs with 'High' priority
[2025.02.17-00.41.05:168][  0]LogShaderCompilers: Display: Worker (17/19): shaders left to compile 376
[2025.02.17-00.41.05:168][  0]LogShaderCompilers: Display: Started 10 'Local' shader compile jobs with 'High' priority
[2025.02.17-00.41.05:168][  0]LogShaderCompilers: Display: Worker (11/19): shaders left to compile 366
[2025.02.17-00.41.05:168][  0]LogShaderCompilers: Display: Started 10 'Local' shader compile jobs with 'High' priority
[2025.02.17-00.41.07:330][  0]LogShaderCompilers: Display: Worker (2/19): shaders left to compile 356
[2025.02.17-00.41.07:330][  0]LogShaderCompilers: Display: Started 10 'Local' shader compile jobs with 'High' priority
[2025.02.17-00.41.09:493][  0]LogShaderCompilers: Display: Worker (17/19): shaders left to compile 346
[2025.02.17-00.41.09:493][  0]LogShaderCompilers: Display: Started 10 'Local' shader compile jobs with 'High' priority
[2025.02.17-00.41.09:493][  0]LogShaderCompilers: Display: Worker (9/19): shaders left to compile 336
[2025.02.17-00.41.09:493][  0]LogShaderCompilers: Display: Started 10 'Local' shader compile jobs with 'High' priority
[2025.02.17-00.41.12:192][  0]LogShaderCompilers: Display: Worker (3/19): shaders left to compile 326
[2025.02.17-00.41.12:192][  0]LogShaderCompilers: Display: Started 10 'Local' shader compile jobs with 'High' priority
[2025.02.17-00.41.13:816][  0]LogShaderCompilers: Display: Worker (16/19): shaders left to compile 316
[2025.02.17-00.41.13:816][  0]LogShaderCompilers: Display: Started 10 'Local' shader compile jobs with 'High' priority
[2025.02.17-00.41.14:899][  0]LogShaderCompilers: Display: Worker (19/19): shaders left to compile 306
[2025.02.17-00.41.14:899][  0]LogShaderCompilers: Display: Started 10 'Local' shader compile jobs with 'High' priority
[2025.02.17-00.41.15:983][  0]LogShaderCompilers: Display: Worker (11/19): shaders left to compile 296
[2025.02.17-00.41.15:983][  0]LogShaderCompilers: Display: Started 10 'Local' shader compile jobs with 'High' priority
[2025.02.17-00.41.17:602][  0]LogShaderCompilers: Display: Worker (9/19): shaders left to compile 286
[2025.02.17-00.41.17:602][  0]LogShaderCompilers: Display: Started 10 'Local' shader compile jobs with 'High' priority
[2025.02.17-00.41.17:602][  0]LogShaderCompilers: Display: Worker (2/19): shaders left to compile 276
[2025.02.17-00.41.17:602][  0]LogShaderCompilers: Display: Started 10 'Local' shader compile jobs with 'High' priority
[2025.02.17-00.41.18:683][  0]LogShaderCompilers: Display: Worker (17/19): shaders left to compile 266
[2025.02.17-00.41.18:683][  0]LogShaderCompilers: Display: Started 10 'Local' shader compile jobs with 'High' priority
[2025.02.17-00.41.19:223][  0]LogShaderCompilers: Display: Worker (7/19): shaders left to compile 256
[2025.02.17-00.41.19:223][  0]LogShaderCompilers: Display: Started 10 'Local' shader compile jobs with 'High' priority
[2025.02.17-00.41.19:223][  0]LogShaderCompilers: Display: Worker (3/19): shaders left to compile 246
[2025.02.17-00.41.19:223][  0]LogShaderCompilers: Display: Started 10 'Local' shader compile jobs with 'High' priority
[2025.02.17-00.41.20:307][  0]LogShaderCompilers: Display: Worker (16/19): shaders left to compile 236
[2025.02.17-00.41.20:307][  0]LogShaderCompilers: Display: Started 10 'Local' shader compile jobs with 'High' priority
[2025.02.17-00.41.21:389][  0]LogShaderCompilers: Display: Worker (16/19): shaders left to compile 226
[2025.02.17-00.41.21:389][  0]LogShaderCompilers: Display: Started 10 'Local' shader compile jobs with 'High' priority
[2025.02.17-00.41.23:011][  0]LogShaderCompilers: Display: Worker (16/19): shaders left to compile 216
[2025.02.17-00.41.23:011][  0]LogShaderCompilers: Display: Started 10 'Local' shader compile jobs with 'High' priority
[2025.02.17-00.41.25:176][  0]LogShaderCompilers: Display: Worker (3/19): shaders left to compile 206
[2025.02.17-00.41.25:176][  0]LogShaderCompilers: Display: Started 10 'Local' shader compile jobs with 'High' priority
[2025.02.17-00.41.25:176][  0]LogShaderCompilers: Display: Worker (19/19): shaders left to compile 196
[2025.02.17-00.41.25:176][  0]LogShaderCompilers: Display: Started 10 'Local' shader compile jobs with 'High' priority
[2025.02.17-00.41.25:176][  0]LogShaderCompilers: Display: Worker (16/19): shaders left to compile 186
[2025.02.17-00.41.25:176][  0]LogShaderCompilers: Display: Started 10 'Local' shader compile jobs with 'High' priority
[2025.02.17-00.41.25:714][  0]LogShaderCompilers: Display: Worker (3/19): shaders left to compile 176
[2025.02.17-00.41.25:714][  0]LogShaderCompilers: Display: Started 10 'Local' shader compile jobs with 'High' priority
[2025.02.17-00.41.26:254][  0]LogShaderCompilers: Display: Worker (19/19): shaders left to compile 166
[2025.02.17-00.41.26:254][  0]LogShaderCompilers: Display: Started 9 'Local' shader compile jobs with 'High' priority
[2025.02.17-00.41.26:254][  0]LogShaderCompilers: Display: Worker (2/19): shaders left to compile 157
[2025.02.17-00.41.26:254][  0]LogShaderCompilers: Display: Started 9 'Local' shader compile jobs with 'High' priority
[2025.02.17-00.41.26:254][  0]LogShaderCompilers: Display: Worker (16/19): shaders left to compile 148
[2025.02.17-00.41.26:254][  0]LogShaderCompilers: Display: Started 8 'Local' shader compile jobs with 'High' priority
[2025.02.17-00.41.26:795][  0]LogShaderCompilers: Display: Worker (7/19): shaders left to compile 140
[2025.02.17-00.41.26:795][  0]LogShaderCompilers: Display: Started 8 'Local' shader compile jobs with 'High' priority
[2025.02.17-00.41.26:795][  0]LogShaderCompilers: Display: Worker (19/19): shaders left to compile 132
[2025.02.17-00.41.26:795][  0]LogShaderCompilers: Display: Started 7 'Local' shader compile jobs with 'High' priority
[2025.02.17-00.41.26:795][  0]LogShaderCompilers: Display: Worker (9/19): shaders left to compile 125
[2025.02.17-00.41.26:795][  0]LogShaderCompilers: Display: Started 7 'Local' shader compile jobs with 'High' priority
[2025.02.17-00.41.26:795][  0]LogShaderCompilers: Display: Worker (3/19): shaders left to compile 118
[2025.02.17-00.41.26:795][  0]LogShaderCompilers: Display: Started 7 'Local' shader compile jobs with 'High' priority
[2025.02.17-00.41.27:337][  0]LogShaderCompilers: Display: Worker (2/19): shaders left to compile 111
[2025.02.17-00.41.27:337][  0]LogShaderCompilers: Display: Started 6 'Local' shader compile jobs with 'High' priority
[2025.02.17-00.41.27:337][  0]LogShaderCompilers: Display: Worker (17/19): shaders left to compile 105
[2025.02.17-00.41.27:337][  0]LogShaderCompilers: Display: Started 6 'Local' shader compile jobs with 'High' priority
[2025.02.17-00.41.27:337][  0]LogShaderCompilers: Display: Worker (16/19): shaders left to compile 99
[2025.02.17-00.41.27:337][  0]LogShaderCompilers: Display: Started 6 'Local' shader compile jobs with 'High' priority
[2025.02.17-00.41.27:337][  0]LogShaderCompilers: Display: Worker (11/19): shaders left to compile 93
[2025.02.17-00.41.27:337][  0]LogShaderCompilers: Display: Started 5 'Local' shader compile jobs with 'High' priority
[2025.02.17-00.41.27:337][  0]LogShaderCompilers: Display: Worker (17/19): shaders left to compile 88
[2025.02.17-00.41.27:337][  0]LogShaderCompilers: Display: Started 5 'Local' shader compile jobs with 'High' priority
[2025.02.17-00.41.27:879][  0]LogShaderCompilers: Display: Worker (8/19): shaders left to compile 83
[2025.02.17-00.41.27:879][  0]LogShaderCompilers: Display: Worker (16/19): shaders left to compile 78
[2025.02.17-00.41.27:879][  0]LogShaderCompilers: Display: Started 10 'Local' shader compile jobs with 'High' priority
[2025.02.17-00.41.27:879][  0]LogShaderCompilers: Display: Worker (11/19): shaders left to compile 73
[2025.02.17-00.41.27:879][  0]LogShaderCompilers: Display: Started 4 'Local' shader compile jobs with 'High' priority
[2025.02.17-00.41.27:879][  0]LogShaderCompilers: Display: Worker (17/19): shaders left to compile 69
[2025.02.17-00.41.27:879][  0]LogShaderCompilers: Display: Started 4 'Local' shader compile jobs with 'High' priority
[2025.02.17-00.41.27:879][  0]LogShaderCompilers: Display: Worker (19/19): shaders left to compile 65
[2025.02.17-00.41.27:879][  0]LogShaderCompilers: Display: Started 4 'Local' shader compile jobs with 'High' priority
[2025.02.17-00.41.27:879][  0]LogShaderCompilers: Display: Worker (16/19): shaders left to compile 61
[2025.02.17-00.41.27:879][  0]LogShaderCompilers: Display: Started 4 'Local' shader compile jobs with 'High' priority
[2025.02.17-00.41.28:420][  0]LogShaderCompilers: Display: Worker (8/19): shaders left to compile 57
[2025.02.17-00.41.28:420][  0]LogShaderCompilers: Display: Worker (11/19): shaders left to compile 53
[2025.02.17-00.41.28:420][  0]LogShaderCompilers: Display: Started 8 'Local' shader compile jobs with 'High' priority
[2025.02.17-00.41.28:420][  0]LogShaderCompilers: Display: Worker (17/19): shaders left to compile 49
[2025.02.17-00.41.28:420][  0]LogShaderCompilers: Display: Started 3 'Local' shader compile jobs with 'High' priority
[2025.02.17-00.41.28:420][  0]LogShaderCompilers: Display: Worker (3/19): shaders left to compile 46
[2025.02.17-00.41.28:420][  0]LogShaderCompilers: Display: Started 3 'Local' shader compile jobs with 'High' priority
[2025.02.17-00.41.28:420][  0]LogShaderCompilers: Display: Worker (19/19): shaders left to compile 43
[2025.02.17-00.41.28:420][  0]LogShaderCompilers: Display: Started 3 'Local' shader compile jobs with 'High' priority
[2025.02.17-00.41.28:420][  0]LogShaderCompilers: Display: Worker (8/19): shaders left to compile 40
[2025.02.17-00.41.28:420][  0]LogShaderCompilers: Display: Started 3 'Local' shader compile jobs with 'High' priority
[2025.02.17-00.41.28:420][  0]LogShaderCompilers: Display: Worker (17/19): shaders left to compile 37
[2025.02.17-00.41.28:420][  0]LogShaderCompilers: Display: Started 2 'Local' shader compile jobs with 'High' priority
[2025.02.17-00.41.28:420][  0]LogShaderCompilers: Display: Worker (11/19): shaders left to compile 35
[2025.02.17-00.41.28:420][  0]LogShaderCompilers: Display: Started 2 'Local' shader compile jobs with 'High' priority
[2025.02.17-00.41.28:961][  0]LogShaderCompilers: Display: Worker (16/19): shaders left to compile 33
[2025.02.17-00.41.28:961][  0]LogShaderCompilers: Display: Started 2 'Local' shader compile jobs with 'High' priority
[2025.02.17-00.41.28:961][  0]LogShaderCompilers: Display: Worker (3/19): shaders left to compile 31
[2025.02.17-00.41.28:961][  0]LogShaderCompilers: Display: Started 2 'Local' shader compile jobs with 'High' priority
[2025.02.17-00.41.28:961][  0]LogShaderCompilers: Display: Worker (19/19): shaders left to compile 29
[2025.02.17-00.41.28:961][  0]LogShaderCompilers: Display: Started 2 'Local' shader compile jobs with 'High' priority
[2025.02.17-00.41.28:961][  0]LogShaderCompilers: Display: Worker (17/19): shaders left to compile 27
[2025.02.17-00.41.28:961][  0]LogShaderCompilers: Display: Started 2 'Local' shader compile jobs with 'High' priority
[2025.02.17-00.41.28:961][  0]LogShaderCompilers: Display: Worker (11/19): shaders left to compile 25
[2025.02.17-00.41.28:961][  0]LogShaderCompilers: Display: Started 2 'Local' shader compile jobs with 'High' priority
[2025.02.17-00.41.28:961][  0]LogShaderCompilers: Display: Worker (8/19): shaders left to compile 23
[2025.02.17-00.41.28:961][  0]LogShaderCompilers: Display: Started 2 'Local' shader compile jobs with 'High' priority
[2025.02.17-00.41.28:961][  0]LogShaderCompilers: Display: Worker (16/19): shaders left to compile 21
[2025.02.17-00.41.28:961][  0]LogShaderCompilers: Display: Started 2 'Local' shader compile jobs with 'High' priority
[2025.02.17-00.41.28:961][  0]LogShaderCompilers: Display: Worker (8/19): shaders left to compile 19
[2025.02.17-00.41.28:961][  0]LogShaderCompilers: Display: Started 2 'Local' shader compile jobs with 'High' priority
[2025.02.17-00.41.28:961][  0]LogShaderCompilers: Display: Worker (3/19): shaders left to compile 17
[2025.02.17-00.41.28:961][  0]LogShaderCompilers: Display: Worker (19/19): shaders left to compile 16
[2025.02.17-00.41.28:961][  0]LogShaderCompilers: Display: Started 2 'Local' shader compile jobs with 'High' priority
[2025.02.17-00.41.28:961][  0]LogShaderCompilers: Display: Worker (11/19): shaders left to compile 15
[2025.02.17-00.41.28:961][  0]LogShaderCompilers: Display: Started 1 'Local' shader compile jobs with 'High' priority
[2025.02.17-00.41.28:961][  0]LogShaderCompilers: Display: Worker (17/19): shaders left to compile 14
[2025.02.17-00.41.28:961][  0]LogShaderCompilers: Display: Started 1 'Local' shader compile jobs with 'High' priority
[2025.02.17-00.41.28:961][  0]LogShaderCompilers: Display: Worker (16/19): shaders left to compile 13
[2025.02.17-00.41.28:961][  0]LogShaderCompilers: Display: Started 1 'Local' shader compile jobs with 'High' priority
[2025.02.17-00.41.28:961][  0]LogShaderCompilers: Display: Worker (7/19): shaders left to compile 12
[2025.02.17-00.41.28:961][  0]LogShaderCompilers: Display: Started 1 'Local' shader compile jobs with 'High' priority
[2025.02.17-00.41.29:502][  0]LogShaderCompilers: Display: Worker (19/19): shaders left to compile 11
[2025.02.17-00.41.29:502][  0]LogShaderCompilers: Display: Started 1 'Local' shader compile jobs with 'High' priority
[2025.02.17-00.41.29:502][  0]LogShaderCompilers: Display: Worker (3/19): shaders left to compile 10
[2025.02.17-00.41.29:502][  0]LogShaderCompilers: Display: Started 1 'Local' shader compile jobs with 'High' priority
[2025.02.17-00.41.29:502][  0]LogShaderCompilers: Display: Worker (8/19): shaders left to compile 9
[2025.02.17-00.41.29:502][  0]LogShaderCompilers: Display: Worker (16/19): shaders left to compile 8
[2025.02.17-00.41.29:502][  0]LogShaderCompilers: Display: Started 2 'Local' shader compile jobs with 'High' priority
[2025.02.17-00.41.29:502][  0]LogShaderCompilers: Display: Worker (11/19): shaders left to compile 7
[2025.02.17-00.41.29:502][  0]LogShaderCompilers: Display: Started 1 'Local' shader compile jobs with 'High' priority
[2025.02.17-00.41.29:502][  0]LogShaderCompilers: Display: Worker (7/19): shaders left to compile 6
[2025.02.17-00.41.29:502][  0]LogShaderCompilers: Display: Worker (17/19): shaders left to compile 5
[2025.02.17-00.41.29:502][  0]LogShaderCompilers: Display: Worker (19/19): shaders left to compile 4
[2025.02.17-00.41.29:502][  0]LogShaderCompilers: Display: Started 3 'Local' shader compile jobs with 'High' priority
[2025.02.17-00.41.29:502][  0]LogShaderCompilers: Display: Worker (3/19): shaders left to compile 3
[2025.02.17-00.41.29:502][  0]LogShaderCompilers: Display: Started 1 'Local' shader compile jobs with 'High' priority
[2025.02.17-00.41.29:502][  0]LogShaderCompilers: Display: Worker (8/19): shaders left to compile 2
[2025.02.17-00.41.29:502][  0]LogShaderCompilers: Display: Worker (16/19): shaders left to compile 1
[2025.02.17-00.41.29:502][  0]LogShaderCompilers: Display: Started 2 'Local' shader compile jobs with 'High' priority
[2025.02.17-00.41.29:502][  0]LogShaderCompilers: Display: Worker (11/19): shaders left to compile 812
[2025.02.17-00.41.29:502][  0]LogShaderCompilers: Display: Started 10 'Local' shader compile jobs with 'Low' priority
[2025.02.17-00.41.29:502][  0]LogShaderCompilers: Display: Worker (17/19): shaders left to compile 802
[2025.02.17-00.41.29:502][  0]LogShaderCompilers: Display: Worker (19/19): shaders left to compile 792
[2025.02.17-00.41.29:502][  0]LogShaderCompilers: Display: Started 20 'Local' shader compile jobs with 'Low' priority
[2025.02.17-00.41.29:502][  0]LogShaderCompilers: Display: Worker (7/19): shaders left to compile 782
[2025.02.17-00.41.29:502][  0]LogShaderCompilers: Display: Started 10 'Local' shader compile jobs with 'Low' priority
[2025.02.17-00.41.29:502][  0]LogShaderCompilers: Display: Worker (3/19): shaders left to compile 772
[2025.02.17-00.41.29:502][  0]LogShaderCompilers: Display: Worker (8/19): shaders left to compile 762
[2025.02.17-00.41.29:502][  0]LogShaderCompilers: Display: Started 20 'Local' shader compile jobs with 'Low' priority
[2025.02.17-00.41.29:502][  0]LogShaderCompilers: Display: Worker (16/19): shaders left to compile 752
[2025.02.17-00.41.29:502][  0]LogShaderCompilers: Display: Started 10 'Local' shader compile jobs with 'Low' priority
[2025.02.17-00.41.30:582][  0]LogShaderCompilers: Display: Worker (2/19): shaders left to compile 742
[2025.02.17-00.41.30:582][  0]LogShaderCompilers: Display: Started 10 'Local' shader compile jobs with 'Low' priority
[2025.02.17-00.41.32:746][  0]LogShaderCompilers: Display: Worker (7/19): shaders left to compile 732
[2025.02.17-00.41.32:746][  0]LogShaderCompilers: Display: Started 10 'Local' shader compile jobs with 'Low' priority
[2025.02.17-00.41.33:287][  0]LogShaderCompilers: Display: Worker (16/19): shaders left to compile 722
[2025.02.17-00.41.33:287][  0]LogShaderCompilers: Display: Started 10 'Local' shader compile jobs with 'Low' priority
[2025.02.17-00.41.33:287][  0]LogShaderCompilers: Display: Worker (11/19): shaders left to compile 712
[2025.02.17-00.41.33:287][  0]LogShaderCompilers: Display: Started 10 'Local' shader compile jobs with 'Low' priority
[2025.02.17-00.41.34:371][  0]LogShaderCompilers: Display: Worker (19/19): shaders left to compile 702
[2025.02.17-00.41.34:371][  0]LogShaderCompilers: Display: Started 10 'Local' shader compile jobs with 'Low' priority
[2025.02.17-00.41.34:910][  0]LogShaderCompilers: Display: Worker (2/19): shaders left to compile 692
[2025.02.17-00.41.34:910][  0]LogShaderCompilers: Display: Started 10 'Local' shader compile jobs with 'Low' priority
[2025.02.17-00.41.34:910][  0]LogShaderCompilers: Display: Worker (9/19): shaders left to compile 682
[2025.02.17-00.41.34:910][  0]LogShaderCompilers: Display: Started 10 'Local' shader compile jobs with 'Low' priority
[2025.02.17-00.41.35:450][  0]LogShaderCompilers: Display: Worker (17/19): shaders left to compile 672
[2025.02.17-00.41.35:450][  0]LogShaderCompilers: Display: Started 10 'Local' shader compile jobs with 'Low' priority
[2025.02.17-00.41.35:990][  0]LogShaderCompilers: Display: Worker (3/19): shaders left to compile 662
[2025.02.17-00.41.35:990][  0]LogShaderCompilers: Display: Started 10 'Local' shader compile jobs with 'Low' priority
[2025.02.17-00.41.36:529][  0]LogShaderCompilers: Display: Worker (8/19): shaders left to compile 652
[2025.02.17-00.41.36:529][  0]LogShaderCompilers: Display: Started 10 'Local' shader compile jobs with 'Low' priority
[2025.02.17-00.41.37:070][  0]LogShaderCompilers: Display: Worker (4/19): shaders left to compile 642
[2025.02.17-00.41.37:070][  0]LogShaderCompilers: Display: Started 10 'Local' shader compile jobs with 'Low' priority
[2025.02.17-00.41.37:611][  0]LogShaderCompilers: Display: Worker (16/19): shaders left to compile 632
[2025.02.17-00.41.37:611][  0]LogShaderCompilers: Display: Started 10 'Local' shader compile jobs with 'Low' priority
[2025.02.17-00.41.38:695][  0]LogShaderCompilers: Display: Worker (19/19): shaders left to compile 622
[2025.02.17-00.41.38:695][  0]LogShaderCompilers: Display: Started 10 'Local' shader compile jobs with 'Low' priority
[2025.02.17-00.41.39:237][  0]LogShaderCompilers: Display: Worker (11/19): shaders left to compile 612
[2025.02.17-00.41.39:237][  0]LogShaderCompilers: Display: Started 10 'Local' shader compile jobs with 'Low' priority
[2025.02.17-00.41.39:237][  0]LogShaderCompilers: Display: Worker (2/19): shaders left to compile 602
[2025.02.17-00.41.39:237][  0]LogShaderCompilers: Display: Started 10 'Local' shader compile jobs with 'Low' priority
[2025.02.17-00.41.40:860][  0]LogShaderCompilers: Display: Worker (9/19): shaders left to compile 592
[2025.02.17-00.41.40:860][  0]LogShaderCompilers: Display: Started 10 'Local' shader compile jobs with 'Low' priority
[2025.02.17-00.41.40:860][  0]LogShaderCompilers: Display: Worker (17/19): shaders left to compile 582
[2025.02.17-00.41.40:860][  0]LogShaderCompilers: Display: Started 10 'Local' shader compile jobs with 'Low' priority
[2025.02.17-00.41.41:399][  0]LogShaderCompilers: Display: Worker (4/19): shaders left to compile 572
[2025.02.17-00.41.41:399][  0]LogShaderCompilers: Display: Started 10 'Local' shader compile jobs with 'Low' priority
[2025.02.17-00.41.42:482][  0]LogShaderCompilers: Display: Worker (7/19): shaders left to compile 562
[2025.02.17-00.41.42:482][  0]LogShaderCompilers: Display: Started 10 'Local' shader compile jobs with 'Low' priority
[2025.02.17-00.41.43:024][  0]LogShaderCompilers: Display: Worker (3/19): shaders left to compile 552
[2025.02.17-00.41.43:024][  0]LogShaderCompilers: Display: Started 10 'Local' shader compile jobs with 'Low' priority
[2025.02.17-00.41.43:565][  0]LogShaderCompilers: Display: Worker (16/19): shaders left to compile 542
[2025.02.17-00.41.43:565][  0]LogShaderCompilers: Display: Started 10 'Local' shader compile jobs with 'Low' priority
[2025.02.17-00.41.44:645][  0]LogShaderCompilers: Display: Worker (19/19): shaders left to compile 532
[2025.02.17-00.41.44:645][  0]LogShaderCompilers: Display: Started 10 'Local' shader compile jobs with 'Low' priority
[2025.02.17-00.41.45:183][  0]LogShaderCompilers: Display: Worker (11/19): shaders left to compile 522
[2025.02.17-00.41.45:183][  0]LogShaderCompilers: Display: Started 10 'Local' shader compile jobs with 'Low' priority
[2025.02.17-00.41.45:183][  0]LogShaderCompilers: Display: Worker (4/19): shaders left to compile 512
[2025.02.17-00.41.45:183][  0]LogShaderCompilers: Display: Worker (9/19): shaders left to compile 502
[2025.02.17-00.41.45:183][  0]LogShaderCompilers: Display: Started 20 'Local' shader compile jobs with 'Low' priority
[2025.02.17-00.41.45:183][  0]LogShaderCompilers: Display: Worker (8/19): shaders left to compile 492
[2025.02.17-00.41.45:183][  0]LogShaderCompilers: Display: Started 10 'Local' shader compile jobs with 'Low' priority
[2025.02.17-00.41.45:722][  0]LogShaderCompilers: Display: Worker (2/19): shaders left to compile 482
[2025.02.17-00.41.45:722][  0]LogShaderCompilers: Display: Started 10 'Local' shader compile jobs with 'Low' priority
[2025.02.17-00.41.45:722][  0]LogShaderCompilers: Display: Worker (7/19): shaders left to compile 472
[2025.02.17-00.41.45:722][  0]LogShaderCompilers: Display: Started 10 'Local' shader compile jobs with 'Low' priority
[2025.02.17-00.41.46:805][  0]LogShaderCompilers: Display: Worker (16/19): shaders left to compile 462
[2025.02.17-00.41.46:805][  0]LogShaderCompilers: Display: Started 10 'Local' shader compile jobs with 'Low' priority
[2025.02.17-00.41.47:347][  0]LogShaderCompilers: Display: Worker (17/19): shaders left to compile 452
[2025.02.17-00.41.47:347][  0]LogShaderCompilers: Display: Started 10 'Local' shader compile jobs with 'Low' priority
[2025.02.17-00.41.47:887][  0]LogShaderCompilers: Display: Worker (3/19): shaders left to compile 442
[2025.02.17-00.41.47:887][  0]LogShaderCompilers: Display: Started 10 'Local' shader compile jobs with 'Low' priority
[2025.02.17-00.41.48:428][  0]LogShaderCompilers: Display: Worker (2/19): shaders left to compile 432
[2025.02.17-00.41.48:428][  0]LogShaderCompilers: Display: Started 10 'Local' shader compile jobs with 'Low' priority
[2025.02.17-00.41.49:509][  0]LogShaderCompilers: Display: Worker (4/19): shaders left to compile 422
[2025.02.17-00.41.49:509][  0]LogShaderCompilers: Display: Started 10 'Local' shader compile jobs with 'Low' priority
[2025.02.17-00.41.49:509][  0]LogShaderCompilers: Display: Worker (9/19): shaders left to compile 412
[2025.02.17-00.41.49:509][  0]LogShaderCompilers: Display: Started 10 'Local' shader compile jobs with 'Low' priority
[2025.02.17-00.41.50:050][  0]LogShaderCompilers: Display: Worker (7/19): shaders left to compile 402
[2025.02.17-00.41.50:050][  0]LogShaderCompilers: Display: Started 10 'Local' shader compile jobs with 'Low' priority
[2025.02.17-00.41.50:050][  0]LogShaderCompilers: Display: Worker (8/19): shaders left to compile 392
[2025.02.17-00.41.50:050][  0]LogShaderCompilers: Display: Started 10 'Local' shader compile jobs with 'Low' priority
[2025.02.17-00.41.50:590][  0]LogShaderCompilers: Display: Worker (16/19): shaders left to compile 382
[2025.02.17-00.41.50:590][  0]LogShaderCompilers: Display: Started 10 'Local' shader compile jobs with 'Low' priority
[2025.02.17-00.41.50:590][  0]LogShaderCompilers: Display: Worker (19/19): shaders left to compile 372
[2025.02.17-00.41.50:590][  0]LogShaderCompilers: Display: Started 10 'Local' shader compile jobs with 'Low' priority
[2025.02.17-00.41.50:590][  0]LogShaderCompilers: Display: Worker (11/19): shaders left to compile 362
[2025.02.17-00.41.50:590][  0]LogShaderCompilers: Display: Started 10 'Local' shader compile jobs with 'Low' priority
[2025.02.17-00.41.51:130][  0]LogShaderCompilers: Display: Worker (12/19): shaders left to compile 352
[2025.02.17-00.41.51:130][  0]LogShaderCompilers: Display: Started 10 'Local' shader compile jobs with 'Low' priority
[2025.02.17-00.41.51:670][  0]LogShaderCompilers: Display: Worker (2/19): shaders left to compile 342
[2025.02.17-00.41.51:670][  0]LogShaderCompilers: Display: Started 10 'Local' shader compile jobs with 'Low' priority
[2025.02.17-00.41.52:212][  0]LogShaderCompilers: Display: Worker (3/19): shaders left to compile 332
[2025.02.17-00.41.52:212][  0]LogShaderCompilers: Display: Started 10 'Local' shader compile jobs with 'Low' priority
[2025.02.17-00.41.52:752][  0]LogShaderCompilers: Display: Worker (17/19): shaders left to compile 322
[2025.02.17-00.41.52:752][  0]LogShaderCompilers: Display: Started 10 'Local' shader compile jobs with 'Low' priority
[2025.02.17-00.41.53:833][  0]LogShaderCompilers: Display: Worker (9/19): shaders left to compile 312
[2025.02.17-00.41.53:833][  0]LogShaderCompilers: Display: Started 10 'Local' shader compile jobs with 'Low' priority
[2025.02.17-00.41.54:374][  0]LogShaderCompilers: Display: Worker (7/19): shaders left to compile 302
[2025.02.17-00.41.54:374][  0]LogShaderCompilers: Display: Started 10 'Local' shader compile jobs with 'Low' priority
[2025.02.17-00.41.54:374][  0]LogShaderCompilers: Display: Worker (12/19): shaders left to compile 292
[2025.02.17-00.41.54:374][  0]LogShaderCompilers: Display: Started 10 'Local' shader compile jobs with 'Low' priority
[2025.02.17-00.41.54:374][  0]LogShaderCompilers: Display: Worker (4/19): shaders left to compile 282
[2025.02.17-00.41.54:374][  0]LogShaderCompilers: Display: Started 10 'Local' shader compile jobs with 'Low' priority
[2025.02.17-00.41.54:374][  0]LogShaderCompilers: Display: Worker (16/19): shaders left to compile 272
[2025.02.17-00.41.54:374][  0]LogShaderCompilers: Display: Started 10 'Local' shader compile jobs with 'Low' priority
[2025.02.17-00.41.54:915][  0]LogShaderCompilers: Display: Worker (8/19): shaders left to compile 262
[2025.02.17-00.41.54:915][  0]LogShaderCompilers: Display: Started 10 'Local' shader compile jobs with 'Low' priority
[2025.02.17-00.41.55:454][  0]LogShaderCompilers: Display: Worker (3/19): shaders left to compile 252
[2025.02.17-00.41.55:454][  0]LogShaderCompilers: Display: Started 10 'Local' shader compile jobs with 'Low' priority
[2025.02.17-00.41.55:993][  0]LogShaderCompilers: Display: Worker (14/19): shaders left to compile 242
[2025.02.17-00.41.55:993][  0]LogShaderCompilers: Display: Started 10 'Local' shader compile jobs with 'Low' priority
[2025.02.17-00.41.57:076][  0]LogShaderCompilers: Display: Worker (19/19): shaders left to compile 232
[2025.02.17-00.41.57:076][  0]LogShaderCompilers: Display: Started 10 'Local' shader compile jobs with 'Low' priority
[2025.02.17-00.41.57:076][  0]LogShaderCompilers: Display: Worker (11/19): shaders left to compile 222
[2025.02.17-00.41.57:076][  0]LogShaderCompilers: Display: Started 10 'Local' shader compile jobs with 'Low' priority
[2025.02.17-00.41.57:076][  0]LogShaderCompilers: Display: Worker (5/19): shaders left to compile 212
[2025.02.17-00.41.57:076][  0]LogShaderCompilers: Display: Started 10 'Local' shader compile jobs with 'Low' priority
[2025.02.17-00.41.57:618][  0]LogShaderCompilers: Display: Worker (2/19): shaders left to compile 202
[2025.02.17-00.41.57:618][  0]LogShaderCompilers: Display: Started 10 'Local' shader compile jobs with 'Low' priority
[2025.02.17-00.41.58:704][  0]LogShaderCompilers: Display: Worker (9/19): shaders left to compile 192
[2025.02.17-00.41.58:704][  0]LogShaderCompilers: Display: Started 10 'Local' shader compile jobs with 'Low' priority
[2025.02.17-00.41.59:787][  0]LogShaderCompilers: Display: Worker (12/19): shaders left to compile 182
[2025.02.17-00.41.59:787][  0]LogShaderCompilers: Display: Started 10 'Local' shader compile jobs with 'Low' priority
[2025.02.17-00.41.59:787][  0]LogShaderCompilers: Display: Worker (8/19): shaders left to compile 172
[2025.02.17-00.41.59:787][  0]LogShaderCompilers: Display: Started 10 'Local' shader compile jobs with 'Low' priority
[2025.02.17-00.42.00:329][  0]LogShaderCompilers: Display: Worker (7/19): shaders left to compile 162
[2025.02.17-00.42.00:329][  0]LogShaderCompilers: Display: Started 9 'Local' shader compile jobs with 'Low' priority
[2025.02.17-00.42.01:409][  0]LogShaderCompilers: Display: Worker (5/19): shaders left to compile 153
[2025.02.17-00.42.01:409][  0]LogShaderCompilers: Display: Started 9 'Local' shader compile jobs with 'Low' priority
[2025.02.17-00.42.01:949][  0]LogShaderCompilers: Display: Worker (17/19): shaders left to compile 144
[2025.02.17-00.42.01:949][  0]LogShaderCompilers: Display: Started 8 'Local' shader compile jobs with 'Low' priority
[2025.02.17-00.42.02:489][  0]LogShaderCompilers: Display: Worker (2/19): shaders left to compile 136
[2025.02.17-00.42.02:489][  0]LogShaderCompilers: Display: Started 8 'Local' shader compile jobs with 'Low' priority
[2025.02.17-00.42.03:030][  0]LogShaderCompilers: Display: Worker (9/19): shaders left to compile 128
[2025.02.17-00.42.03:030][  0]LogShaderCompilers: Display: Started 7 'Local' shader compile jobs with 'Low' priority
[2025.02.17-00.42.03:030][  0]LogShaderCompilers: Display: Worker (11/19): shaders left to compile 121
[2025.02.17-00.42.03:030][  0]LogShaderCompilers: Display: Started 7 'Local' shader compile jobs with 'Low' priority
[2025.02.17-00.42.04:649][  0]LogShaderCompilers: Display: Worker (8/19): shaders left to compile 114
[2025.02.17-00.42.04:649][  0]LogShaderCompilers: Display: Started 7 'Local' shader compile jobs with 'Low' priority
[2025.02.17-00.42.05:190][  0]LogShaderCompilers: Display: Worker (17/19): shaders left to compile 107
[2025.02.17-00.42.05:190][  0]LogShaderCompilers: Display: Started 6 'Local' shader compile jobs with 'Low' priority
[2025.02.17-00.42.05:731][  0]LogShaderCompilers: Display: Worker (11/19): shaders left to compile 101
[2025.02.17-00.42.05:731][  0]LogShaderCompilers: Display: Started 6 'Local' shader compile jobs with 'Low' priority
[2025.02.17-00.42.05:731][  0]LogShaderCompilers: Display: Worker (12/19): shaders left to compile 95
[2025.02.17-00.42.05:731][  0]LogShaderCompilers: Display: Started 6 'Local' shader compile jobs with 'Low' priority
[2025.02.17-00.42.06:814][  0]LogShaderCompilers: Display: Worker (2/19): shaders left to compile 89
[2025.02.17-00.42.06:814][  0]LogShaderCompilers: Display: Started 5 'Local' shader compile jobs with 'Low' priority
[2025.02.17-00.42.06:814][  0]LogShaderCompilers: Display: Worker (9/19): shaders left to compile 84
[2025.02.17-00.42.06:814][  0]LogShaderCompilers: Display: Started 5 'Local' shader compile jobs with 'Low' priority
[2025.02.17-00.42.06:814][  0]LogShaderCompilers: Display: Worker (8/19): shaders left to compile 79
[2025.02.17-00.42.06:814][  0]LogShaderCompilers: Display: Started 5 'Local' shader compile jobs with 'Low' priority
[2025.02.17-00.42.06:814][  0]LogShaderCompilers: Display: Worker (12/19): shaders left to compile 74
[2025.02.17-00.42.06:814][  0]LogShaderCompilers: Display: Started 4 'Local' shader compile jobs with 'Low' priority
[2025.02.17-00.42.07:894][  0]LogShaderCompilers: Display: Worker (11/19): shaders left to compile 70
[2025.02.17-00.42.07:894][  0]LogShaderCompilers: Display: Started 4 'Local' shader compile jobs with 'Low' priority
[2025.02.17-00.42.07:894][  0]LogShaderCompilers: Display: Worker (7/19): shaders left to compile 66
[2025.02.17-00.42.07:894][  0]LogShaderCompilers: Display: Started 4 'Local' shader compile jobs with 'Low' priority
[2025.02.17-00.42.07:894][  0]LogShaderCompilers: Display: Worker (17/19): shaders left to compile 62
[2025.02.17-00.42.07:894][  0]LogShaderCompilers: Display: Started 4 'Local' shader compile jobs with 'Low' priority
[2025.02.17-00.42.08:438][  0]LogShaderCompilers: Display: Worker (16/19): shaders left to compile 58
[2025.02.17-00.42.08:438][  0]LogShaderCompilers: Display: Started 4 'Local' shader compile jobs with 'Low' priority
[2025.02.17-00.42.08:438][  0]LogShaderCompilers: Display: Worker (5/19): shaders left to compile 54
[2025.02.17-00.42.08:438][  0]LogShaderCompilers: Display: Worker (9/19): shaders left to compile 51
[2025.02.17-00.42.08:438][  0]LogShaderCompilers: Display: Started 6 'Local' shader compile jobs with 'Low' priority
[2025.02.17-00.42.08:979][  0]LogShaderCompilers: Display: Worker (7/19): shaders left to compile 48
[2025.02.17-00.42.08:979][  0]LogShaderCompilers: Display: Started 3 'Local' shader compile jobs with 'Low' priority
[2025.02.17-00.42.08:979][  0]LogShaderCompilers: Display: Worker (12/19): shaders left to compile 45
[2025.02.17-00.42.08:979][  0]LogShaderCompilers: Display: Started 3 'Local' shader compile jobs with 'Low' priority
[2025.02.17-00.42.08:979][  0]LogShaderCompilers: Display: Worker (2/19): shaders left to compile 42
[2025.02.17-00.42.08:979][  0]LogShaderCompilers: Display: Started 3 'Local' shader compile jobs with 'Low' priority
[2025.02.17-00.42.08:979][  0]LogShaderCompilers: Display: Worker (17/19): shaders left to compile 39
[2025.02.17-00.42.08:979][  0]LogShaderCompilers: Display: Started 3 'Local' shader compile jobs with 'Low' priority
[2025.02.17-00.42.08:979][  0]LogShaderCompilers: Display: Worker (11/19): shaders left to compile 36
[2025.02.17-00.42.08:979][  0]LogShaderCompilers: Display: Started 2 'Local' shader compile jobs with 'Low' priority
[2025.02.17-00.42.08:979][  0]LogShaderCompilers: Display: Worker (3/19): shaders left to compile 34
[2025.02.17-00.42.08:979][  0]LogShaderCompilers: Display: Started 2 'Local' shader compile jobs with 'Low' priority
[2025.02.17-00.42.09:520][  0]LogShaderCompilers: Display: Worker (8/19): shaders left to compile 32
[2025.02.17-00.42.09:520][  0]LogShaderCompilers: Display: Started 2 'Local' shader compile jobs with 'Low' priority
[2025.02.17-00.42.09:520][  0]LogShaderCompilers: Display: Worker (5/19): shaders left to compile 30
[2025.02.17-00.42.09:520][  0]LogShaderCompilers: Display: Started 2 'Local' shader compile jobs with 'Low' priority
[2025.02.17-00.42.09:520][  0]LogShaderCompilers: Display: Worker (9/19): shaders left to compile 28
[2025.02.17-00.42.09:520][  0]LogShaderCompilers: Display: Started 2 'Local' shader compile jobs with 'Low' priority
[2025.02.17-00.42.09:520][  0]LogShaderCompilers: Display: Worker (16/19): shaders left to compile 26
[2025.02.17-00.42.09:520][  0]LogShaderCompilers: Display: Started 2 'Local' shader compile jobs with 'Low' priority
[2025.02.17-00.42.09:520][  0]LogShaderCompilers: Display: Worker (11/19): shaders left to compile 24
[2025.02.17-00.42.09:520][  0]LogShaderCompilers: Display: Started 2 'Local' shader compile jobs with 'Low' priority
[2025.02.17-00.42.09:520][  0]LogShaderCompilers: Display: Worker (2/19): shaders left to compile 22
[2025.02.17-00.42.09:520][  0]LogShaderCompilers: Display: Started 2 'Local' shader compile jobs with 'Low' priority
[2025.02.17-00.42.09:520][  0]LogShaderCompilers: Display: Worker (3/19): shaders left to compile 20
[2025.02.17-00.42.09:520][  0]LogShaderCompilers: Display: Worker (17/19): shaders left to compile 18
[2025.02.17-00.42.09:520][  0]LogShaderCompilers: Display: Started 4 'Local' shader compile jobs with 'Low' priority
[2025.02.17-00.42.10:061][  0]LogShaderCompilers: Display: Worker (8/19): shaders left to compile 16
[2025.02.17-00.42.10:061][  0]LogShaderCompilers: Display: Started 1 'Local' shader compile jobs with 'Low' priority
[2025.02.17-00.42.10:061][  0]LogShaderCompilers: Display: Worker (5/19): shaders left to compile 15
[2025.02.17-00.42.10:061][  0]LogShaderCompilers: Display: Started 1 'Local' shader compile jobs with 'Low' priority
[2025.02.17-00.42.10:061][  0]LogShaderCompilers: Display: Worker (12/19): shaders left to compile 14
[2025.02.17-00.42.10:061][  0]LogShaderCompilers: Display: Started 1 'Local' shader compile jobs with 'Low' priority
[2025.02.17-00.42.10:061][  0]LogShaderCompilers: Display: Worker (9/19): shaders left to compile 13
[2025.02.17-00.42.10:061][  0]LogShaderCompilers: Display: Started 1 'Local' shader compile jobs with 'Low' priority
[2025.02.17-00.42.10:061][  0]LogShaderCompilers: Display: Worker (11/19): shaders left to compile 12
[2025.02.17-00.42.10:061][  0]LogShaderCompilers: Display: Worker (12/19): shaders left to compile 11
[2025.02.17-00.42.10:061][  0]LogShaderCompilers: Display: Started 2 'Local' shader compile jobs with 'Low' priority
[2025.02.17-00.42.10:061][  0]LogShaderCompilers: Display: Worker (16/19): shaders left to compile 10
[2025.02.17-00.42.10:061][  0]LogShaderCompilers: Display: Started 1 'Local' shader compile jobs with 'Low' priority
[2025.02.17-00.42.10:599][  0]LogShaderCompilers: Display: Worker (3/19): shaders left to compile 9
[2025.02.17-00.42.10:599][  0]LogShaderCompilers: Display: Worker (7/19): shaders left to compile 8
[2025.02.17-00.42.10:599][  0]LogShaderCompilers: Display: Started 2 'Local' shader compile jobs with 'Low' priority
[2025.02.17-00.42.10:599][  0]LogShaderCompilers: Display: Worker (8/19): shaders left to compile 7
[2025.02.17-00.42.10:599][  0]LogShaderCompilers: Display: Started 1 'Local' shader compile jobs with 'Low' priority
[2025.02.17-00.42.10:599][  0]LogShaderCompilers: Display: Worker (5/19): shaders left to compile 6
[2025.02.17-00.42.10:599][  0]LogShaderCompilers: Display: Started 1 'Local' shader compile jobs with 'Low' priority
[2025.02.17-00.42.10:599][  0]LogShaderCompilers: Display: Worker (9/19): shaders left to compile 5
[2025.02.17-00.42.10:599][  0]LogShaderCompilers: Display: Worker (11/19): shaders left to compile 4
[2025.02.17-00.42.10:599][  0]LogShaderCompilers: Display: Started 2 'Local' shader compile jobs with 'Low' priority
[2025.02.17-00.42.10:599][  0]LogShaderCompilers: Display: Worker (12/19): shaders left to compile 3
[2025.02.17-00.42.10:599][  0]LogShaderCompilers: Display: Started 1 'Local' shader compile jobs with 'Low' priority
[2025.02.17-00.42.10:599][  0]LogShaderCompilers: Display: Worker (17/19): shaders left to compile 2
[2025.02.17-00.42.10:599][  0]LogShaderCompilers: Display: Started 1 'Local' shader compile jobs with 'Low' priority
[2025.02.17-00.42.11:139][  0]LogShaderCompilers: Display: Worker (7/19): shaders left to compile 1
[2025.02.17-00.42.11:139][  0]LogShaderCompilers: Display: Started 1 'Local' shader compile jobs with 'Low' priority
[2025.02.17-00.42.59:385][  0]LogShaderCompilers: Display: === FShaderJobCache stats ===
[2025.02.17-00.42.59:385][  0]LogShaderCompilers: Display: Total job queries 5408, among them cache hits 0 (0.00%)
[2025.02.17-00.42.59:385][  0]LogShaderCompilers: Display: Tracking 5408 distinct input hashes that result in 3553 distinct outputs (65.70%)
[2025.02.17-00.42.59:385][  0]LogShaderCompilers: Display: RAM used: 39.31 MB (0.04 GB) of 1638.40 MB (1.60 GB) budget. Usage: 2.40%
[2025.02.17-00.42.59:385][  0]LogShaderCompilers: Display: ================================================
[2025.02.17-00.42.59:516][  0]LogD3D12RHI: Creating RTPSO with 3 shaders (0 cached, 3 new) took 128.59 ms. Compile time 62.72 ms, link time 65.50 ms.
[2025.02.17-00.42.59:558][  0]LogD3D12RHI: Creating RTPSO with 3 shaders (1 cached, 2 new) took 42.17 ms. Compile time 20.93 ms, link time 21.21 ms.
[2025.02.17-00.42.59:573][  0]LogMaterial: Display: Missing cached shadermap for DefaultSpriteMaterial in PCD3D_SM5, Default, SM5 (DDC key hash: 0F1C30B4D37862B5F7447A969E01852DACD7DAC8), compiling. 
[2025.02.17-00.42.59:605][  0]LogShaderCompilers: Display: Submitted 90 shader compile jobs with 'Low' priority
[2025.02.17-00.42.59:607][  0]LogMaterial: Display: Missing cached shadermap for OpaqueUnlitSpriteMaterial in PCD3D_SM5, Default, SM5 (DDC key hash: 17053D280A95FB59B389762391DD1C4D2B6BAA73), compiling. 
[2025.02.17-00.42.59:627][  0]LogShaderCompilers: Display: Worker (1/19): shaders left to compile 90
[2025.02.17-00.42.59:627][  0]LogShaderCompilers: Display: Worker (2/19): shaders left to compile 85
[2025.02.17-00.42.59:627][  0]LogShaderCompilers: Display: Worker (3/19): shaders left to compile 80
[2025.02.17-00.42.59:627][  0]LogShaderCompilers: Display: Worker (4/19): shaders left to compile 75
[2025.02.17-00.42.59:627][  0]LogShaderCompilers: Display: Worker (5/19): shaders left to compile 70
[2025.02.17-00.42.59:627][  0]LogShaderCompilers: Display: Worker (6/19): shaders left to compile 65
[2025.02.17-00.42.59:627][  0]LogShaderCompilers: Display: Worker (7/19): shaders left to compile 60
[2025.02.17-00.42.59:627][  0]LogShaderCompilers: Display: Worker (8/19): shaders left to compile 55
[2025.02.17-00.42.59:627][  0]LogShaderCompilers: Display: Worker (9/19): shaders left to compile 50
[2025.02.17-00.42.59:627][  0]LogShaderCompilers: Display: Worker (10/19): shaders left to compile 45
[2025.02.17-00.42.59:627][  0]LogShaderCompilers: Display: Worker (11/19): shaders left to compile 40
[2025.02.17-00.42.59:627][  0]LogShaderCompilers: Display: Worker (12/19): shaders left to compile 35
[2025.02.17-00.42.59:627][  0]LogShaderCompilers: Display: Worker (13/19): shaders left to compile 30
[2025.02.17-00.42.59:627][  0]LogShaderCompilers: Display: Worker (14/19): shaders left to compile 25
[2025.02.17-00.42.59:627][  0]LogShaderCompilers: Display: Worker (15/19): shaders left to compile 20
[2025.02.17-00.42.59:627][  0]LogShaderCompilers: Display: Worker (16/19): shaders left to compile 15
[2025.02.17-00.42.59:627][  0]LogShaderCompilers: Display: Worker (17/19): shaders left to compile 10
[2025.02.17-00.42.59:627][  0]LogShaderCompilers: Display: Worker (18/19): shaders left to compile 5
[2025.02.17-00.42.59:627][  0]LogShaderCompilers: Display: Started 90 'Local' shader compile jobs with 'Low' priority
[2025.02.17-00.42.59:627][  0]LogShaderCompilers: Display: Submitted 45 shader compile jobs with 'Low' priority
[2025.02.17-00.42.59:745][  0]LogShaderCompilers: Display: Worker (19/19): shaders left to compile 45
[2025.02.17-00.42.59:745][  0]LogShaderCompilers: Display: Started 3 'Local' shader compile jobs with 'Low' priority
[2025.02.17-00.42.59:746][  0]LogMaterial: Display: Missing cached shadermap for BaseColor in PCD3D_SM5, Default, SM5 (DDC key hash: BD69BD74F4F84E48B4FDECB0510D2B238FDDC0BC), compiling. 
[2025.02.17-00.42.59:753][  0]LogShaderCompilers: Display: Submitted 12 shader compile jobs with 'Low' priority
[2025.02.17-00.42.59:756][  0]LogMaterial: Display: Missing cached shadermap for CustomDepth in PCD3D_SM5, Default, SM5 (DDC key hash: DBEBA9127374660812AB4BA771213DE3AA0CA7BE), compiling. 
[2025.02.17-00.42.59:764][  0]LogShaderCompilers: Display: Submitted 12 shader compile jobs with 'Low' priority
[2025.02.17-00.42.59:775][  0]LogMaterial: Display: Missing cached shadermap for CustomStencil in PCD3D_SM5, Default, SM5 (DDC key hash: 9F3A000E1F4E555F31699A4338470513C90BFCDA), compiling. 
[2025.02.17-00.42.59:785][  0]LogShaderCompilers: Display: Submitted 12 shader compile jobs with 'Low' priority
[2025.02.17-00.42.59:788][  0]LogMaterial: Display: Missing cached shadermap for FinalImage in PCD3D_SM5, Default, SM5 (DDC key hash: 2E62ED5952C73F3AD108EFCE48895EF0912D86D3), compiling. 
[2025.02.17-00.42.59:797][  0]LogShaderCompilers: Display: Submitted 12 shader compile jobs with 'Low' priority
[2025.02.17-00.42.59:800][  0]LogMaterial: Display: Missing cached shadermap for LightingModel in PCD3D_SM5, Default, SM5 (DDC key hash: 051FBB8C2A5852E12574A71EA64434CA6794930C), compiling. 
[2025.02.17-00.42.59:806][  0]LogShaderCompilers: Display: Submitted 12 shader compile jobs with 'Low' priority
[2025.02.17-00.42.59:808][  0]LogMaterial: Display: Missing cached shadermap for MaterialAO in PCD3D_SM5, Default, SM5 (DDC key hash: 81ACA81C1A592C5B101327F2DF17FE610A1558D9), compiling. 
[2025.02.17-00.42.59:818][  0]LogShaderCompilers: Display: Submitted 12 shader compile jobs with 'Low' priority
[2025.02.17-00.42.59:821][  0]LogMaterial: Display: Missing cached shadermap for Metallic in PCD3D_SM5, Default, SM5 (DDC key hash: BAC3C4B4CDA7AB65CB927A8C08BAD3468732BEAC), compiling. 
[2025.02.17-00.42.59:830][  0]LogShaderCompilers: Display: Submitted 12 shader compile jobs with 'Low' priority
[2025.02.17-00.42.59:832][  0]LogMaterial: Display: Missing cached shadermap for Opacity in PCD3D_SM5, Default, SM5 (DDC key hash: B90401F1A13872B9B2C6523C67FB3CEC86FFA8E7), compiling. 
[2025.02.17-00.42.59:841][  0]LogShaderCompilers: Display: Submitted 12 shader compile jobs with 'Low' priority
[2025.02.17-00.42.59:843][  0]LogMaterial: Display: Missing cached shadermap for Roughness in PCD3D_SM5, Default, SM5 (DDC key hash: B5EB9C2E9C27E442E4DF578A33AAC6B3C3CB88B6), compiling. 
[2025.02.17-00.42.59:852][  0]LogShaderCompilers: Display: Submitted 12 shader compile jobs with 'Low' priority
[2025.02.17-00.42.59:856][  0]LogMaterial: Display: Missing cached shadermap for Anisotropy in PCD3D_SM5, Default, SM5 (DDC key hash: 7E5D130A8EF96F340B9AB7589C65AF79C883004E), compiling. 
[2025.02.17-00.42.59:865][  0]LogShaderCompilers: Display: Submitted 12 shader compile jobs with 'Low' priority
[2025.02.17-00.42.59:868][  0]LogMaterial: Display: Missing cached shadermap for SceneColor in PCD3D_SM5, Default, SM5 (DDC key hash: 991F5952AC08FE57FBF9588EA2154DFBA485B184), compiling. 
[2025.02.17-00.42.59:876][  0]LogShaderCompilers: Display: Submitted 12 shader compile jobs with 'Low' priority
[2025.02.17-00.42.59:879][  0]LogMaterial: Display: Missing cached shadermap for SceneDepth in PCD3D_SM5, Default, SM5 (DDC key hash: 77D6AE37217BB2DFDD05858802B1EA1039B8F462), compiling. 
[2025.02.17-00.42.59:888][  0]LogShaderCompilers: Display: Submitted 12 shader compile jobs with 'Low' priority
[2025.02.17-00.42.59:891][  0]LogMaterial: Display: Missing cached shadermap for SeparateTranslucencyRGB in PCD3D_SM5, Default, SM5 (DDC key hash: E1CA1F1ED9DDC429239662FDDF05BB15276DBE2E), compiling. 
[2025.02.17-00.42.59:899][  0]LogShaderCompilers: Display: Submitted 12 shader compile jobs with 'Low' priority
[2025.02.17-00.42.59:901][  0]LogMaterial: Display: Missing cached shadermap for SeparateTranslucencyA in PCD3D_SM5, Default, SM5 (DDC key hash: DFD941C10776DF4FEC44A70AB2EDCB94ED13CD48), compiling. 
[2025.02.17-00.42.59:911][  0]LogShaderCompilers: Display: Submitted 12 shader compile jobs with 'Low' priority
[2025.02.17-00.42.59:913][  0]LogMaterial: Display: Missing cached shadermap for Specular in PCD3D_SM5, Default, SM5 (DDC key hash: F4A27713E943D0505A98C0A4BEBF178C64CFE8CD), compiling. 
[2025.02.17-00.42.59:921][  0]LogShaderCompilers: Display: Submitted 12 shader compile jobs with 'Low' priority
[2025.02.17-00.42.59:924][  0]LogMaterial: Display: Missing cached shadermap for SubsurfaceColor in PCD3D_SM5, Default, SM5 (DDC key hash: 6DD73E55990302EF6A53A3F0C58F39D93087B1EA), compiling. 
[2025.02.17-00.42.59:933][  0]LogShaderCompilers: Display: Submitted 12 shader compile jobs with 'Low' priority
[2025.02.17-00.42.59:936][  0]LogMaterial: Display: Missing cached shadermap for WorldNormal in PCD3D_SM5, Default, SM5 (DDC key hash: B96E4474755DFC312FC0DD3FF47A83A66185D19A), compiling. 
[2025.02.17-00.42.59:946][  0]LogShaderCompilers: Display: Submitted 12 shader compile jobs with 'Low' priority
[2025.02.17-00.42.59:948][  0]LogMaterial: Display: Missing cached shadermap for WorldTangent in PCD3D_SM5, Default, SM5 (DDC key hash: ABE7C312296477F4703D64DF40D11A43DBE69AF2), compiling. 
[2025.02.17-00.42.59:958][  0]LogShaderCompilers: Display: Submitted 12 shader compile jobs with 'Low' priority
[2025.02.17-00.42.59:962][  0]LogMaterial: Display: Missing cached shadermap for AmbientOcclusion in PCD3D_SM5, Default, SM5 (DDC key hash: 45F2B8665C5A09F527A6055EF4F93B2EDA99CEAD), compiling. 
[2025.02.17-00.42.59:975][  0]LogShaderCompilers: Display: Submitted 18 shader compile jobs with 'Low' priority
[2025.02.17-00.42.59:979][  0]LogMaterial: Display: Missing cached shadermap for CustomDepthWorldUnits in PCD3D_SM5, Default, SM5 (DDC key hash: 3697A874511DC219B5C14C5F30919D931EA93B6A), compiling. 
[2025.02.17-00.42.59:989][  0]LogShaderCompilers: Display: Submitted 12 shader compile jobs with 'Low' priority
[2025.02.17-00.42.59:992][  0]LogMaterial: Display: Missing cached shadermap for SceneDepthWorldUnits in PCD3D_SM5, Default, SM5 (DDC key hash: 7A233B459388FE14F1D2FA7B9E730E85659C5081), compiling. 
[2025.02.17-00.43.00:001][  0]LogShaderCompilers: Display: Submitted 12 shader compile jobs with 'Low' priority
[2025.02.17-00.43.00:004][  0]LogMaterial: Display: Missing cached shadermap for Velocity in PCD3D_SM5, Default, SM5 (DDC key hash: 69FE89671B4894C1D94C462EA33399F9E793E4FE), compiling. 
[2025.02.17-00.43.00:015][  0]LogShaderCompilers: Display: Submitted 12 shader compile jobs with 'Low' priority
[2025.02.17-00.43.00:019][  0]LogMaterial: Display: Missing cached shadermap for PreTonemapHDRColor in PCD3D_SM5, Default, SM5 (DDC key hash: B7EFD141D8F7F73125EB2F443080847C648A048F), compiling. 
[2025.02.17-00.43.00:027][  0]LogShaderCompilers: Display: Submitted 12 shader compile jobs with 'Low' priority
[2025.02.17-00.43.00:030][  0]LogMaterial: Display: Missing cached shadermap for PostTonemapHDRColor in PCD3D_SM5, Default, SM5 (DDC key hash: 2D184FEE122C513F962B2A149D5BBD431C77F528), compiling. 
[2025.02.17-00.43.00:040][  0]LogShaderCompilers: Display: Submitted 12 shader compile jobs with 'Low' priority
[2025.02.17-00.43.00:142][  0]LogNiagaraDebuggerClient: Niagara Debugger Client Initialized | Session: 7696077740B69257C0DC908B58874AAA | Instance: C4340D614E1176D82236E28AED6E5153 (BOOK-6IA5E1OIQJ-22356).
[2025.02.17-00.43.00:264][  0]LogPython: Using Python 3.7.7
[2025.02.17-00.43.01:484][  0]LogShaderCompilers: Display: Worker (9/19): shaders left to compile 336
[2025.02.17-00.43.01:484][  0]LogShaderCompilers: Display: Started 10 'Local' shader compile jobs with 'Low' priority
[2025.02.17-00.43.01:484][  0]LogShaderCompilers: Display: Worker (3/19): shaders left to compile 326
[2025.02.17-00.43.01:484][  0]LogShaderCompilers: Display: Started 10 'Local' shader compile jobs with 'Low' priority
[2025.02.17-00.43.01:484][  0]LogShaderCompilers: Display: Worker (15/19): shaders left to compile 316
[2025.02.17-00.43.01:484][  0]LogShaderCompilers: Display: Started 10 'Local' shader compile jobs with 'Low' priority
[2025.02.17-00.43.01:484][  0]LogShaderCompilers: Display: Worker (11/19): shaders left to compile 306
[2025.02.17-00.43.01:484][  0]LogShaderCompilers: Display: Started 10 'Local' shader compile jobs with 'Low' priority
[2025.02.17-00.43.01:635][  0]LogShaderCompilers: Display: Worker (8/19): shaders left to compile 296
[2025.02.17-00.43.01:635][  0]LogShaderCompilers: Display: Started 10 'Local' shader compile jobs with 'Low' priority
[2025.02.17-00.43.01:635][  0]LogMaterial: Display: Missing cached shadermap for DefaultMaterial in PCD3D_SM5, Default, SM5 (DDC key hash: A1A8BBA0A9356FEBB9CE49AE99F5B7169FC26D98), compiling. 
[2025.02.17-00.43.01:826][  0]LogShaderCompilers: Display: Worker (19/19): shaders left to compile 286
[2025.02.17-00.43.01:826][  0]LogShaderCompilers: Display: Started 10 'Local' shader compile jobs with 'Low' priority
[2025.02.17-00.43.01:826][  0]LogShaderCompilers: Display: Submitted 261 shader compile jobs with 'Low' priority
[2025.02.17-00.43.01:829][  0]LogMaterial: Display: Missing cached shadermap for M_Emissive_Color in PCD3D_SM5, Default, SM5 (DDC key hash: 76387CC439D5FE6473098DBEB4881DB7E6AA78B1), compiling. 
[2025.02.17-00.43.01:837][  0]LogShaderCompilers: Display: Submitted 10 shader compile jobs with 'Low' priority
[2025.02.17-00.43.01:844][  0]LogMaterial: Display: Missing cached shadermap for VertexColorMaterial in PCD3D_SM5, Default, SM5 (DDC key hash: 50D3FBCF791ED9FFB1AB810EF1AD80A2764E20C5), compiling. 
[2025.02.17-00.43.01:956][  0]LogShaderCompilers: Display: Submitted 149 shader compile jobs with 'Low' priority
[2025.02.17-00.43.01:964][  0]LogMaterial: Display: Missing cached shadermap for WireframeMaterial in PCD3D_SM5, Default, SM5 (DDC key hash: 1A3F4BAF9DFC05903A270F2175D4CB6959CA9F01), compiling. Is special engine material.
[2025.02.17-00.43.02:446][  0]LogShaderCompilers: Display: Worker (5/19): shaders left to compile 696
[2025.02.17-00.43.02:446][  0]LogShaderCompilers: Display: Started 10 'Local' shader compile jobs with 'Low' priority
[2025.02.17-00.43.02:446][  0]LogShaderCompilers: Display: Worker (17/19): shaders left to compile 686
[2025.02.17-00.43.02:446][  0]LogShaderCompilers: Display: Started 10 'Local' shader compile jobs with 'Low' priority
[2025.02.17-00.43.02:446][  0]LogShaderCompilers: Display: Worker (14/19): shaders left to compile 676
[2025.02.17-00.43.02:446][  0]LogShaderCompilers: Display: Started 10 'Local' shader compile jobs with 'Low' priority
[2025.02.17-00.43.02:446][  0]LogShaderCompilers: Display: Worker (4/19): shaders left to compile 666
[2025.02.17-00.43.02:446][  0]LogShaderCompilers: Display: Started 10 'Local' shader compile jobs with 'Low' priority
[2025.02.17-00.43.02:446][  0]LogShaderCompilers: Display: Worker (2/19): shaders left to compile 656
[2025.02.17-00.43.02:446][  0]LogShaderCompilers: Display: Started 10 'Local' shader compile jobs with 'Low' priority
[2025.02.17-00.43.02:446][  0]LogShaderCompilers: Display: Submitted 798 shader compile jobs with 'Low' priority
[2025.02.17-00.43.02:576][  0]LogShaderCompilers: Display: Worker (10/19): shaders left to compile 1444
[2025.02.17-00.43.02:576][  0]LogShaderCompilers: Display: Started 10 'Local' shader compile jobs with 'Low' priority
[2025.02.17-00.43.02:576][  0]LogShaderCompilers: Display: Worker (18/19): shaders left to compile 1434
[2025.02.17-00.43.02:576][  0]LogShaderCompilers: Display: Started 10 'Local' shader compile jobs with 'Low' priority
[2025.02.17-00.43.02:576][  0]LogTcpMessaging: Initializing TcpMessaging bridge
[2025.02.17-00.43.02:599][  0]LogUdpMessaging: Initializing bridge on interface 0.0.0.0:0 to multicast group 230.0.0.1:6666.
[2025.02.17-00.43.02:807][  0]LogShaderCompilers: Display: Worker (12/19): shaders left to compile 1424
[2025.02.17-00.43.02:807][  0]LogShaderCompilers: Display: Started 10 'Local' shader compile jobs with 'Low' priority
[2025.02.17-00.43.02:807][  0]LogShaderCompilers: Display: Worker (7/19): shaders left to compile 1414
[2025.02.17-00.43.02:807][  0]LogShaderCompilers: Display: Started 10 'Local' shader compile jobs with 'Low' priority
[2025.02.17-00.43.02:807][  0]LogShaderCompilers: Display: Worker (1/19): shaders left to compile 1404
[2025.02.17-00.43.02:807][  0]LogShaderCompilers: Display: Started 10 'Local' shader compile jobs with 'Low' priority
[2025.02.17-00.43.02:807][  0]LogShaderCompilers: Display: Worker (16/19): shaders left to compile 1394
[2025.02.17-00.43.02:807][  0]LogShaderCompilers: Display: Started 10 'Local' shader compile jobs with 'Low' priority
[2025.02.17-00.43.02:807][  0]LogMaterial: Display: Missing cached shadermap for M_Mesh in PCD3D_SM5, Default, SM5 (DDC key hash: D5169820793C45073CC9F3A4C49332BFEAC9A6FD), compiling. 
[2025.02.17-00.43.02:825][  0]LogShaderCompilers: Display: Submitted 22 shader compile jobs with 'Low' priority
[2025.02.17-00.43.02:826][  0]LogStaticMesh: M_Cylinder 스태틱 메시 빌드중...
[2025.02.17-00.43.02:834][  0]LogStaticMesh: Built static mesh [0.01s] /Game/Meshes/M_Cylinder.M_Cylinder
[2025.02.17-00.43.02:841][  0]LogStaticMesh: M_Cube 스태틱 메시 빌드중...
[2025.02.17-00.43.02:855][  0]LogStaticMesh: Built static mesh [0.01s] /Game/Meshes/M_Cube.M_Cube
[2025.02.17-00.43.02:858][  0]LogStaticMesh: M_Cone 스태틱 메시 빌드중...
[2025.02.17-00.43.02:867][  0]LogStaticMesh: Built static mesh [0.01s] /Game/Meshes/M_Cone.M_Cone
[2025.02.17-00.43.02:870][  0]LogStaticMesh: M_Sphere 스태틱 메시 빌드중...
[2025.02.17-00.43.02:881][  0]LogStaticMesh: Built static mesh [0.01s] /Game/Meshes/M_Sphere.M_Sphere
[2025.02.17-00.43.02:951][  0]LogTexture: Display: 텍스처 빌드: T_SoftFallOff (OODLE_AutoDXT, 256X256)
[2025.02.17-00.43.02:951][  0]LogTexture: Display: 텍스처 빌드: T_starFlare_03 (OODLE_AutoDXT, 256X256)
[2025.02.17-00.43.02:951][  0]LogTexture: Display: 텍스처 빌드: ThumbnailTexture (OODLE_DXT1, 512X512)
[2025.02.17-00.43.02:951][  0]LogTexture: Display: 텍스처 빌드: T_Lightning_Arc_4x1 (OODLE_AutoDXT, 1024X1024)
[2025.02.17-00.43.02:951][  0]LogTextureFormatOodle: Display: non-RDO encode 1024 x 1024 x 1 to format OODLE_AutoDXT (Oodle OodleTex_BC3) lambda=0 effort=20 
[2025.02.17-00.43.02:951][  0]LogMaterial: Display: Missing cached shadermap for M_Trans_Sprite_SubUV_Master in PCD3D_SM5, Default, SM5 (DDC key hash: 6C9ECA00BF14E46BD4DB759736238148B02F8D19), compiling. 
[2025.02.17-00.43.02:984][  0]LogShaderCompilers: Display: Submitted 52 shader compile jobs with 'Low' priority
[2025.02.17-00.43.02:986][  0]LogMaterial: Display: Missing cached shadermap for M_Add_Sprite_Master in PCD3D_SM5, Default, SM5 (DDC key hash: 2DC235907616343EEFCA15ECD91FDC204E320EFA), compiling. 
[2025.02.17-00.43.03:022][  0]LogShaderCompilers: Display: Submitted 52 shader compile jobs with 'Low' priority
[2025.02.17-00.43.03:024][  0]LogMaterial: Display: Missing cached shadermap for M_Add_Sprite_Master_DepthFade in PCD3D_SM5, Default, SM5 (DDC key hash: 076743DC0DFD87B72C0FB3D815A4AE2475C680ED), compiling. 
[2025.02.17-00.43.03:057][  0]LogShaderCompilers: Display: Submitted 52 shader compile jobs with 'Low' priority
[2025.02.17-00.43.03:075][  0]LogPackageName: Warning: Asset path "StaticMesh'FX_Meshes_IB.SM_Debris_Box_RadialFull'" is in short form, which is unsupported and -- even if valid -- resolving it will be really slow.
[2025.02.17-00.43.03:075][  0]LogPackageName: Warning: Please consider resaving package in order to speed-up loading.
[2025.02.17-00.43.03:279][  0]LogTexture: Display: 텍스처 빌드: T_GlowNoise_Circular_02 (OODLE_AutoDXT, 256X256)
[2025.02.17-00.43.03:279][  0]LogTexture: Display: 텍스처 빌드: T_starFlare_01 (OODLE_AutoDXT, 256X256)
[2025.02.17-00.43.03:279][  0]LogTexture: Display: 텍스처 빌드: T_AuraCircle_TileHoriz (OODLE_AutoDXT, 1024X1024)
[2025.02.17-00.43.03:279][  0]LogTextureFormatOodle: Display: non-RDO encode 1024 x 1024 x 1 to format OODLE_AutoDXT (Oodle OodleTex_BC3) lambda=0 effort=20 
[2025.02.17-00.43.03:279][  0]LogPackageName: SearchForPackageOnDisk took   0.204s, but failed to resolve StaticMesh'FX_Meshes_IB.
[2025.02.17-00.43.03:279][  0]LogPackageName: Warning: Asset path "StaticMesh'FX_Meshes_IB.SM_Debris_Box_RadialFull'" could not be resolved.
[2025.02.17-00.43.03:285][  0]LogStaticMesh: SM_AuraCircle 스태틱 메시 빌드중...
[2025.02.17-00.43.03:286][  0]LogStaticMesh: Built static mesh [0.00s] /Game/InfinityBladeEffects/Effects/FX_Meshes/Skills/SM_AuraCircle.SM_AuraCircle
[2025.02.17-00.43.03:300][  0]LogTexture: Display: 텍스처 빌드: ThumbnailTexture (OODLE_DXT1, 512X512)
[2025.02.17-00.43.03:300][  0]LogStaticMesh: SM_Debris_Box_RadialHalf 스태틱 메시 빌드중...
[2025.02.17-00.43.03:317][  0]LogTexture: Display: 텍스처 빌드: T_IB_Debris_Box (OODLE_AutoDXT, 1024X1024)
[2025.02.17-00.43.03:317][  0]LogStaticMesh: Built static mesh [0.02s] /Game/InfinityBladeEffects/Effects/FX_Meshes/IB/SM_Debris_Box_RadialHalf.SM_Debris_Box_RadialHalf
[2025.02.17-00.43.03:323][  0]LogMaterial: Display: Missing cached shadermap for M_AuraCircle in PCD3D_SM5, Default, SM5 (DDC key hash: 45B9E8D8943FF94E8EFCEC7AA5DC42A34673588F), compiling. 
[2025.02.17-00.43.03:344][  0]LogTextureFormatOodle: Display: non-RDO encode 1024 x 1024 x 1 to format OODLE_AutoDXT (Oodle OodleTex_BC1_WithTransparency) lambda=0 effort=20 
[2025.02.17-00.43.03:344][  0]LogShaderCompilers: Display: Submitted 32 shader compile jobs with 'Low' priority
[2025.02.17-00.43.03:465][  0]LogTexture: Display: 텍스처 빌드: T_IB_Debris_Box_E (OODLE_AutoDXT, 1024X1024)
[2025.02.17-00.43.03:465][  0]LogTextureFormatOodle: Display: non-RDO encode 1024 x 1024 x 1 to format OODLE_AutoDXT (Oodle OodleTex_BC3) lambda=0 effort=20 
[2025.02.17-00.43.03:465][  0]LogShaderCompilers: Display: Worker (6/19): shaders left to compile 1594
[2025.02.17-00.43.03:465][  0]LogShaderCompilers: Display: Started 10 'Local' shader compile jobs with 'Low' priority
[2025.02.17-00.43.03:465][  0]LogMaterial: Display: Missing cached shadermap for M_IB_Debris_Boxes_Trans in PCD3D_SM5, Default, SM5 (DDC key hash: 793C9409BF3C0EAAEB8218703D8F53AD53A819B5), compiling. 
[2025.02.17-00.43.03:483][  0]LogShaderCompilers: Display: Submitted 28 shader compile jobs with 'Low' priority
[2025.02.17-00.43.03:486][  0]LogMaterial: Display: Missing cached shadermap for M_IB_Debris_Boxes_Opaque in PCD3D_SM5, Default, SM5 (DDC key hash: 7EE0DCA8486858F88DB7635AEB69ABFB057556EE), compiling. 
[2025.02.17-00.43.03:498][  0]LogShaderCompilers: Display: Submitted 16 shader compile jobs with 'Low' priority
[2025.02.17-00.43.03:525][  0]LogTexture: Display: 텍스처 빌드: T_IceChunks (OODLE_AutoDXT, 128X128)
[2025.02.17-00.43.03:525][  0]LogTexture: Display: 텍스처 빌드: Trail_Claws01 (OODLE_AutoDXT, 256X256)
[2025.02.17-00.43.03:525][  0]LogTexture: Display: 텍스처 빌드: T_SwipeTrail (OODLE_AutoDXT, 512X512)
[2025.02.17-00.43.03:525][  0]LogStaticMesh: SM_ChargeMesh 스태틱 메시 빌드중...
[2025.02.17-00.43.03:526][  0]LogStaticMesh: Built static mesh [0.00s] /Game/InfinityBladeEffects/Effects/FX_Meshes/Skills/SM_ChargeMesh.SM_ChargeMesh
[2025.02.17-00.43.03:528][  0]LogStaticMesh: SM_IceWall_Med_Base 스태틱 메시 빌드중...
[2025.02.17-00.43.03:529][  0]LogStaticMesh: Built static mesh [0.00s] /Game/InfinityBladeEffects/Effects/FX_Meshes/ICE/SM_IceWall_Med_Base.SM_IceWall_Med_Base
[2025.02.17-00.43.03:539][  0]LogTexture: Display: 텍스처 빌드: T_FrozenGround_N (OODLE_BC5, 512X512)
[2025.02.17-00.43.03:539][  0]LogTexture: Display: 텍스처 빌드: ThumbnailTexture (OODLE_DXT1, 512X512)
[2025.02.17-00.43.03:539][  0]LogTexture: Display: 텍스처 빌드: T_FrozenGround (OODLE_AutoDXT, 512X512)
[2025.02.17-00.43.03:540][  0]LogStaticMesh: SM_IceSkill_Chrg_F_00 스태틱 메시 빌드중...
[2025.02.17-00.43.03:549][  0]LogTexture: Display: 텍스처 빌드: T_SmokeBall_01_8_8 (OODLE_AutoDXT, 1024X1024)
[2025.02.17-00.43.03:549][  0]LogStaticMesh: Built static mesh [0.01s] /Game/InfinityBladeEffects/Effects/FX_Meshes/ICE/SM_IceSkill_Chrg_F_00.SM_IceSkill_Chrg_F_00
[2025.02.17-00.43.03:553][  0]LogMaterial: Display: Missing cached shadermap for M_Add_Trail_2Sided_Pan_Emis_Master in PCD3D_SM5, Default, SM5 (DDC key hash: FDF3DF58D85431A67DF5D7C1F8FC1913B69569BB), compiling. 
[2025.02.17-00.43.03:586][  0]LogShaderCompilers: Display: Submitted 46 shader compile jobs with 'Low' priority
[2025.02.17-00.43.03:587][  0]LogMaterial: Display: Missing cached shadermap for M_Add_Sprite_2Sided_Master in PCD3D_SM5, Default, SM5 (DDC key hash: 15C16844118B42D9E34221DED92A7EB6408B7C11), compiling. 
[2025.02.17-00.43.03:626][  0]LogTexture: Display: 텍스처 빌드: T_Ice_Shard_Tiled_N (OODLE_BC5, 1024X1024)
[2025.02.17-00.43.03:626][  0]LogTextureFormatOodle: Display: non-RDO encode 1024 x 1024 x 1 to format OODLE_BC5 (Oodle OodleTex_BC5U) lambda=0 effort=20 
[2025.02.17-00.43.03:626][  0]LogShaderCompilers: Display: Submitted 60 shader compile jobs with 'Low' priority
[2025.02.17-00.43.03:734][  0]LogTexture: Display: 텍스처 빌드: T_Ice_Shard_Tiled_D (OODLE_AutoDXT, 1024X1024)
[2025.02.17-00.43.03:734][  0]LogTextureFormatOodle: Display: non-RDO encode 1024 x 1024 x 1 to format OODLE_AutoDXT (Oodle OodleTex_BC1_WithTransparency) lambda=0 effort=20 
[2025.02.17-00.43.03:734][  0]LogTextureFormatOodle: Display: non-RDO encode 1024 x 1024 x 1 to format OODLE_AutoDXT (Oodle OodleTex_BC3) lambda=0 effort=20 
[2025.02.17-00.43.03:734][  0]LogMaterial: Display: Missing cached shadermap for M_Add_Sprite_SubUV_Master in PCD3D_SM5, Default, SM5 (DDC key hash: FDDB510E88AF25479B2D4138483DF8AD0F490D80), compiling. 
[2025.02.17-00.43.03:768][  0]LogShaderCompilers: Display: Submitted 52 shader compile jobs with 'Low' priority
[2025.02.17-00.43.03:770][  0]LogMaterial: Display: Missing cached shadermap for M_Opaque_MeshEmit_Emis_Master_Surface in PCD3D_SM5, Default, SM5 (DDC key hash: 14C91CDA6B29D49C6E7D77045882D65F89C86886), compiling. 
[2025.02.17-00.43.03:798][  0]LogShaderCompilers: Display: Submitted 38 shader compile jobs with 'Low' priority
[2025.02.17-00.43.03:804][  0]LogMaterial: Display: Missing cached shadermap for M_IceChunksBase in PCD3D_SM5, Default, SM5 (DDC key hash: F64831ADFC8D92930F1C3627CFFA5FFAD0189D44), compiling. 
[2025.02.17-00.43.03:838][  0]LogShaderCompilers: Display: Submitted 52 shader compile jobs with 'Low' priority
[2025.02.17-00.43.03:842][  0]LogMaterial: Display: Missing cached shadermap for M_IceBlastBase in PCD3D_SM5, Default, SM5 (DDC key hash: 7C1F7BCE7A43488FB9BC47E25DD1848EBECAE709), compiling. 
[2025.02.17-00.43.03:945][  0]LogShaderCompilers: Display: Submitted 134 shader compile jobs with 'Low' priority
[2025.02.17-00.43.03:998][  0]LogTexture: Display: 텍스처 빌드: Circle_normal (OODLE_BC5, 256X256)
[2025.02.17-00.43.03:998][  0]LogTexture: Display: 텍스처 빌드: Grid_Tex (OODLE_AutoDXT, 256X256)
[2025.02.17-00.43.03:998][  0]LogStaticMesh: b_debris_01 스태틱 메시 빌드중...
[2025.02.17-00.43.04:034][  0]LogTexture: Display: 텍스처 빌드: desert (OODLE_AutoDXT, 512X512)
[2025.02.17-00.43.04:034][  0]LogStaticMesh: Built static mesh [0.04s] /Game/Effects/Props/Meshes/debris/b_debris_01.b_debris_01
[2025.02.17-00.43.04:964][  0]LogTexture: Display: 텍스처 빌드: blowingFire_fwd (OODLE_AutoDXT, 2048X1024)
[2025.02.17-00.43.04:965][  0]LogTextureFormatOodle: Display: non-RDO encode 2048 x 1024 x 1 to format OODLE_AutoDXT (Oodle OodleTex_BC3) lambda=0 effort=20 
[2025.02.17-00.43.04:965][  0]LogTextureFormatOodle: Display: non-RDO encode 1024 x 512 x 1 to format OODLE_AutoDXT (Oodle OodleTex_BC3) lambda=0 effort=20 
[2025.02.17-00.43.04:965][  0]LogTexture: Display: 텍스처 빌드: blowingFire_fwd2 (OODLE_AutoDXT, 2048X1024)
[2025.02.17-00.43.04:965][  0]LogTextureFormatOodle: Display: non-RDO encode 2048 x 1024 x 1 to format OODLE_AutoDXT (Oodle OodleTex_BC3) lambda=0 effort=20 
[2025.02.17-00.43.04:965][  0]LogTextureFormatOodle: Display: non-RDO encode 1024 x 512 x 1 to format OODLE_AutoDXT (Oodle OodleTex_BC3) lambda=0 effort=20 
[2025.02.17-00.43.04:965][  0]LogTexture: Display: 텍스처 빌드: 0_6_smoke_re_vg (OODLE_AutoDXT, 2048X2048)
[2025.02.17-00.43.04:965][  0]LogTexture: Display: 텍스처 빌드: 0_6_smoke (OODLE_AutoDXT, 2048X2048)
[2025.02.17-00.43.04:965][  0]LogTextureFormatOodle: Display: non-RDO encode 2048 x 2048 x 1 to format OODLE_AutoDXT (Oodle OodleTex_BC3) lambda=0 effort=20 
[2025.02.17-00.43.04:965][  0]LogTextureFormatOodle: Display: non-RDO encode 1024 x 1024 x 1 to format OODLE_AutoDXT (Oodle OodleTex_BC3) lambda=0 effort=20 
[2025.02.17-00.43.04:965][  0]LogTextureFormatOodle: Display: non-RDO encode 2048 x 2048 x 1 to format OODLE_AutoDXT (Oodle OodleTex_BC3) lambda=0 effort=20 
[2025.02.17-00.43.04:965][  0]LogTextureFormatOodle: Display: non-RDO encode 1024 x 1024 x 1 to format OODLE_AutoDXT (Oodle OodleTex_BC3) lambda=0 effort=20 
[2025.02.17-00.43.04:965][  0]LogTexture: Display: 텍스처 빌드: 4_6_smoke5_vg (OODLE_AutoDXT, 4096X4096)
[2025.02.17-00.43.04:965][  0]LogTextureFormatOodle: Display: non-RDO encode 4096 x 4096 x 1 to format OODLE_AutoDXT (Oodle OodleTex_BC3) lambda=0 effort=20 
[2025.02.17-00.43.04:965][  0]LogTextureFormatOodle: Display: non-RDO encode 2048 x 2048 x 1 to format OODLE_AutoDXT (Oodle OodleTex_BC3) lambda=0 effort=20 
[2025.02.17-00.43.04:965][  0]LogTextureFormatOodle: Display: non-RDO encode 1024 x 1024 x 1 to format OODLE_AutoDXT (Oodle OodleTex_BC3) lambda=0 effort=20 
[2025.02.17-00.43.04:965][  0]LogShaderCompilers: Display: Worker (13/19): shaders left to compile 2010
[2025.02.17-00.43.04:965][  0]LogShaderCompilers: Display: Started 10 'Local' shader compile jobs with 'Low' priority
[2025.02.17-00.43.04:965][  0]LogMaterial: Display: Missing cached shadermap for Smoke1_Mat in PCD3D_SM5, Default, SM5 (DDC key hash: 2899E0BDA5260F770BBCF09281C6B39754EE522E), compiling. 
[2025.02.17-00.43.05:074][  0]LogShaderCompilers: Display: Submitted 134 shader compile jobs with 'Low' priority
[2025.02.17-00.43.05:077][  0]LogMaterial: Display: Missing cached shadermap for blackbody_exp_Mat in PCD3D_SM5, Default, SM5 (DDC key hash: E778A1F6689D79A8B10731FF6FF4B9E0C10380B0), compiling. 
[2025.02.17-00.43.05:152][  0]LogShaderCompilers: Display: Submitted 102 shader compile jobs with 'Low' priority
[2025.02.17-00.43.05:156][  0]LogMaterial: Display: Missing cached shadermap for Debris_Mat in PCD3D_SM5, Default, SM5 (DDC key hash: C1DDE9D497237F4FCF587670161DA76753FA4CA8), compiling. 
[2025.02.17-00.43.05:214][  0]LogShaderCompilers: Display: Submitted 74 shader compile jobs with 'Low' priority
[2025.02.17-00.43.05:218][  0]LogMaterial: Display: Missing cached shadermap for 0_DotCircle_Mat in PCD3D_SM5, Default, SM5 (DDC key hash: 2CD1438A020659ADE955B1F47B9096E46F90FA20), compiling. 
[2025.02.17-00.43.05:244][  0]LogShaderCompilers: Display: Submitted 40 shader compile jobs with 'Low' priority
[2025.02.17-00.43.05:247][  0]LogMaterial: Display: Missing cached shadermap for BG_Grid_Mat in PCD3D_SM5, Default, SM5 (DDC key hash: 83D9BB5190A127EB67BF237E99CB2B1962D4FFB7), compiling. 
[2025.02.17-00.43.05:354][  0]LogShaderCompilers: Display: Submitted 153 shader compile jobs with 'Low' priority
[2025.02.17-00.43.05:368][  0]LogMaterial: Display: Missing cached shadermap for M_Bullet in PCD3D_SM5, Default, SM5 (DDC key hash: A21759D99E2FB04F9E684A82F108440B1CFB4D74), compiling. 
[2025.02.17-00.43.05:386][  0]LogShaderCompilers: Display: Submitted 22 shader compile jobs with 'Low' priority
[2025.02.17-00.43.05:404][  0]LogAnimation: Warning: SkeletalMesh SK_Mannequin has no skeleton. This needs to fixed before an animation can be set
[2025.02.17-00.43.05:442][  0]LogAnimation: Warning: SkeletalMesh SK_Mannequin has no skeleton. This needs to fixed before an animation can be set
[2025.02.17-00.43.05:453][  0]LogAnimation: Warning: SkeletalMesh SK_Mannequin has no skeleton. This needs to fixed before an animation can be set
[2025.02.17-00.43.05:493][  0]LogAnimation: Warning: SkeletalMesh SK_Mannequin has no skeleton. This needs to fixed before an animation can be set
[2025.02.17-00.43.05:586][  0]LogTexture: Display: 텍스처 빌드: T_Dot (OODLE_AutoDXT, 64X64)
[2025.02.17-00.43.05:586][  0]LogTexture: Display: 텍스처 빌드: T_UE4Man_Logo_N (OODLE_BC5, 512X512)
[2025.02.17-00.43.05:586][  0]LogAnimationCompression: Building Anim DDC data for AnimSequence /Game/Character/Animations/Unarmed/Unarmed_Idle.Unarmed_Idle
[2025.02.17-00.43.05:586][  0]LogAnimationCompression: Building Anim DDC data for AnimSequence /Game/Character/Animations/Unarmed/Unarmed_Walk.Unarmed_Walk
[2025.02.17-00.43.05:586][  0]LogMaterial: Display: Missing cached shadermap for M_UE4Man_Body in PCD3D_SM5, Default, SM5 (DDC key hash: 726412CE835D2B4559946CB3B1011E85AA40EAAB), compiling. 
[2025.02.17-00.43.05:680][  0]LogShaderCompilers: Display: Submitted 143 shader compile jobs with 'Low' priority
[2025.02.17-00.43.05:683][  0]LogMaterial: Display: Missing cached shadermap for M_UE4Man_ChestLogo in PCD3D_SM5, Default, SM5 (DDC key hash: 3F02EEC34E4B0CE53817B4395CF9024469EB7F43), compiling. 
[2025.02.17-00.43.05:777][  0]LogShaderCompilers: Display: Submitted 143 shader compile jobs with 'Low' priority
[2025.02.17-00.43.05:783][  0]LogSkeletalMesh: Building Skeletal Mesh SK_Mannequin...
[2025.02.17-00.43.05:894][  0]LogShaderCompilers: Display: Worker (12/19): shaders left to compile 2811
[2025.02.17-00.43.05:894][  0]LogShaderCompilers: Display: Started 10 'Local' shader compile jobs with 'Low' priority
[2025.02.17-00.43.05:894][  0]LogSkeletalMesh: Built Skeletal Mesh [0.11s] /Game/Character/Mesh/SK_Mannequin.SK_Mannequin
[2025.02.17-00.43.06:736][  0]LogTexture: Display: 텍스처 빌드: T_762x39_ALB (OODLE_AutoDXT, 256X256)
[2025.02.17-00.43.06:736][  0]LogTexture: Display: 텍스처 빌드: T_762x39_M_MSK (OODLE_AutoDXT, 256X256)
[2025.02.17-00.43.06:736][  0]LogTexture: Display: 텍스처 빌드: T_762x39_NRM (OODLE_BC5, 256X256)
[2025.02.17-00.43.06:736][  0]LogTexture: Display: 텍스처 빌드: T_Stripes__Pattern (OODLE_AutoDXT, 1024X1024)
[2025.02.17-00.43.06:736][  0]LogTextureFormatOodle: Display: non-RDO encode 1024 x 1024 x 1 to format OODLE_AutoDXT (Oodle OodleTex_BC1_WithTransparency) lambda=0 effort=20 
[2025.02.17-00.43.06:736][  0]LogTexture: Display: 텍스처 빌드: T_AR4_ALB (OODLE_AutoDXT, 2048X2048)
[2025.02.17-00.43.06:736][  0]LogTexture: Display: 텍스처 빌드: T_AR4_NRM (OODLE_BC5, 2048X2048)
[2025.02.17-00.43.06:736][  0]LogTextureFormatOodle: Display: non-RDO encode 2048 x 2048 x 1 to format OODLE_BC5 (Oodle OodleTex_BC5U) lambda=0 effort=20 
[2025.02.17-00.43.06:736][  0]LogTextureFormatOodle: Display: non-RDO encode 1024 x 1024 x 1 to format OODLE_BC5 (Oodle OodleTex_BC5U) lambda=0 effort=20 
[2025.02.17-00.43.06:736][  0]LogTexture: Display: 텍스처 빌드: T_KA74U_ALB (OODLE_AutoDXT, 2048X2048)
[2025.02.17-00.43.06:736][  0]LogTextureFormatOodle: Display: non-RDO encode 1024 x 1024 x 1 to format OODLE_AutoDXT (Oodle OodleTex_BC1_WithTransparency) lambda=0 effort=20 
[2025.02.17-00.43.06:736][  0]LogTextureFormatOodle: Display: non-RDO encode 2048 x 2048 x 1 to format OODLE_AutoDXT (Oodle OodleTex_BC1_WithTransparency) lambda=0 effort=20 
[2025.02.17-00.43.06:736][  0]LogTextureFormatOodle: Display: non-RDO encode 1024 x 1024 x 1 to format OODLE_AutoDXT (Oodle OodleTex_BC1_WithTransparency) lambda=0 effort=20 
[2025.02.17-00.43.06:736][  0]LogTextureFormatOodle: Display: non-RDO encode 2048 x 2048 x 1 to format OODLE_AutoDXT (Oodle OodleTex_BC1_WithTransparency) lambda=0 effort=20 
[2025.02.17-00.43.06:736][  0]LogTexture: Display: 텍스처 빌드: T_AR4_M_MSK (OODLE_AutoDXT, 2048X2048)
[2025.02.17-00.43.06:736][  0]LogTexture: Display: 텍스처 빌드: T_KA74U_NRM (OODLE_BC5, 2048X2048)
[2025.02.17-00.43.06:736][  0]LogTextureFormatOodle: Display: non-RDO encode 2048 x 2048 x 1 to format OODLE_AutoDXT (Oodle OodleTex_BC3) lambda=0 effort=20 
[2025.02.17-00.43.06:736][  0]LogTextureFormatOodle: Display: non-RDO encode 1024 x 1024 x 1 to format OODLE_AutoDXT (Oodle OodleTex_BC3) lambda=0 effort=20 
[2025.02.17-00.43.06:736][  0]LogTexture: Display: 텍스처 빌드: T_KA74U_M_MSK (OODLE_AutoDXT, 2048X2048)
[2025.02.17-00.43.06:736][  0]LogTextureFormatOodle: Display: non-RDO encode 2048 x 2048 x 1 to format OODLE_BC5 (Oodle OodleTex_BC5U) lambda=0 effort=20 
[2025.02.17-00.43.06:736][  0]LogTextureFormatOodle: Display: non-RDO encode 1024 x 1024 x 1 to format OODLE_BC5 (Oodle OodleTex_BC5U) lambda=0 effort=20 
[2025.02.17-00.43.06:736][  0]LogTextureFormatOodle: Display: non-RDO encode 2048 x 2048 x 1 to format OODLE_AutoDXT (Oodle OodleTex_BC3) lambda=0 effort=20 
[2025.02.17-00.43.06:737][  0]LogTextureFormatOodle: Display: non-RDO encode 1024 x 1024 x 1 to format OODLE_AutoDXT (Oodle OodleTex_BC3) lambda=0 effort=20 
[2025.02.17-00.43.06:737][  0]LogMaterial: Display: Missing cached shadermap for M_Weapon_Master_USE in PCD3D_SM5, Default, SM5 (DDC key hash: 4F0D11C66B1778E4F7AA87E7F745AAF14117728F), compiling. 
[2025.02.17-00.43.06:824][  0]LogShaderCompilers: Display: Worker (10/19): shaders left to compile 2801
[2025.02.17-00.43.06:824][  0]LogShaderCompilers: Display: Started 10 'Local' shader compile jobs with 'Low' priority
[2025.02.17-00.43.06:824][  0]LogShaderCompilers: Display: Submitted 111 shader compile jobs with 'Low' priority
[2025.02.17-00.43.06:827][  0]LogSkeletalMesh: Building Skeletal Mesh SK_AR4...
[2025.02.17-00.43.06:846][  0]LogSkeletalMesh: Built Skeletal Mesh [0.02s] /Game/Weapons/Meshes/AR4/SK_AR4.SK_AR4
[2025.02.17-00.43.06:873][  0]LogTexture: Display: 텍스처 빌드: t_spark_single_dirty (OODLE_AutoDXT, 32X256)
[2025.02.17-00.43.06:873][  0]LogTexture: Display: 텍스처 빌드: t_cloud_noise_01 (OODLE_AutoDXT, 256X256)
[2025.02.17-00.43.06:873][  0]LogTexture: Display: 텍스처 빌드: t_cloud_graypack (OODLE_AutoDXT, 256X256)
[2025.02.17-00.43.06:873][  0]LogTexture: Display: 텍스처 빌드: t_core_shapes_add (OODLE_AutoDXT, 512X256)
[2025.02.17-00.43.06:873][  0]LogMaterial: Display: Missing cached shadermap for M_spark_dirty in PCD3D_SM5, Default, SM5 (DDC key hash: A1EE417B3EEACDA67694BFCB8A1B62B4C855DEF4), compiling. 
[2025.02.17-00.43.06:898][  0]LogTexture: Display: 텍스처 빌드: ThumbnailTexture (OODLE_DXT1, 512X512)
[2025.02.17-00.43.06:898][  0]LogTexture: Display: 텍스처 빌드: t_distort_channels (OODLE_AutoDXT, 512X512)
[2025.02.17-00.43.06:898][  0]LogShaderCompilers: Display: Submitted 40 shader compile jobs with 'Low' priority
[2025.02.17-00.43.07:182][  0]LogShaderCompilers: Display: Worker (15/19): shaders left to compile 2942
[2025.02.17-00.43.07:182][  0]LogShaderCompilers: Display: Started 10 'Local' shader compile jobs with 'Low' priority
[2025.02.17-00.43.07:182][  0]LogTexture: Display: 텍스처 빌드: t_smokebomb (OODLE_AutoDXT, 2048X2048)
[2025.02.17-00.43.07:182][  0]LogShaderCompilers: Display: Worker (3/19): shaders left to compile 2932
[2025.02.17-00.43.07:182][  0]LogShaderCompilers: Display: Started 10 'Local' shader compile jobs with 'Low' priority
[2025.02.17-00.43.07:182][  0]LogTextureFormatOodle: Display: non-RDO encode 1024 x 1024 x 1 to format OODLE_AutoDXT (Oodle OodleTex_BC3) lambda=0 effort=20 
[2025.02.17-00.43.07:182][  0]LogTextureFormatOodle: Display: non-RDO encode 2048 x 2048 x 1 to format OODLE_AutoDXT (Oodle OodleTex_BC3) lambda=0 effort=20 
[2025.02.17-00.43.07:182][  0]LogMaterial: Display: Missing cached shadermap for M_smoke_bomb_noise_01 in PCD3D_SM5, Default, SM5 (DDC key hash: EEA91405A1B05C495CBFB8824FBB3B53948CB976), compiling. 
[2025.02.17-00.43.07:254][  0]LogShaderCompilers: Display: Submitted 102 shader compile jobs with 'Low' priority
[2025.02.17-00.43.07:256][  0]LogMaterial: Display: Missing cached shadermap for M_CoreShapes in PCD3D_SM5, Default, SM5 (DDC key hash: 4E939A70CE8E0BA2C4E2BB0587CB47AD529E0B4D), compiling. 
[2025.02.17-00.43.07:283][  0]LogShaderCompilers: Display: Submitted 40 shader compile jobs with 'Low' priority
[2025.02.17-00.43.07:962][  0]LogShaderCompilers: Display: Worker (9/19): shaders left to compile 3064
[2025.02.17-00.43.07:962][  0]LogShaderCompilers: Display: Started 10 'Local' shader compile jobs with 'Low' priority
[2025.02.17-00.43.07:962][  0]LogShaderCompilers: Display: Worker (7/19): shaders left to compile 3054
[2025.02.17-00.43.07:962][  0]LogShaderCompilers: Display: Started 10 'Local' shader compile jobs with 'Low' priority
[2025.02.17-00.43.07:962][  0]LogShaderCompilers: Display: Worker (1/19): shaders left to compile 3044
[2025.02.17-00.43.07:962][  0]LogShaderCompilers: Display: Started 10 'Local' shader compile jobs with 'Low' priority
[2025.02.17-00.43.07:970][  0]LogStaticMesh: SM_BulletCasing 스태틱 메시 빌드중...
[2025.02.17-00.43.07:978][  0]LogTexture: Display: 텍스처 빌드: t_BulletBase (OODLE_AutoDXT, 256X256)
[2025.02.17-00.43.07:978][  0]LogTexture: Display: 텍스처 빌드: ThumbnailTexture (OODLE_DXT1, 512X512)
[2025.02.17-00.43.07:978][  0]LogStaticMesh: Built static mesh [0.01s] /Game/Particles_Rifle/Meshes/SM_BulletCasing.SM_BulletCasing
[2025.02.17-00.43.08:007][  0]LogTexture: Display: 텍스처 빌드: BulletNormal (OODLE_BC5, 1024X1024)
[2025.02.17-00.43.08:007][  0]LogTextureFormatOodle: Display: non-RDO encode 1024 x 1024 x 1 to format OODLE_BC5 (Oodle OodleTex_BC5U) lambda=0 effort=20 
[2025.02.17-00.43.08:007][  0]LogMaterial: Display: Missing cached shadermap for M_BulletEject in PCD3D_SM5, Default, SM5 (DDC key hash: 3C2D60112E9EBF396CEA69C110315F0969B60541), compiling. 
[2025.02.17-00.43.08:049][  0]LogShaderCompilers: Display: Submitted 53 shader compile jobs with 'Low' priority
[2025.02.17-00.43.08:069][  0]LogTexture: Display: 텍스처 빌드: t_NormalTest (OODLE_BC5, 256X256)
[2025.02.17-00.43.08:069][  0]LogTexture: Display: 텍스처 빌드: t_cloud_graypack_02 (OODLE_AutoDXT, 256X256)
[2025.02.17-00.43.08:069][  0]LogTexture: Display: 텍스처 빌드: t_ember (OODLE_AutoDXT, 128X128)
[2025.02.17-00.43.08:069][  0]LogTexture: Display: 텍스처 빌드: ThumbnailTexture (OODLE_DXT1, 512X512)
[2025.02.17-00.43.08:069][  0]LogMaterial: Display: Missing cached shadermap for M_Ember in PCD3D_SM5, Default, SM5 (DDC key hash: BE8A5E30226867F12122510BC694FD028CFC68B2), compiling. 
[2025.02.17-00.43.08:097][  0]LogShaderCompilers: Display: Submitted 40 shader compile jobs with 'Low' priority
[2025.02.17-00.43.08:101][  0]LogMaterial: Display: Missing cached shadermap for M_smoke_bomb_dirlit_01 in PCD3D_SM5, Default, SM5 (DDC key hash: 0121B34F8B0AF19F7A0F8A9BF294C8F1FD3F4C67), compiling. 
[2025.02.17-00.43.08:178][  0]LogShaderCompilers: Display: Worker (5/19): shaders left to compile 3127
[2025.02.17-00.43.08:178][  0]LogShaderCompilers: Display: Started 10 'Local' shader compile jobs with 'Low' priority
[2025.02.17-00.43.08:178][  0]LogShaderCompilers: Display: Worker (18/19): shaders left to compile 3117
[2025.02.17-00.43.08:178][  0]LogShaderCompilers: Display: Started 10 'Local' shader compile jobs with 'Low' priority
[2025.02.17-00.43.08:178][  0]LogShaderCompilers: Display: Worker (16/19): shaders left to compile 3107
[2025.02.17-00.43.08:178][  0]LogShaderCompilers: Display: Started 10 'Local' shader compile jobs with 'Low' priority
[2025.02.17-00.43.08:178][  0]LogShaderCompilers: Display: Submitted 102 shader compile jobs with 'Low' priority
[2025.02.17-00.43.08:186][  0]LogAudioDerivedData: Display: OGG 압축 오디오 포맷 S_RifleShoot 웨이브 빌드중...
[2025.02.17-00.43.08:186][  0]LogAudioDerivedData: Display: Compression Quality for SoundWave /Game/Sound/S_RifleShoot/S_RifleShoot.S_RifleShoot will be modified from 100 to 100.
[2025.02.17-00.43.08:240][  0]LogAudioDerivedData: Display: Updated SoundWave->RawPCMDataSize from 0 to 390884 while cooking SoundWave /Game/Sound/S_RifleShoot/S_RifleShoot.S_RifleShoot.
[2025.02.17-00.43.08:259][  0]LogTexture: Display: 텍스처 빌드: TEX_Hole_Masks (OODLE_AutoDXT, 256X256)
[2025.02.17-00.43.08:259][  0]LogTexture: Display: 텍스처 빌드: TEX_Hole_D (OODLE_AutoDXT, 256X256)
[2025.02.17-00.43.08:259][  0]LogTexture: Display: 텍스처 빌드: TEX_Hole_N (OODLE_BC5, 256X256)
[2025.02.17-00.43.08:259][  0]LogMaterial: Display: Missing cached shadermap for M_Decal in PCD3D_SM5, Default, SM5 (DDC key hash: 63F8EF5C4009F34B863541CA3E0F06687FFB6C24), compiling. 
[2025.02.17-00.43.08:289][  0]LogShaderCompilers: Display: Submitted 41 shader compile jobs with 'Low' priority
[2025.02.17-00.43.08:721][  0]LogShaderCompilers: Display: Worker (11/19): shaders left to compile 3240
[2025.02.17-00.43.08:721][  0]LogShaderCompilers: Display: Started 10 'Local' shader compile jobs with 'Low' priority
[2025.02.17-00.43.08:721][  0]LogShaderCompilers: Display: Worker (8/19): shaders left to compile 3230
[2025.02.17-00.43.08:721][  0]LogShaderCompilers: Display: Started 10 'Local' shader compile jobs with 'Low' priority
[2025.02.17-00.43.08:721][  0]LogShaderCompilers: Display: Worker (4/19): shaders left to compile 3220
[2025.02.17-00.43.08:721][  0]LogShaderCompilers: Display: Started 10 'Local' shader compile jobs with 'Low' priority
[2025.02.17-00.43.08:721][  0]SourceControl: 소스 컨트롤이 꺼졌습니다.
[2025.02.17-00.43.08:722][  0]SourceControl: 소스 컨트롤이 꺼졌습니다.
[2025.02.17-00.43.08:732][  0]SourceControl: 소스 컨트롤이 꺼졌습니다.
[2025.02.17-00.43.08:913][  0]LogMaterial: Display: Missing cached shadermap for M_VolumeRenderSphereTracePP in PCD3D_SM5, Default, SM5 (DDC key hash: E839D612A51B025EC6670B264CBDBD0E15A6552A), compiling. 
[2025.02.17-00.43.08:923][  0]LogShaderCompilers: Display: Submitted 12 shader compile jobs with 'Low' priority
[2025.02.17-00.43.08:939][  0]SourceControl: 소스 컨트롤이 꺼졌습니다.
[2025.02.17-00.43.09:025][  0]SourceControl: 소스 컨트롤이 꺼졌습니다.
[2025.02.17-00.43.09:069][  0]LogUProjectInfo: Found projects:
[2025.02.17-00.43.09:214][  0]LogShaderCompilers: Display: Worker (19/19): shaders left to compile 3222
[2025.02.17-00.43.09:214][  0]LogShaderCompilers: Display: Started 10 'Local' shader compile jobs with 'Low' priority
[2025.02.17-00.43.09:214][  0]LogMaterial: Display: Missing cached shadermap for SpeedTreeMaster in PCD3D_SM5, Default, SM5 (DDC key hash: 3AB7281B26E5E1F97B0E863A8BB94DE48F983682), compiling. 
[2025.02.17-00.43.09:312][  0]LogShaderCompilers: Display: Submitted 134 shader compile jobs with 'Low' priority
[2025.02.17-00.43.09:323][  0]LogMaterial: Display: Missing cached shadermap for SpeedTreeBillboardMaster in PCD3D_SM5, Default, SM5 (DDC key hash: FC6C8457691EEA6C998730097B6CFBE013833377), compiling. 
[2025.02.17-00.43.09:392][  0]LogShaderCompilers: Display: Submitted 96 shader compile jobs with 'Low' priority
[2025.02.17-00.43.09:488][  0]LogAndroidPermission: UAndroidPermissionCallbackProxy::GetInstance
[2025.02.17-00.43.09:496][  0]LogOpenImageDenoise: OIDN starting up
[2025.02.17-00.43.09:551][  0]LogAudioCaptureCore: Display: No Audio Capture implementations found. Audio input will be silent.
[2025.02.17-00.43.09:551][  0]LogAudioCaptureCore: Display: No Audio Capture implementations found. Audio input will be silent.
[2025.02.17-00.43.09:648][  0]LogShaderCompilers: Display: Worker (17/19): shaders left to compile 3442
[2025.02.17-00.43.09:648][  0]LogShaderCompilers: Display: Started 10 'Local' shader compile jobs with 'Low' priority
[2025.02.17-00.43.09:648][  0]LogShaderCompilers: Display: Worker (6/19): shaders left to compile 3432
[2025.02.17-00.43.09:648][  0]LogShaderCompilers: Display: Started 10 'Local' shader compile jobs with 'Low' priority
[2025.02.17-00.43.09:648][  0]LogMaterial: Display: Missing cached shadermap for M_XRController in PCD3D_SM5, Default, SM5 (DDC key hash: 25F8B857F294993CF78CD96F9FCCFC5AD5015887), compiling. 
[2025.02.17-00.43.09:667][  0]LogShaderCompilers: Display: Submitted 22 shader compile jobs with 'Low' priority
[2025.02.17-00.43.09:669][  0]LogMaterial: Display: Missing cached shadermap for MI_GoogleDaydream in PCD3D_SM5, Default, SM5 (DDC key hash: EEF284E0E4348C39817B790FF2F36BF0CF5A9E13), compiling. 
[2025.02.17-00.43.09:690][  0]LogShaderCompilers: Display: Submitted 22 shader compile jobs with 'Low' priority
[2025.02.17-00.43.09:736][  0]LogMaterial: Display: Missing cached shadermap for MI_right_ValveIndex in PCD3D_SM5, Default, SM5 (DDC key hash: 4B507AE808E14FB7B9F0B516587B81F164E0CFBC), compiling. 
[2025.02.17-00.43.09:753][  0]LogShaderCompilers: Display: Worker (14/19): shaders left to compile 3466
[2025.02.17-00.43.09:753][  0]LogShaderCompilers: Display: Started 10 'Local' shader compile jobs with 'Low' priority
[2025.02.17-00.43.09:753][  0]LogShaderCompilers: Display: Submitted 22 shader compile jobs with 'Low' priority
[2025.02.17-00.43.09:876][  0]LogShaderCompilers: Display: Worker (10/19): shaders left to compile 3478
[2025.02.17-00.43.09:876][  0]LogShaderCompilers: Display: Started 10 'Local' shader compile jobs with 'Low' priority
[2025.02.17-00.43.09:876][  0]LogCollectionManager: Loaded 0 collections in 0.003543 seconds
[2025.02.17-00.43.09:931][  0]LogFileCache: Scanning file cache for directory 'C:/Users/user/Desktop/Unreal_Engine_Projects/C++/Cpp_Project/Saved/Collections/' took 0.00s
[2025.02.17-00.43.09:931][  0]LogFileCache: Scanning file cache for directory 'C:/Users/user/Desktop/Unreal_Engine_Projects/C++/Cpp_Project/Content/Developers/user/Collections/' took 0.00s
[2025.02.17-00.43.09:931][  0]LogFileCache: Scanning file cache for directory 'C:/Users/user/Desktop/Unreal_Engine_Projects/C++/Cpp_Project/Content/Collections/' took 0.00s
[2025.02.17-00.43.09:931][  0]LogMaterial: Display: Missing cached shadermap for OculusMR_ChromaKey in PCD3D_SM5, Default, SM5 (DDC key hash: 6E16A9EB9CB92E8301CDDEDF0325795FF757BF16), compiling. 
[2025.02.17-00.43.09:942][  0]LogShaderCompilers: Display: Submitted 16 shader compile jobs with 'Low' priority
[2025.02.17-00.43.09:947][  0]LogMaterial: Display: Missing cached shadermap for OculusMR_OpaqueColoredMaterial in PCD3D_SM5, Default, SM5 (DDC key hash: 2F7FD6CF0EAB85C32D0C2C79854ECAFA04B3B929), compiling. 
[2025.02.17-00.43.09:955][  0]LogShaderCompilers: Display: Submitted 10 shader compile jobs with 'Low' priority
[2025.02.17-00.43.09:958][  0]LogOcInput: OculusInput pre-init called
[2025.02.17-00.43.09:996][  0]LogMaterial: Display: Missing cached shadermap for touchController_mat in PCD3D_SM5, Default, SM5 (DDC key hash: D23421F740D91AD81D4A5A880F1405DE872A053F), compiling. 
[2025.02.17-00.43.10:039][  0]LogShaderCompilers: Display: Submitted 60 shader compile jobs with 'Low' priority
[2025.02.17-00.43.10:052][  0]LogMaterial: Display: Missing cached shadermap for TouchForQuestRiftSControllerMaterial in PCD3D_SM5, Default, SM5 (DDC key hash: ED3235F819791B6F3E97772FE3770445C896C7D1), compiling. 
[2025.02.17-00.43.10:071][  0]LogShaderCompilers: Display: Submitted 22 shader compile jobs with 'Low' priority
[2025.02.17-00.43.10:404][  0]LogMaterial: Display: Missing cached shadermap for HighResScreenshot in PCD3D_SM5, Default, SM5 (DDC key hash: 2636C6E90CB330FBC3E9D543256837D1492C33A7), compiling. 
[2025.02.17-00.43.10:417][  0]LogShaderCompilers: Display: Submitted 18 shader compile jobs with 'Low' priority
[2025.02.17-00.43.10:421][  0]LogMaterial: Display: Missing cached shadermap for HighResScreenshotMask in PCD3D_SM5, Default, SM5 (DDC key hash: 1BDE782B4F5303DBD053B317D0ECF261A5C336A3), compiling. 
[2025.02.17-00.43.10:434][  0]LogShaderCompilers: Display: Submitted 18 shader compile jobs with 'Low' priority
[2025.02.17-00.43.10:438][  0]LogMaterial: Display: Missing cached shadermap for HighResScreenshotCaptureRegion in PCD3D_SM5, Default, SM5 (DDC key hash: AF83EBE88A23EC62AFFB81A345B21584B55DCC7B), compiling. 
[2025.02.17-00.43.10:448][  0]LogShaderCompilers: Display: Submitted 12 shader compile jobs with 'Low' priority
[2025.02.17-00.43.10:496][  0]LogEngine: Initializing Engine...
[2025.02.17-00.43.10:630][  0]LogHMD: Failed to enumerate extensions. Please check that you have a valid OpenXR runtime installed.
[2025.02.17-00.43.10:630][  0]LogHMD: Failed to initialize OpenVR with code 110
[2025.02.17-00.43.10:631][  0]LogMagicLeap: Warning: VR disabled because ZI is not enabled.  To enable, in the editor, Edit -> Project Settings -> Plugins -> Magic Leap Plugin -> Enable Zero Iteration
[2025.02.17-00.43.10:632][  0]LogStats: UGameplayTagsManager::InitializeManager -  0.000 s
[2025.02.17-00.43.10:641][  0]LogMaterial: Display: Missing cached shadermap for LevelColorationLitMaterial in PCD3D_SM5, Default, SM5 (DDC key hash: 0EAB2DE802F6B5A45533CE8D383EB9365408620A), compiling. Is special engine material.
[2025.02.17-00.43.11:383][  0]LogShaderCompilers: Display: Worker (1/19): shaders left to compile 3624
[2025.02.17-00.43.11:383][  0]LogShaderCompilers: Display: Started 10 'Local' shader compile jobs with 'Low' priority
[2025.02.17-00.43.11:383][  0]LogShaderCompilers: Display: Submitted 1173 shader compile jobs with 'Low' priority
[2025.02.17-00.43.11:391][  0]LogMaterial: Display: Missing cached shadermap for LevelColorationUnlitMaterial in PCD3D_SM5, Default, SM5 (DDC key hash: 8DBB1EC38AAD29C6377228D1679B0D7E3ED10740), compiling. Is special engine material.
[2025.02.17-00.43.11:841][  0]LogShaderCompilers: Display: Worker (16/19): shaders left to compile 4787
[2025.02.17-00.43.11:842][  0]LogShaderCompilers: Display: Started 10 'Local' shader compile jobs with 'Low' priority
[2025.02.17-00.43.11:842][  0]LogShaderCompilers: Display: Worker (2/19): shaders left to compile 4777
[2025.02.17-00.43.11:842][  0]LogShaderCompilers: Display: Started 10 'Local' shader compile jobs with 'Low' priority
[2025.02.17-00.43.11:842][  0]LogShaderCompilers: Display: Submitted 744 shader compile jobs with 'Low' priority
[2025.02.17-00.43.11:859][  0]LogMaterial: Display: Missing cached shadermap for MAT_LevelColorationLitLightmapUV in PCD3D_SM5, Default, SM5 (DDC key hash: A5CA8A30499138599069D20CF4F9A7349FBDB212), compiling. Is special engine material.
[2025.02.17-00.43.12:603][  0]LogShaderCompilers: Display: Worker (15/19): shaders left to compile 5511
[2025.02.17-00.43.12:603][  0]LogShaderCompilers: Display: Started 10 'Local' shader compile jobs with 'Low' priority
[2025.02.17-00.43.12:603][  0]LogShaderCompilers: Display: Worker (9/19): shaders left to compile 5501
[2025.02.17-00.43.12:603][  0]LogShaderCompilers: Display: Started 10 'Local' shader compile jobs with 'Low' priority
[2025.02.17-00.43.12:603][  0]LogShaderCompilers: Display: Worker (13/19): shaders left to compile 5491
[2025.02.17-00.43.12:603][  0]LogShaderCompilers: Display: Started 10 'Local' shader compile jobs with 'Low' priority
[2025.02.17-00.43.12:603][  0]LogShaderCompilers: Display: Worker (3/19): shaders left to compile 5481
[2025.02.17-00.43.12:603][  0]LogShaderCompilers: Display: Started 10 'Local' shader compile jobs with 'Low' priority
[2025.02.17-00.43.12:603][  0]LogShaderCompilers: Display: Submitted 1173 shader compile jobs with 'Low' priority
[2025.02.17-00.43.12:610][  0]LogMaterial: Display: Missing cached shadermap for ShadedLevelColorationLitMaterial in PCD3D_SM5, Default, SM5 (DDC key hash: 84C2374265A994232B66E2880804DD03D0BF8573), compiling. Is special engine material.
[2025.02.17-00.43.13:389][  0]LogShaderCompilers: Display: Worker (5/19): shaders left to compile 6644
[2025.02.17-00.43.13:389][  0]LogShaderCompilers: Display: Started 10 'Local' shader compile jobs with 'Low' priority
[2025.02.17-00.43.13:389][  0]LogShaderCompilers: Display: Worker (7/19): shaders left to compile 6634
[2025.02.17-00.43.13:389][  0]LogShaderCompilers: Display: Started 10 'Local' shader compile jobs with 'Low' priority
[2025.02.17-00.43.13:389][  0]LogShaderCompilers: Display: Worker (12/19): shaders left to compile 6624
[2025.02.17-00.43.13:389][  0]LogShaderCompilers: Display: Started 10 'Local' shader compile jobs with 'Low' priority
[2025.02.17-00.43.13:389][  0]LogShaderCompilers: Display: Submitted 1173 shader compile jobs with 'Low' priority
[2025.02.17-00.43.13:394][  0]LogMaterial: Display: Missing cached shadermap for ShadedLevelColorationUnlitMateri in PCD3D_SM5, Default, SM5 (DDC key hash: 5C7D8345E2620B9A0AB51F07EF6AA0344E7EBB3A), compiling. Is special engine material.
[2025.02.17-00.43.13:838][  0]LogShaderCompilers: Display: Worker (18/19): shaders left to compile 7787
[2025.02.17-00.43.13:838][  0]LogShaderCompilers: Display: Started 10 'Local' shader compile jobs with 'Low' priority
[2025.02.17-00.43.13:838][  0]LogShaderCompilers: Display: Submitted 744 shader compile jobs with 'Low' priority
[2025.02.17-00.43.13:843][  0]LogMaterial: Display: Missing cached shadermap for VertexColorViewMode_ColorOnly in PCD3D_SM5, Default, SM5 (DDC key hash: C103F78065CE9E6C3F34C93C80DF90486ED55D91), compiling. 
[2025.02.17-00.43.13:882][  0]LogShaderCompilers: Display: Submitted 60 shader compile jobs with 'Low' priority
[2025.02.17-00.43.13:885][  0]LogMaterial: Display: Missing cached shadermap for VertexColorViewMode_AlphaAsColor in PCD3D_SM5, Default, SM5 (DDC key hash: FED59B4D4CECB6654BC8E953CAD645F43739A29C), compiling. 
[2025.02.17-00.43.13:918][  0]LogShaderCompilers: Display: Submitted 48 shader compile jobs with 'Low' priority
[2025.02.17-00.43.13:921][  0]LogMaterial: Display: Missing cached shadermap for VertexColorViewMode_RedOnly in PCD3D_SM5, Default, SM5 (DDC key hash: 2DA03F5386CA5D814B240D30ACB4216411B9AEEB), compiling. 
[2025.02.17-00.43.13:953][  0]LogShaderCompilers: Display: Submitted 48 shader compile jobs with 'Low' priority
[2025.02.17-00.43.13:956][  0]LogMaterial: Display: Missing cached shadermap for VertexColorViewMode_GreenOnly in PCD3D_SM5, Default, SM5 (DDC key hash: C7E8FE51002CAF1DAC18FC0AA537C89D3CB268F6), compiling. 
[2025.02.17-00.43.13:990][  0]LogShaderCompilers: Display: Submitted 48 shader compile jobs with 'Low' priority
[2025.02.17-00.43.13:993][  0]LogMaterial: Display: Missing cached shadermap for VertexColorViewMode_BlueOnly in PCD3D_SM5, Default, SM5 (DDC key hash: 47694F6248E91330C0D5BD33890706104ACEB833), compiling. 
[2025.02.17-00.43.14:026][  0]LogShaderCompilers: Display: Submitted 48 shader compile jobs with 'Low' priority
[2025.02.17-00.43.14:028][  0]LogMaterial: Display: Missing cached shadermap for RemoveSurfaceMaterial in PCD3D_SM5, Default, SM5 (DDC key hash: 057C18DBB2BA1655ADAAEC465D71E45A96C155B9), compiling. 
[2025.02.17-00.43.14:038][  0]LogShaderCompilers: Display: Submitted 10 shader compile jobs with 'Low' priority
[2025.02.17-00.43.14:041][  0]LogMaterial: Display: Missing cached shadermap for DebugMeshMaterial in PCD3D_SM5, Default, SM5 (DDC key hash: 7210756524A490B0197A78DBFD83EFDC5FE547C6), compiling. 
[2025.02.17-00.43.14:054][  0]LogShaderCompilers: Display: Submitted 18 shader compile jobs with 'Low' priority
[2025.02.17-00.43.14:059][  0]LogMaterial: Display: Missing cached shadermap for EmissiveMeshMaterial in PCD3D_SM5, Default, SM5 (DDC key hash: 0946EED3E51E4952A07F0E8EAB00B3FD9686E5A7), compiling. 
[2025.02.17-00.43.14:073][  0]LogShaderCompilers: Display: Submitted 18 shader compile jobs with 'Low' priority
[2025.02.17-00.43.14:079][  0]LogMaterial: Display: Missing cached shadermap for M_InvalidLightmapSettings in PCD3D_SM5, Default, SM5 (DDC key hash: 8A752CBFB7D3E80C227E3BC1242E86321A7AB6D9), compiling. 
[2025.02.17-00.43.14:114][  0]LogShaderCompilers: Display: Submitted 44 shader compile jobs with 'Low' priority
[2025.02.17-00.43.14:117][  0]LogMaterial: Display: Missing cached shadermap for GizmoMaterial in PCD3D_SM5, Default, SM5 (DDC key hash: 1F12A61A9A0BE13723C43113B396AFC8922F9663), compiling. 
[2025.02.17-00.43.14:130][  0]LogShaderCompilers: Display: Submitted 15 shader compile jobs with 'Low' priority
[2025.02.17-00.43.14:137][  0]LogMaterial: Display: Missing cached shadermap for PhAT_JointLimitMaterial in PCD3D_SM5, Default, SM5 (DDC key hash: 7C82AB8DA97EAC0948683A584F85E17C1DE4AB5A), compiling. 
[2025.02.17-00.43.14:158][  0]LogShaderCompilers: Display: Submitted 27 shader compile jobs with 'Low' priority
[2025.02.17-00.43.14:162][  0]LogMaterial: Display: Missing cached shadermap for GeomMaterial in PCD3D_SM5, Default, SM5 (DDC key hash: 5E7F6E9AA0C9D42B84CF92360B81627FF7AC0777), compiling. 
[2025.02.17-00.43.14:175][  0]LogShaderCompilers: Display: Submitted 16 shader compile jobs with 'Low' priority
[2025.02.17-00.43.14:178][  0]LogMaterial: Display: Missing cached shadermap for EditorBrushMaterial in PCD3D_SM5, Default, SM5 (DDC key hash: BBDA2E4BE75B0ED39B1298F8C79558E718C5740C), compiling. 
[2025.02.17-00.43.14:191][  0]LogShaderCompilers: Display: Submitted 16 shader compile jobs with 'Low' priority
[2025.02.17-00.43.14:197][  0]LogMaterial: Display: Missing cached shadermap for BoneWeightMaterial in PCD3D_SM5, Default, SM5 (DDC key hash: 5AD15D460BF011CFDF3E042F683EA10D700A4A48), compiling. 
[2025.02.17-00.43.14:265][  0]LogShaderCompilers: Display: Submitted 91 shader compile jobs with 'Low' priority
[2025.02.17-00.43.14:270][  0]LogMaterial: Display: Missing cached shadermap for ClothMaterial in PCD3D_SM5, Default, SM5 (DDC key hash: 4642DC41082BA87CF4294385EB4CC308FA3A35DA), compiling. 
[2025.02.17-00.43.14:286][  0]LogShaderCompilers: Display: Submitted 18 shader compile jobs with 'Low' priority
[2025.02.17-00.43.14:290][  0]LogShaderCompilers: Display: Worker (16/19): shaders left to compile 9046
[2025.02.17-00.43.14:290][  0]LogShaderCompilers: Display: Started 10 'Local' shader compile jobs with 'Low' priority
[2025.02.17-00.43.14:290][  0]LogMaterial: Display: Missing cached shadermap for ClothMaterial_WF in PCD3D_SM5, Default, SM5 (DDC key hash: 34567F03C1ABA1A78B7B578B93FB35A3E8958222), compiling. 
[2025.02.17-00.43.14:308][  0]LogShaderCompilers: Display: Submitted 21 shader compile jobs with 'Low' priority
[2025.02.17-00.43.14:312][  0]LogMaterial: Display: Missing cached shadermap for DebugEditorMaterial in PCD3D_SM5, Default, SM5 (DDC key hash: BC15440CAA3E930DE83B7EA33EE7FB338245E0D6), compiling. 
[2025.02.17-00.43.14:325][  0]LogShaderCompilers: Display: Submitted 15 shader compile jobs with 'Low' priority
[2025.02.17-00.43.14:330][  0]LogMaterial: Display: Missing cached shadermap for PhysicalMaterialMaskMaterial in PCD3D_SM5, Default, SM5 (DDC key hash: 6053ED4EBBFDE44574B8AB4E3B0FE1CDFB804A17), compiling. 
[2025.02.17-00.43.14:440][  0]LogShaderCompilers: Display: Submitted 149 shader compile jobs with 'Low' priority
[2025.02.17-00.43.14:444][  0]LogMaterial: Display: Missing cached shadermap for PreviewShadowIndicatorMaterial in PCD3D_SM5, Default, SM5 (DDC key hash: FFE499E9508381F480F83D0068558E194C84F3A3), compiling. 
[2025.02.17-00.43.14:461][  0]LogShaderCompilers: Display: Worker (15/19): shaders left to compile 9221
[2025.02.17-00.43.14:461][  0]LogShaderCompilers: Display: Started 10 'Local' shader compile jobs with 'Low' priority
[2025.02.17-00.43.14:461][  0]LogShaderCompilers: Display: Submitted 27 shader compile jobs with 'Low' priority
[2025.02.17-00.43.14:535][  0]LogInit: Initializing FReadOnlyCVARCache
[2025.02.17-00.43.14:556][  0]LogAIModule: Creating AISystem for world Untitled
[2025.02.17-00.43.14:571][  0]LogAudio: Display: Initializing Audio Device Manager...
[2025.02.17-00.43.14:580][  0]LogShaderCompilers: Display: Worker (13/19): shaders left to compile 9238
[2025.02.17-00.43.14:580][  0]LogShaderCompilers: Display: Started 10 'Local' shader compile jobs with 'Low' priority
[2025.02.17-00.43.14:580][  0]LogAudio: Display: Loading Default Audio Settings Objects...
[2025.02.17-00.43.14:582][  0]LogAudio: Display: No default SoundConcurrencyObject specified (or failed to load).
[2025.02.17-00.43.14:583][  0]LogAudio: Display: Audio Device Manager Initialized
[2025.02.17-00.43.14:583][  0]LogAudio: Display: Creating Audio Device:                 Id: 1, Scope: Shared, Realtime: True
[2025.02.17-00.43.14:583][  0]LogAudioMixer: Display: Audio Mixer Platform Settings:
[2025.02.17-00.43.14:583][  0]LogAudioMixer: Display: 	Sample Rate:						  48000
[2025.02.17-00.43.14:583][  0]LogAudioMixer: Display: 	Callback Buffer Frame Size Requested: 1024
[2025.02.17-00.43.14:583][  0]LogAudioMixer: Display: 	Callback Buffer Frame Size To Use:	  1024
[2025.02.17-00.43.14:583][  0]LogAudioMixer: Display: 	Number of buffers to queue:			  2
[2025.02.17-00.43.14:583][  0]LogAudioMixer: Display: 	Max Channels (voices):				  32
[2025.02.17-00.43.14:583][  0]LogAudioMixer: Display: 	Number of Async Source Workers:		  0
[2025.02.17-00.43.14:583][  0]LogAudio: Display: AudioDevice MaxSources: 32
[2025.02.17-00.43.14:584][  0]LogAudio: Display: Audio Spatialization Plugin: None (built-in).
[2025.02.17-00.43.14:584][  0]LogAudio: Display: Audio Reverb Plugin: None (built-in).
[2025.02.17-00.43.14:584][  0]LogAudio: Display: Audio Occlusion Plugin: None (built-in).
[2025.02.17-00.43.14:584][  0]LogAudioMixer: Display: Initializing audio mixer.
[2025.02.17-00.43.14:606][  0]LogAudioMixer: Display: 0: FrontLeft
[2025.02.17-00.43.14:606][  0]LogAudioMixer: Display: 1: FrontRight
[2025.02.17-00.43.14:766][  0]LogAudioMixer: Display: Using Audio Device 스피커(Realtek(R) Audio)
[2025.02.17-00.43.14:769][  0]LogAudioMixer: Display: Initializing Sound Submixes...
[2025.02.17-00.43.14:773][  0]LogAudioMixer: Display: Creating Master Submix 'MasterSubmixDefault'
[2025.02.17-00.43.14:773][  0]LogAudioMixer: Display: Creating Master Submix 'MasterReverbSubmixDefault'
[2025.02.17-00.43.14:774][  0]LogAudioMixer: Display: Creating Master Submix 'MasterEQSubmixDefault'
[2025.02.17-00.43.14:774][  0]LogAudioMixer: FMixerPlatformXAudio2::StartAudioStream() called
[2025.02.17-00.43.14:774][  0]LogAudioMixer: Display: Output buffers initialized: Frames=1024, Channels=2, Samples=2048
[2025.02.17-00.43.14:777][  0]LogAudioMixer: Display: Starting AudioMixerPlatformInterface::RunInternal()
[2025.02.17-00.43.14:777][  0]LogAudioMixer: Display: FMixerPlatformXAudio2::SubmitBuffer() called for the first time
[2025.02.17-00.43.14:777][  0]LogInit: FAudioDevice initialized.
[2025.02.17-00.43.14:777][  0]LogAudio: Display: Audio Device (ID: 1) registered with world 'Untitled'.
[2025.02.17-00.43.14:777][  0]LogNetVersion: Set ProjectVersion to 1.0.0.0. Version Checksum will be recalculated on next use.
[2025.02.17-00.43.14:916][  0]LogShaderCompilers: Display: Worker (11/19): shaders left to compile 9228
[2025.02.17-00.43.14:916][  0]LogShaderCompilers: Display: Started 10 'Local' shader compile jobs with 'Low' priority
[2025.02.17-00.43.14:916][  0]LogShaderCompilers: Display: Worker (8/19): shaders left to compile 9218
[2025.02.17-00.43.14:916][  0]LogShaderCompilers: Display: Started 10 'Local' shader compile jobs with 'Low' priority
[2025.02.17-00.43.14:916][  0]LogDerivedDataCache: Saved boot cache 0.14s 205MB C:/Users/user/AppData/Local/UnrealEngine/4.27/DerivedDataCache/Boot.ddc.
[2025.02.17-00.43.14:919][  0]LogInit: Texture streaming: Enabled
[2025.02.17-00.43.14:949][  0]LogAnalytics: Display: [UEEditor.Rocket.Release] APIServer = https://datarouter.ol.epicgames.com/. AppVersion = 4.27.2-18319896+++UE4+Release-4.27
[2025.02.17-00.43.14:959][  0]LogEngineSessionManager: EngineSessionManager initialized
[2025.02.17-00.43.14:959][  0]LogEditorSessionSummary: Verbose: Initializing EditorSessionSummaryWriter for editor session tracking
[2025.02.17-00.43.14:963][  0]LogEditorSessionSummary: EditorSessionSummaryWriter initialized
[2025.02.17-00.43.15:020][  0]LogInit: Transaction tracking system initialized
[2025.02.17-00.43.15:091][  0]BlueprintLog: New page: 에디터 로드
[2025.02.17-00.43.15:272][  0]LogShaderCompilers: Display: Worker (3/19): shaders left to compile 9208
[2025.02.17-00.43.15:272][  0]LogShaderCompilers: Display: Started 10 'Local' shader compile jobs with 'Low' priority
[2025.02.17-00.43.15:272][  0]LocalizationService: 현지화 서비스가 비활성화되었습니다.
[2025.02.17-00.43.15:345][  0]LogShaderCompilers: Display: Worker (2/19): shaders left to compile 9198
[2025.02.17-00.43.15:345][  0]LogShaderCompilers: Display: Started 10 'Local' shader compile jobs with 'Low' priority
[2025.02.17-00.43.15:345][  0]TimingProfiler: Initialize
[2025.02.17-00.43.15:347][  0]TimingProfiler: OnSessionChanged
[2025.02.17-00.43.15:347][  0]LoadingProfiler: Initialize
[2025.02.17-00.43.15:347][  0]LoadingProfiler: OnSessionChanged
[2025.02.17-00.43.15:348][  0]NetworkingProfiler: Initialize
[2025.02.17-00.43.15:348][  0]NetworkingProfiler: OnSessionChanged
[2025.02.17-00.43.15:348][  0]MemoryProfiler: Initialize
[2025.02.17-00.43.15:348][  0]MemoryProfiler: OnSessionChanged
[2025.02.17-00.43.15:551][  0]LogShaderCompilers: Display: Worker (14/19): shaders left to compile 9188
[2025.02.17-00.43.15:551][  0]LogShaderCompilers: Display: Started 10 'Local' shader compile jobs with 'Low' priority
[2025.02.17-00.43.15:551][  0]LogShaderCompilers: Display: Worker (9/19): shaders left to compile 9178
[2025.02.17-00.43.15:551][  0]LogShaderCompilers: Display: Started 10 'Local' shader compile jobs with 'Low' priority
[2025.02.17-00.43.15:551][  0]LogShaderCompilers: Display: Worker (10/19): shaders left to compile 9168
[2025.02.17-00.43.15:551][  0]LogShaderCompilers: Display: Started 10 'Local' shader compile jobs with 'Low' priority
[2025.02.17-00.43.15:551][  0]LogMaterial: Display: Missing cached shadermap for Cross_Mat in PCD3D_SM5, Default, SM5 (DDC key hash: B3E73BC114726FAAD484DA83A87911B7D5E22FA2), compiling. 
[2025.02.17-00.43.15:573][  0]LogShaderCompilers: Display: Submitted 30 shader compile jobs with 'Low' priority
[2025.02.17-00.43.15:577][  0]LogMaterial: Display: Missing cached shadermap for PhAT_BoneSelectedMaterial in PCD3D_SM5, Default, SM5 (DDC key hash: 10B72286CD52A417349F21ED69320693F0E93223), compiling. 
[2025.02.17-00.43.15:590][  0]LogShaderCompilers: Display: Submitted 16 shader compile jobs with 'Low' priority
[2025.02.17-00.43.15:593][  0]LogMaterial: Display: Missing cached shadermap for PhAT_ElemSelectedMaterial in PCD3D_SM5, Default, SM5 (DDC key hash: 06ED2511A265EC70C5312E634698A77162E5AFA0), compiling. 
[2025.02.17-00.43.15:606][  0]LogShaderCompilers: Display: Submitted 16 shader compile jobs with 'Low' priority
[2025.02.17-00.43.15:610][  0]LogMaterial: Display: Missing cached shadermap for PhAT_NoCollisionMaterial in PCD3D_SM5, Default, SM5 (DDC key hash: F52561E57EC5D8E8BF961A474AFFFFEC104F86BC), compiling. 
[2025.02.17-00.43.15:622][  0]LogShaderCompilers: Display: Submitted 16 shader compile jobs with 'Low' priority
[2025.02.17-00.43.15:625][  0]LogMaterial: Display: Missing cached shadermap for PhAT_UnselectedMaterial in PCD3D_SM5, Default, SM5 (DDC key hash: 86F014AA2BE36D78DD953D378D8834B7264AD39F), compiling. 
[2025.02.17-00.43.15:637][  0]LogShaderCompilers: Display: Submitted 16 shader compile jobs with 'Low' priority
[2025.02.17-00.43.15:642][  0]LogMaterial: Display: Missing cached shadermap for Tick_Mat in PCD3D_SM5, Default, SM5 (DDC key hash: F16490BB17E284694F9AA8D5E97CAD826ADF498E), compiling. 
[2025.02.17-00.43.15:663][  0]LogShaderCompilers: Display: Submitted 30 shader compile jobs with 'Low' priority
[2025.02.17-00.43.15:668][  0]LogMaterial: Display: Missing cached shadermap for WidgetGridVertexColorMaterial_Ma in PCD3D_SM5, Default, SM5 (DDC key hash: AB60862928C283BDB11AF832A79EC0ECAD1D8BCB), compiling. 
[2025.02.17-00.43.15:682][  0]LogShaderCompilers: Display: Worker (5/19): shaders left to compile 9282
[2025.02.17-00.43.15:682][  0]LogShaderCompilers: Display: Started 10 'Local' shader compile jobs with 'Low' priority
[2025.02.17-00.43.15:682][  0]LogShaderCompilers: Display: Submitted 18 shader compile jobs with 'Low' priority
[2025.02.17-00.43.15:685][  0]LogMaterial: Display: Missing cached shadermap for WidgetMaterial in PCD3D_SM5, Default, SM5 (DDC key hash: B1290D8842195B90D1BBED764731FD2E087243FA), compiling. 
[2025.02.17-00.43.15:697][  0]LogShaderCompilers: Display: Submitted 15 shader compile jobs with 'Low' priority
[2025.02.17-00.43.15:700][  0]LogMaterial: Display: Missing cached shadermap for WidgetMaterial_Current in PCD3D_SM5, Default, SM5 (DDC key hash: B0943A07CFC759D6E426869D8FDB0C96E4C6A9E6), compiling. 
[2025.02.17-00.43.15:713][  0]LogShaderCompilers: Display: Submitted 15 shader compile jobs with 'Low' priority
[2025.02.17-00.43.15:715][  0]LogMaterial: Display: Missing cached shadermap for WidgetMaterial_X in PCD3D_SM5, Default, SM5 (DDC key hash: 536AA1AD2D9E4F00983B135756FE51C05863C6FF), compiling. 
[2025.02.17-00.43.15:728][  0]LogShaderCompilers: Display: Submitted 15 shader compile jobs with 'Low' priority
[2025.02.17-00.43.15:731][  0]LogMaterial: Display: Missing cached shadermap for WidgetMaterial_Y in PCD3D_SM5, Default, SM5 (DDC key hash: 415B736872F7E1EDFEBEA7E1A0A95CC2AFF923A9), compiling. 
[2025.02.17-00.43.15:743][  0]LogShaderCompilers: Display: Submitted 15 shader compile jobs with 'Low' priority
[2025.02.17-00.43.15:746][  0]LogMaterial: Display: Missing cached shadermap for WidgetMaterial_Z in PCD3D_SM5, Default, SM5 (DDC key hash: 6450F820A5E93BA2131AEA55009824FD3F31889C), compiling. 
[2025.02.17-00.43.15:758][  0]LogShaderCompilers: Display: Submitted 15 shader compile jobs with 'Low' priority
[2025.02.17-00.43.15:761][  0]LogMaterial: Display: Missing cached shadermap for WidgetVertexColorMaterial in PCD3D_SM5, Default, SM5 (DDC key hash: 95234502D1014031A006AD244C68D240C6F9BC8C), compiling. 
[2025.02.17-00.43.15:775][  0]LogShaderCompilers: Display: Submitted 18 shader compile jobs with 'Low' priority
[2025.02.17-00.43.15:794][  0]LogMaterial: Display: Missing cached shadermap for LevelGridMaterial in PCD3D_SM5, Default, SM5 (DDC key hash: 3623269372830BFCA210C8387A636076C63F2465), compiling. 
[2025.02.17-00.43.15:818][  0]LogShaderCompilers: Display: Submitted 30 shader compile jobs with 'Low' priority
[2025.02.17-00.43.15:839][  0]LogMaterial: Display: Missing cached shadermap for BlinkingCaret in PCD3D_SM5, Default, SM5 (DDC key hash: 6E0088016937EAF0CB2D8DDFC5BD707841AB3B40), compiling. 
[2025.02.17-00.43.15:852][  0]LogShaderCompilers: Display: Submitted 16 shader compile jobs with 'Low' priority
[2025.02.17-00.43.15:872][  0]LogMaterial: Display: Missing cached shadermap for M_StreamingPause in PCD3D_SM5, Default, SM5 (DDC key hash: F71BC9130EF14214D96DD9F610AE4B6A23F5401E), compiling. 
[2025.02.17-00.43.15:884][  0]LogShaderCompilers: Display: Submitted 16 shader compile jobs with 'Low' priority
[2025.02.17-00.43.15:905][  0]LogCook: Display: CookSettings for Memory: MemoryMaxUsedVirtual 0MiB, MemoryMaxUsedPhysical 16384MiB, MemoryMinFreeVirtual 0MiB, MemoryMinFreePhysical 1024MiB
[2025.02.17-00.43.15:905][  0]LogCook: Display: Mobile HDR setting 1
[2025.02.17-00.43.16:091][  0]LogFileCache: Scanning file cache for directory 'C:/Users/user/Desktop/Unreal_Engine_Projects/C++/Cpp_Project/Content/' took 0.01s
[2025.02.17-00.43.16:384][  0]LogShaderCompilers: Display: Worker (4/19): shaders left to compile 9445
[2025.02.17-00.43.16:384][  0]LogShaderCompilers: Display: Started 10 'Local' shader compile jobs with 'Low' priority
[2025.02.17-00.43.16:653][  0]LogShaderCompilers: Display: Worker (7/19): shaders left to compile 9435
[2025.02.17-00.43.16:654][  0]LogShaderCompilers: Display: Started 10 'Local' shader compile jobs with 'Low' priority
[2025.02.17-00.43.16:654][  0]LogShaderCompilers: Display: Worker (6/19): shaders left to compile 9425
[2025.02.17-00.43.16:654][  0]LogShaderCompilers: Display: Started 10 'Local' shader compile jobs with 'Low' priority
[2025.02.17-00.43.16:654][  0]LogShaderCompilers: Display: Worker (12/19): shaders left to compile 9415
[2025.02.17-00.43.16:654][  0]LogShaderCompilers: Display: Started 10 'Local' shader compile jobs with 'Low' priority
[2025.02.17-00.43.16:654][  0]LogShaderCompilers: Display: Worker (18/19): shaders left to compile 9405
[2025.02.17-00.43.16:654][  0]LogShaderCompilers: Display: Started 10 'Local' shader compile jobs with 'Low' priority
[2025.02.17-00.43.16:654][  0]LogShaderCompilers: Display: Worker (1/19): shaders left to compile 9395
[2025.02.17-00.43.16:654][  0]LogShaderCompilers: Display: Started 10 'Local' shader compile jobs with 'Low' priority
[2025.02.17-00.43.16:654][  0]LogInit: Display: Engine is initialized. Leaving FEngineLoop::Init()
[2025.02.17-00.43.16:660][  0]SourceControl: 소스 컨트롤이 꺼졌습니다.
[2025.02.17-00.43.16:660][  0]LogUnrealEdMisc: Loading editor; pre map load, took 323.930
[2025.02.17-00.43.16:660][  0]Cmd: MAP LOAD FILE="../../../../../../Users/user/Desktop/Unreal_Engine_Projects/C++/Cpp_Project/Content/Levels/Level.umap" TEMPLATE=0 SHOWPROGRESS=1 FEATURELEVEL=3
[2025.02.17-00.43.16:661][  0]LightingResults: New page: 라이팅 빌드
[2025.02.17-00.43.16:663][  0]LogWorld: UWorld::CleanupWorld for Untitled, bSessionEnded=true, bCleanupResources=true
[2025.02.17-00.43.16:664][  0]LogSlate: InvalidateAllWidgets triggered.  All widgets were invalidated
[2025.02.17-00.43.16:664][  0]MapCheck: New page: 맵 체크
[2025.02.17-00.43.16:664][  0]LightingResults: New page: 라이팅 빌드
[2025.02.17-00.43.17:418][  0]LogAudio: Display: Audio Device unregistered from world 'None'.
[2025.02.17-00.43.17:424][  0]LogUObjectHash: Compacting FUObjectHashTables data took   1.30ms
[2025.02.17-00.43.17:492][  0]LogShaderCompilers: Display: Worker (11/19): shaders left to compile 9385
[2025.02.17-00.43.17:492][  0]LogShaderCompilers: Display: Started 10 'Local' shader compile jobs with 'Low' priority
[2025.02.17-00.43.17:492][  0]LogShaderCompilers: Display: Worker (13/19): shaders left to compile 9375
[2025.02.17-00.43.17:492][  0]LogShaderCompilers: Display: Started 10 'Local' shader compile jobs with 'Low' priority
[2025.02.17-00.43.17:492][  0]LogLinker: Warning: [AssetLog] C:\Users\user\Desktop\Unreal_Engine_Projects\C++\Cpp_Project\Content\Levels\Level.umap: '{FileName}': 파일을 찾을 수 없습니다. 로드에 실패했습니다.
[2025.02.17-00.43.17:494][  0]LogLinker: Warning: [AssetLog] C:\Users\user\Desktop\Unreal_Engine_Projects\C++\Cpp_Project\Content\Levels\Level.umap: '{FileName}': 에셋에 대한 파일을 찾을 수 없습니다. 로드에 실패했습니다.
[2025.02.17-00.43.17:496][  0]LogLinker: Warning: [AssetLog] C:\Users\user\Desktop\Unreal_Engine_Projects\C++\Cpp_Project\Content\Levels\Level.umap: '{FileName}': 에셋에 대한 파일을 찾을 수 없습니다. 로드에 실패했습니다.
[2025.02.17-00.43.17:502][  0]LogLinker: Warning: [AssetLog] C:\Users\user\Desktop\Unreal_Engine_Projects\C++\Cpp_Project\Content\Levels\Level.umap: '{FileName}': 에셋에 대한 파일을 찾을 수 없습니다. 로드에 실패했습니다.
[2025.02.17-00.43.17:502][  0]LoadErrors: 로드에 실패했습니다. /Game/Levels/Level_BuiltData.Level_BuiltData 참조한 것: PersistentLevel
[2025.02.17-00.43.17:509][  0]LogMaterial: Display: Missing cached shadermap for BasicShapeMaterial in PCD3D_SM5, Default, SM5 (DDC key hash: 17CB75D9748A60C9A8F894A36D76BC5A829654E0), compiling. 
[2025.02.17-00.43.17:581][  0]LogShaderCompilers: Display: Submitted 99 shader compile jobs with 'Low' priority
[2025.02.17-00.43.17:584][  0]LogAudio: Display: Audio Device (ID: 1) registered with world 'Level'.
[2025.02.17-00.43.17:586][  0]LogAIModule: Creating AISystem for world Level
[2025.02.17-00.43.18:371][  0]LogEditorServer: Finished looking for orphan Actors (0.000 secs)
[2025.02.17-00.43.18:761][  0]LogUObjectHash: Compacting FUObjectHashTables data took   1.54ms
[2025.02.17-00.43.18:770][  0]Cmd: MAP CHECKDEP NOCLEARLOG
[2025.02.17-00.43.18:770][  0]MapCheck: 맵 체크 완료: 오류 0 회, 경고 0 회, 소요 시간 0.235ms.
[2025.02.17-00.43.18:770][  0]LogFileHelpers: Loading map 'Level' took 2.111
[2025.02.17-00.43.18:786][  0]LogUnrealEdMisc: Total Editor Startup Time, took 326.055
[2025.02.17-00.43.18:844][  0]LogShaderCompilers: Display: Worker (15/19): shaders left to compile 4
[2025.02.17-00.43.18:844][  0]LogShaderCompilers: Display: Started 1 'Local' shader compile jobs with 'ForceLocal' priority
[2025.02.17-00.43.18:876][  0]LogWindowsTextInputMethodSystem: Display: IME system activated using TSF (Microsoft 입력기).
[2025.02.17-00.43.19:039][  0]LogShaderCompilers: Display: Worker (16/19): shaders left to compile 3
[2025.02.17-00.43.19:039][  0]LogShaderCompilers: Display: Started 1 'Local' shader compile jobs with 'ForceLocal' priority
[2025.02.17-00.43.19:039][  0]LogSlate: Updating window title bar state: overlay mode, drag disabled, window buttons hidden, title bar hidden
[2025.02.17-00.43.19:050][  0]LogSlate: Updating window title bar state: overlay mode, drag disabled, window buttons hidden, title bar hidden
[2025.02.17-00.43.19:059][  0]LogSlate: Updating window title bar state: overlay mode, drag disabled, window buttons hidden, title bar hidden
[2025.02.17-00.43.19:069][  0]LogSlate: Updating window title bar state: overlay mode, drag disabled, window buttons hidden, title bar hidden
[2025.02.17-00.43.19:124][  0]LogNativeClassHierarchy: Verbose: Native class hierarchy populated in 0.0130 seconds. Added 3853 classes and 936 folders.
[2025.02.17-00.43.19:134][  0]LogNativeClassHierarchy: Verbose: Native class hierarchy updated for 'WidgetCarousel' in 0.0005 seconds. Added 0 classes and 0 folders.
[2025.02.17-00.43.19:169][  0]LogPakFile: PakFile PrimaryIndexSize=187
[2025.02.17-00.43.19:169][  0]LogPakFile: PakFile PathHashIndexSize=101
[2025.02.17-00.43.19:169][  0]LogPakFile: PakFile FullDirectoryIndexSize=148
[2025.02.17-00.43.19:170][  0]LogShaderLibrary: Display: ShaderCodeLibraryPakFileMountedCallback: PakFile 'C:/Program Files/Epic Games/UE_4.27/FeaturePacks/FP_FirstPerson.upack' (chunk index -1, root 'root:/') mounted
[2025.02.17-00.43.19:170][  0]LogShaderLibrary: Display: ShaderCodeLibraryPakFileMountedCallback: pending pak file info (ChunkID:-1 Root:root:/ File:C:/Program Files/Epic Games/UE_4.27/FeaturePacks/FP_FirstPerson.upack)
[2025.02.17-00.43.19:170][  0]LogPakFile: OnPakFileMounted2Time == 0.000621
[2025.02.17-00.43.19:192][  0]LogPakFile: PakFile PrimaryIndexSize=189
[2025.02.17-00.43.19:193][  0]LogPakFile: PakFile PathHashIndexSize=101
[2025.02.17-00.43.19:193][  0]LogPakFile: PakFile FullDirectoryIndexSize=152
[2025.02.17-00.43.19:193][  0]LogShaderLibrary: Display: ShaderCodeLibraryPakFileMountedCallback: PakFile 'C:/Program Files/Epic Games/UE_4.27/FeaturePacks/FP_FirstPersonBP.upack' (chunk index -1, root 'root:/') mounted
[2025.02.17-00.43.19:193][  0]LogShaderLibrary: Display: ShaderCodeLibraryPakFileMountedCallback: pending pak file info (ChunkID:-1 Root:root:/ File:C:/Program Files/Epic Games/UE_4.27/FeaturePacks/FP_FirstPersonBP.upack)
[2025.02.17-00.43.19:193][  0]LogPakFile: OnPakFileMounted2Time == 0.000069
[2025.02.17-00.43.19:208][  0]LogPakFile: PakFile PrimaryIndexSize=191
[2025.02.17-00.43.19:208][  0]LogPakFile: PakFile PathHashIndexSize=101
[2025.02.17-00.43.19:208][  0]LogPakFile: PakFile FullDirectoryIndexSize=160
[2025.02.17-00.43.19:208][  0]LogShaderLibrary: Display: ShaderCodeLibraryPakFileMountedCallback: PakFile 'C:/Program Files/Epic Games/UE_4.27/FeaturePacks/MobileStarterContent.upack' (chunk index -1, root 'root:/') mounted
[2025.02.17-00.43.19:208][  0]LogShaderLibrary: Display: ShaderCodeLibraryPakFileMountedCallback: pending pak file info (ChunkID:-1 Root:root:/ File:C:/Program Files/Epic Games/UE_4.27/FeaturePacks/MobileStarterContent.upack)
[2025.02.17-00.43.19:208][  0]LogPakFile: OnPakFileMounted2Time == 0.000067
[2025.02.17-00.43.19:223][  0]LogPakFile: PakFile PrimaryIndexSize=185
[2025.02.17-00.43.19:223][  0]LogPakFile: PakFile PathHashIndexSize=101
[2025.02.17-00.43.19:223][  0]LogPakFile: PakFile FullDirectoryIndexSize=148
[2025.02.17-00.43.19:223][  0]LogShaderLibrary: Display: ShaderCodeLibraryPakFileMountedCallback: PakFile 'C:/Program Files/Epic Games/UE_4.27/FeaturePacks/StarterContent.upack' (chunk index -1, root 'root:/') mounted
[2025.02.17-00.43.19:223][  0]LogShaderLibrary: Display: ShaderCodeLibraryPakFileMountedCallback: pending pak file info (ChunkID:-1 Root:root:/ File:C:/Program Files/Epic Games/UE_4.27/FeaturePacks/StarterContent.upack)
[2025.02.17-00.43.19:223][  0]LogPakFile: OnPakFileMounted2Time == 0.000077
[2025.02.17-00.43.19:238][  0]LogPakFile: PakFile PrimaryIndexSize=190
[2025.02.17-00.43.19:238][  0]LogPakFile: PakFile PathHashIndexSize=101
[2025.02.17-00.43.19:238][  0]LogPakFile: PakFile FullDirectoryIndexSize=154
[2025.02.17-00.43.19:238][  0]LogShaderLibrary: Display: ShaderCodeLibraryPakFileMountedCallback: PakFile 'C:/Program Files/Epic Games/UE_4.27/FeaturePacks/TP_2DSideScroller.upack' (chunk index -1, root 'root:/') mounted
[2025.02.17-00.43.19:238][  0]LogShaderLibrary: Display: ShaderCodeLibraryPakFileMountedCallback: pending pak file info (ChunkID:-1 Root:root:/ File:C:/Program Files/Epic Games/UE_4.27/FeaturePacks/TP_2DSideScroller.upack)
[2025.02.17-00.43.19:238][  0]LogPakFile: OnPakFileMounted2Time == 0.000067
[2025.02.17-00.43.19:253][  0]LogPakFile: PakFile PrimaryIndexSize=192
[2025.02.17-00.43.19:253][  0]LogPakFile: PakFile PathHashIndexSize=101
[2025.02.17-00.43.19:253][  0]LogPakFile: PakFile FullDirectoryIndexSize=158
[2025.02.17-00.43.19:253][  0]LogShaderLibrary: Display: ShaderCodeLibraryPakFileMountedCallback: PakFile 'C:/Program Files/Epic Games/UE_4.27/FeaturePacks/TP_2DSideScrollerBP.upack' (chunk index -1, root 'root:/') mounted
[2025.02.17-00.43.19:253][  0]LogShaderLibrary: Display: ShaderCodeLibraryPakFileMountedCallback: pending pak file info (ChunkID:-1 Root:root:/ File:C:/Program Files/Epic Games/UE_4.27/FeaturePacks/TP_2DSideScrollerBP.upack)
[2025.02.17-00.43.19:253][  0]LogPakFile: OnPakFileMounted2Time == 0.000068
[2025.02.17-00.43.19:267][  0]LogPakFile: PakFile PrimaryIndexSize=182
[2025.02.17-00.43.19:267][  0]LogPakFile: PakFile PathHashIndexSize=101
[2025.02.17-00.43.19:267][  0]LogPakFile: PakFile FullDirectoryIndexSize=138
[2025.02.17-00.43.19:267][  0]LogShaderLibrary: Display: ShaderCodeLibraryPakFileMountedCallback: PakFile 'C:/Program Files/Epic Games/UE_4.27/FeaturePacks/TP_Flying.upack' (chunk index -1, root 'root:/') mounted
[2025.02.17-00.43.19:267][  0]LogShaderLibrary: Display: ShaderCodeLibraryPakFileMountedCallback: pending pak file info (ChunkID:-1 Root:root:/ File:C:/Program Files/Epic Games/UE_4.27/FeaturePacks/TP_Flying.upack)
[2025.02.17-00.43.19:267][  0]LogPakFile: OnPakFileMounted2Time == 0.000066
[2025.02.17-00.43.19:283][  0]LogPakFile: PakFile PrimaryIndexSize=184
[2025.02.17-00.43.19:283][  0]LogPakFile: PakFile PathHashIndexSize=101
[2025.02.17-00.43.19:283][  0]LogPakFile: PakFile FullDirectoryIndexSize=142
[2025.02.17-00.43.19:283][  0]LogShaderLibrary: Display: ShaderCodeLibraryPakFileMountedCallback: PakFile 'C:/Program Files/Epic Games/UE_4.27/FeaturePacks/TP_FlyingBP.upack' (chunk index -1, root 'root:/') mounted
[2025.02.17-00.43.19:283][  0]LogShaderLibrary: Display: ShaderCodeLibraryPakFileMountedCallback: pending pak file info (ChunkID:-1 Root:root:/ File:C:/Program Files/Epic Games/UE_4.27/FeaturePacks/TP_FlyingBP.upack)
[2025.02.17-00.43.19:283][  0]LogPakFile: OnPakFileMounted2Time == 0.000065
[2025.02.17-00.43.19:300][  0]LogPakFile: PakFile PrimaryIndexSize=188
[2025.02.17-00.43.19:300][  0]LogPakFile: PakFile PathHashIndexSize=101
[2025.02.17-00.43.19:300][  0]LogPakFile: PakFile FullDirectoryIndexSize=150
[2025.02.17-00.43.19:300][  0]LogShaderLibrary: Display: ShaderCodeLibraryPakFileMountedCallback: PakFile 'C:/Program Files/Epic Games/UE_4.27/FeaturePacks/TP_HandheldARBP.upack' (chunk index -1, root 'root:/') mounted
[2025.02.17-00.43.19:300][  0]LogShaderLibrary: Display: ShaderCodeLibraryPakFileMountedCallback: pending pak file info (ChunkID:-1 Root:root:/ File:C:/Program Files/Epic Games/UE_4.27/FeaturePacks/TP_HandheldARBP.upack)
[2025.02.17-00.43.19:300][  0]LogPakFile: OnPakFileMounted2Time == 0.000067
[2025.02.17-00.43.19:315][  0]LogPakFile: PakFile PrimaryIndexSize=182
[2025.02.17-00.43.19:315][  0]LogPakFile: PakFile PathHashIndexSize=101
[2025.02.17-00.43.19:315][  0]LogPakFile: PakFile FullDirectoryIndexSize=138
[2025.02.17-00.43.19:315][  0]LogShaderLibrary: Display: ShaderCodeLibraryPakFileMountedCallback: PakFile 'C:/Program Files/Epic Games/UE_4.27/FeaturePacks/TP_Puzzle.upack' (chunk index -1, root 'root:/') mounted
[2025.02.17-00.43.19:315][  0]LogShaderLibrary: Display: ShaderCodeLibraryPakFileMountedCallback: pending pak file info (ChunkID:-1 Root:root:/ File:C:/Program Files/Epic Games/UE_4.27/FeaturePacks/TP_Puzzle.upack)
[2025.02.17-00.43.19:315][  0]LogPakFile: OnPakFileMounted2Time == 0.000065
[2025.02.17-00.43.19:329][  0]LogPakFile: PakFile PrimaryIndexSize=184
[2025.02.17-00.43.19:329][  0]LogPakFile: PakFile PathHashIndexSize=101
[2025.02.17-00.43.19:329][  0]LogPakFile: PakFile FullDirectoryIndexSize=142
[2025.02.17-00.43.19:329][  0]LogShaderLibrary: Display: ShaderCodeLibraryPakFileMountedCallback: PakFile 'C:/Program Files/Epic Games/UE_4.27/FeaturePacks/TP_PuzzleBP.upack' (chunk index -1, root 'root:/') mounted
[2025.02.17-00.43.19:329][  0]LogShaderLibrary: Display: ShaderCodeLibraryPakFileMountedCallback: pending pak file info (ChunkID:-1 Root:root:/ File:C:/Program Files/Epic Games/UE_4.27/FeaturePacks/TP_PuzzleBP.upack)
[2025.02.17-00.43.19:329][  0]LogPakFile: OnPakFileMounted2Time == 0.000067
[2025.02.17-00.43.19:344][  0]LogPakFile: PakFile PrimaryIndexSize=183
[2025.02.17-00.43.19:344][  0]LogPakFile: PakFile PathHashIndexSize=101
[2025.02.17-00.43.19:344][  0]LogPakFile: PakFile FullDirectoryIndexSize=140
[2025.02.17-00.43.19:344][  0]LogShaderLibrary: Display: ShaderCodeLibraryPakFileMountedCallback: PakFile 'C:/Program Files/Epic Games/UE_4.27/FeaturePacks/TP_Rolling.upack' (chunk index -1, root 'root:/') mounted
[2025.02.17-00.43.19:344][  0]LogShaderLibrary: Display: ShaderCodeLibraryPakFileMountedCallback: pending pak file info (ChunkID:-1 Root:root:/ File:C:/Program Files/Epic Games/UE_4.27/FeaturePacks/TP_Rolling.upack)
[2025.02.17-00.43.19:344][  0]LogPakFile: OnPakFileMounted2Time == 0.000068
[2025.02.17-00.43.19:357][  0]LogShaderCompilers: Display: Worker (16/19): shaders left to compile 2
[2025.02.17-00.43.19:357][  0]LogShaderCompilers: Display: Started 1 'Local' shader compile jobs with 'ForceLocal' priority
[2025.02.17-00.43.19:357][  0]LogPakFile: PakFile PrimaryIndexSize=185
[2025.02.17-00.43.19:357][  0]LogPakFile: PakFile PathHashIndexSize=101
[2025.02.17-00.43.19:357][  0]LogPakFile: PakFile FullDirectoryIndexSize=144
[2025.02.17-00.43.19:357][  0]LogShaderLibrary: Display: ShaderCodeLibraryPakFileMountedCallback: PakFile 'C:/Program Files/Epic Games/UE_4.27/FeaturePacks/TP_RollingBP.upack' (chunk index -1, root 'root:/') mounted
[2025.02.17-00.43.19:357][  0]LogShaderLibrary: Display: ShaderCodeLibraryPakFileMountedCallback: pending pak file info (ChunkID:-1 Root:root:/ File:C:/Program Files/Epic Games/UE_4.27/FeaturePacks/TP_RollingBP.upack)
[2025.02.17-00.43.19:357][  0]LogPakFile: OnPakFileMounted2Time == 0.000061
[2025.02.17-00.43.19:371][  0]LogPakFile: PakFile PrimaryIndexSize=188
[2025.02.17-00.43.19:371][  0]LogPakFile: PakFile PathHashIndexSize=101
[2025.02.17-00.43.19:371][  0]LogPakFile: PakFile FullDirectoryIndexSize=150
[2025.02.17-00.43.19:371][  0]LogShaderLibrary: Display: ShaderCodeLibraryPakFileMountedCallback: PakFile 'C:/Program Files/Epic Games/UE_4.27/FeaturePacks/TP_SideScroller.upack' (chunk index -1, root 'root:/') mounted
[2025.02.17-00.43.19:371][  0]LogShaderLibrary: Display: ShaderCodeLibraryPakFileMountedCallback: pending pak file info (ChunkID:-1 Root:root:/ File:C:/Program Files/Epic Games/UE_4.27/FeaturePacks/TP_SideScroller.upack)
[2025.02.17-00.43.19:371][  0]LogPakFile: OnPakFileMounted2Time == 0.000063
[2025.02.17-00.43.19:386][  0]LogPakFile: PakFile PrimaryIndexSize=190
[2025.02.17-00.43.19:386][  0]LogPakFile: PakFile PathHashIndexSize=101
[2025.02.17-00.43.19:386][  0]LogPakFile: PakFile FullDirectoryIndexSize=154
[2025.02.17-00.43.19:386][  0]LogShaderLibrary: Display: ShaderCodeLibraryPakFileMountedCallback: PakFile 'C:/Program Files/Epic Games/UE_4.27/FeaturePacks/TP_SideScrollerBP.upack' (chunk index -1, root 'root:/') mounted
[2025.02.17-00.43.19:386][  0]LogShaderLibrary: Display: ShaderCodeLibraryPakFileMountedCallback: pending pak file info (ChunkID:-1 Root:root:/ File:C:/Program Files/Epic Games/UE_4.27/FeaturePacks/TP_SideScrollerBP.upack)
[2025.02.17-00.43.19:386][  0]LogPakFile: OnPakFileMounted2Time == 0.000062
[2025.02.17-00.43.19:401][  0]LogPakFile: PakFile PrimaryIndexSize=187
[2025.02.17-00.43.19:401][  0]LogPakFile: PakFile PathHashIndexSize=101
[2025.02.17-00.43.19:401][  0]LogPakFile: PakFile FullDirectoryIndexSize=148
[2025.02.17-00.43.19:401][  0]LogShaderLibrary: Display: ShaderCodeLibraryPakFileMountedCallback: PakFile 'C:/Program Files/Epic Games/UE_4.27/FeaturePacks/TP_ThirdPerson.upack' (chunk index -1, root 'root:/') mounted
[2025.02.17-00.43.19:401][  0]LogShaderLibrary: Display: ShaderCodeLibraryPakFileMountedCallback: pending pak file info (ChunkID:-1 Root:root:/ File:C:/Program Files/Epic Games/UE_4.27/FeaturePacks/TP_ThirdPerson.upack)
[2025.02.17-00.43.19:401][  0]LogPakFile: OnPakFileMounted2Time == 0.000075
[2025.02.17-00.43.19:415][  0]LogPakFile: PakFile PrimaryIndexSize=189
[2025.02.17-00.43.19:415][  0]LogPakFile: PakFile PathHashIndexSize=101
[2025.02.17-00.43.19:415][  0]LogPakFile: PakFile FullDirectoryIndexSize=152
[2025.02.17-00.43.19:416][  0]LogShaderLibrary: Display: ShaderCodeLibraryPakFileMountedCallback: PakFile 'C:/Program Files/Epic Games/UE_4.27/FeaturePacks/TP_ThirdPersonBP.upack' (chunk index -1, root 'root:/') mounted
[2025.02.17-00.43.19:416][  0]LogShaderLibrary: Display: ShaderCodeLibraryPakFileMountedCallback: pending pak file info (ChunkID:-1 Root:root:/ File:C:/Program Files/Epic Games/UE_4.27/FeaturePacks/TP_ThirdPersonBP.upack)
[2025.02.17-00.43.19:416][  0]LogPakFile: OnPakFileMounted2Time == 0.000077
[2025.02.17-00.43.19:430][  0]LogPakFile: PakFile PrimaryIndexSize=183
[2025.02.17-00.43.19:430][  0]LogPakFile: PakFile PathHashIndexSize=101
[2025.02.17-00.43.19:430][  0]LogPakFile: PakFile FullDirectoryIndexSize=140
[2025.02.17-00.43.19:430][  0]LogShaderLibrary: Display: ShaderCodeLibraryPakFileMountedCallback: PakFile 'C:/Program Files/Epic Games/UE_4.27/FeaturePacks/TP_TopDown.upack' (chunk index -1, root 'root:/') mounted
[2025.02.17-00.43.19:430][  0]LogShaderLibrary: Display: ShaderCodeLibraryPakFileMountedCallback: pending pak file info (ChunkID:-1 Root:root:/ File:C:/Program Files/Epic Games/UE_4.27/FeaturePacks/TP_TopDown.upack)
[2025.02.17-00.43.19:430][  0]LogPakFile: OnPakFileMounted2Time == 0.000081
[2025.02.17-00.43.19:444][  0]LogPakFile: PakFile PrimaryIndexSize=185
[2025.02.17-00.43.19:444][  0]LogPakFile: PakFile PathHashIndexSize=101
[2025.02.17-00.43.19:444][  0]LogPakFile: PakFile FullDirectoryIndexSize=144
[2025.02.17-00.43.19:444][  0]LogShaderLibrary: Display: ShaderCodeLibraryPakFileMountedCallback: PakFile 'C:/Program Files/Epic Games/UE_4.27/FeaturePacks/TP_TopDownBP.upack' (chunk index -1, root 'root:/') mounted
[2025.02.17-00.43.19:444][  0]LogShaderLibrary: Display: ShaderCodeLibraryPakFileMountedCallback: pending pak file info (ChunkID:-1 Root:root:/ File:C:/Program Files/Epic Games/UE_4.27/FeaturePacks/TP_TopDownBP.upack)
[2025.02.17-00.43.19:444][  0]LogPakFile: OnPakFileMounted2Time == 0.000059
[2025.02.17-00.43.19:464][  0]LogPakFile: PakFile PrimaryIndexSize=185
[2025.02.17-00.43.19:464][  0]LogPakFile: PakFile PathHashIndexSize=101
[2025.02.17-00.43.19:464][  0]LogPakFile: PakFile FullDirectoryIndexSize=144
[2025.02.17-00.43.19:464][  0]LogShaderLibrary: Display: ShaderCodeLibraryPakFileMountedCallback: PakFile 'C:/Program Files/Epic Games/UE_4.27/FeaturePacks/TP_TwinStick.upack' (chunk index -1, root 'root:/') mounted
[2025.02.17-00.43.19:464][  0]LogShaderLibrary: Display: ShaderCodeLibraryPakFileMountedCallback: pending pak file info (ChunkID:-1 Root:root:/ File:C:/Program Files/Epic Games/UE_4.27/FeaturePacks/TP_TwinStick.upack)
[2025.02.17-00.43.19:464][  0]LogPakFile: OnPakFileMounted2Time == 0.000068
[2025.02.17-00.43.19:477][  0]LogShaderCompilers: Display: Worker (15/19): shaders left to compile 1
[2025.02.17-00.43.19:477][  0]LogShaderCompilers: Display: Started 1 'Local' shader compile jobs with 'ForceLocal' priority
[2025.02.17-00.43.19:477][  0]LogPakFile: PakFile PrimaryIndexSize=187
[2025.02.17-00.43.19:477][  0]LogPakFile: PakFile PathHashIndexSize=101
[2025.02.17-00.43.19:477][  0]LogPakFile: PakFile FullDirectoryIndexSize=148
[2025.02.17-00.43.19:477][  0]LogShaderLibrary: Display: ShaderCodeLibraryPakFileMountedCallback: PakFile 'C:/Program Files/Epic Games/UE_4.27/FeaturePacks/TP_TwinStickBP.upack' (chunk index -1, root 'root:/') mounted
[2025.02.17-00.43.19:477][  0]LogShaderLibrary: Display: ShaderCodeLibraryPakFileMountedCallback: pending pak file info (ChunkID:-1 Root:root:/ File:C:/Program Files/Epic Games/UE_4.27/FeaturePacks/TP_TwinStickBP.upack)
[2025.02.17-00.43.19:477][  0]LogPakFile: OnPakFileMounted2Time == 0.000053
[2025.02.17-00.43.19:492][  0]LogPakFile: PakFile PrimaryIndexSize=183
[2025.02.17-00.43.19:492][  0]LogPakFile: PakFile PathHashIndexSize=101
[2025.02.17-00.43.19:492][  0]LogPakFile: PakFile FullDirectoryIndexSize=140
[2025.02.17-00.43.19:492][  0]LogShaderLibrary: Display: ShaderCodeLibraryPakFileMountedCallback: PakFile 'C:/Program Files/Epic Games/UE_4.27/FeaturePacks/TP_Vehicle.upack' (chunk index -1, root 'root:/') mounted
[2025.02.17-00.43.19:492][  0]LogShaderLibrary: Display: ShaderCodeLibraryPakFileMountedCallback: pending pak file info (ChunkID:-1 Root:root:/ File:C:/Program Files/Epic Games/UE_4.27/FeaturePacks/TP_Vehicle.upack)
[2025.02.17-00.43.19:492][  0]LogPakFile: OnPakFileMounted2Time == 0.000068
[2025.02.17-00.43.19:506][  0]LogPakFile: PakFile PrimaryIndexSize=186
[2025.02.17-00.43.19:506][  0]LogPakFile: PakFile PathHashIndexSize=101
[2025.02.17-00.43.19:506][  0]LogPakFile: PakFile FullDirectoryIndexSize=146
[2025.02.17-00.43.19:506][  0]LogShaderLibrary: Display: ShaderCodeLibraryPakFileMountedCallback: PakFile 'C:/Program Files/Epic Games/UE_4.27/FeaturePacks/TP_VehicleAdv.upack' (chunk index -1, root 'root:/') mounted
[2025.02.17-00.43.19:506][  0]LogShaderLibrary: Display: ShaderCodeLibraryPakFileMountedCallback: pending pak file info (ChunkID:-1 Root:root:/ File:C:/Program Files/Epic Games/UE_4.27/FeaturePacks/TP_VehicleAdv.upack)
[2025.02.17-00.43.19:506][  0]LogPakFile: OnPakFileMounted2Time == 0.000067
[2025.02.17-00.43.19:520][  0]LogPakFile: PakFile PrimaryIndexSize=188
[2025.02.17-00.43.19:520][  0]LogPakFile: PakFile PathHashIndexSize=101
[2025.02.17-00.43.19:520][  0]LogPakFile: PakFile FullDirectoryIndexSize=150
[2025.02.17-00.43.19:520][  0]LogShaderLibrary: Display: ShaderCodeLibraryPakFileMountedCallback: PakFile 'C:/Program Files/Epic Games/UE_4.27/FeaturePacks/TP_VehicleAdvBP.upack' (chunk index -1, root 'root:/') mounted
[2025.02.17-00.43.19:520][  0]LogShaderLibrary: Display: ShaderCodeLibraryPakFileMountedCallback: pending pak file info (ChunkID:-1 Root:root:/ File:C:/Program Files/Epic Games/UE_4.27/FeaturePacks/TP_VehicleAdvBP.upack)
[2025.02.17-00.43.19:520][  0]LogPakFile: OnPakFileMounted2Time == 0.000064
[2025.02.17-00.43.19:532][  0]LogPakFile: PakFile PrimaryIndexSize=185
[2025.02.17-00.43.19:533][  0]LogPakFile: PakFile PathHashIndexSize=101
[2025.02.17-00.43.19:533][  0]LogPakFile: PakFile FullDirectoryIndexSize=144
[2025.02.17-00.43.19:533][  0]LogShaderLibrary: Display: ShaderCodeLibraryPakFileMountedCallback: PakFile 'C:/Program Files/Epic Games/UE_4.27/FeaturePacks/TP_VehicleBP.upack' (chunk index -1, root 'root:/') mounted
[2025.02.17-00.43.19:533][  0]LogShaderLibrary: Display: ShaderCodeLibraryPakFileMountedCallback: pending pak file info (ChunkID:-1 Root:root:/ File:C:/Program Files/Epic Games/UE_4.27/FeaturePacks/TP_VehicleBP.upack)
[2025.02.17-00.43.19:533][  0]LogPakFile: OnPakFileMounted2Time == 0.000071
[2025.02.17-00.43.19:548][  0]LogPakFile: PakFile PrimaryIndexSize=192
[2025.02.17-00.43.19:548][  0]LogPakFile: PakFile PathHashIndexSize=101
[2025.02.17-00.43.19:548][  0]LogPakFile: PakFile FullDirectoryIndexSize=158
[2025.02.17-00.43.19:548][  0]LogShaderLibrary: Display: ShaderCodeLibraryPakFileMountedCallback: PakFile 'C:/Program Files/Epic Games/UE_4.27/FeaturePacks/TP_VirtualRealityBP.upack' (chunk index -1, root 'root:/') mounted
[2025.02.17-00.43.19:548][  0]LogShaderLibrary: Display: ShaderCodeLibraryPakFileMountedCallback: pending pak file info (ChunkID:-1 Root:root:/ File:C:/Program Files/Epic Games/UE_4.27/FeaturePacks/TP_VirtualRealityBP.upack)
[2025.02.17-00.43.19:548][  0]LogPakFile: OnPakFileMounted2Time == 0.000065
[2025.02.17-00.43.19:994][  0]LogShaderCompilers: Display: Worker (19/19): shaders left to compile 117
[2025.02.17-00.43.19:994][  0]LogShaderCompilers: Display: Started 7 'Local' shader compile jobs with 'Normal' priority
[2025.02.17-00.43.19:994][  0]LogShaderCompilers: Display: Worker (10/19): shaders left to compile 110
[2025.02.17-00.43.19:994][  0]LogShaderCompilers: Display: Started 6 'Local' shader compile jobs with 'Normal' priority
[2025.02.17-00.43.19:994][  0]LogShaderCompilers: Display: Worker (15/19): shaders left to compile 104
[2025.02.17-00.43.19:994][  0]LogShaderCompilers: Display: Worker (16/19): shaders left to compile 98
[2025.02.17-00.43.19:994][  0]LogShaderCompilers: Display: Started 12 'Local' shader compile jobs with 'Normal' priority
[2025.02.17-00.43.19:994][  0]LogNativeClassHierarchy: Verbose: Native class hierarchy updated for 'AddContentDialog' in 0.0004 seconds. Added 0 classes and 0 folders.
[2025.02.17-00.43.19:999][  0]LogNativeClassHierarchy: Verbose: Native class hierarchy updated for 'SceneOutliner' in 0.0004 seconds. Added 2 classes and 0 folders.
[2025.02.17-00.43.20:246][  0]LogShaderCompilers: Display: Worker (5/19): shaders left to compile 92
[2025.02.17-00.43.20:246][  0]LogShaderCompilers: Display: Started 5 'Local' shader compile jobs with 'Normal' priority
[2025.02.17-00.43.20:246][  0]LogSlate: Took 0.001240 seconds to synchronously load lazily loaded font '../../../Engine/Content/Slate/Fonts/Roboto-Regular.ttf' (155K)
[2025.02.17-00.43.20:261][  0]LogSlate: Took 0.013186 seconds to synchronously load lazily loaded font '../../../Engine/Content/Editor/Slate/Fonts/FontAwesome.ttf' (139K)
[2025.02.17-00.43.20:266][  0]LogSlate: Took 0.004296 seconds to synchronously load lazily loaded font '../../../Engine/Content/Editor/Slate/Fonts/NanumGothic.ttf' (4243K)
[2025.02.17-00.43.20:271][  0]LogSlate: Took 0.004355 seconds to synchronously load lazily loaded font '../../../Engine/Content/Editor/Slate/Fonts/NanumGothicBold.ttf' (4188K)
[2025.02.17-00.43.20:272][  0]LogSlate: Took 0.000672 seconds to synchronously load lazily loaded font '../../../Engine/Content/Slate/Fonts/Roboto-Bold.ttf' (160K)
[2025.02.17-00.43.20:559][  0]LogShaderCompilers: Display: Worker (8/19): shaders left to compile 87
[2025.02.17-00.43.20:559][  0]LogShaderCompilers: Display: Started 5 'Local' shader compile jobs with 'Normal' priority
[2025.02.17-00.43.20:559][  0]LogMaterial: Display: Missing cached shadermap for LevelGridMaterial2 in PCD3D_SM5, Default, SM5 (DDC key hash: BDFE9E2F8BB0CEA7765F9E80ACBBB4985335CBE9), compiling. 
[2025.02.17-00.43.20:579][  0]LogShaderCompilers: Display: Submitted 30 shader compile jobs with 'Low' priority
[2025.02.17-00.43.20:642][  0]LogShaderCompilers: Display: Worker (4/19): shaders left to compile 82
[2025.02.17-00.43.20:642][  0]LogShaderCompilers: Display: Started 5 'Local' shader compile jobs with 'Normal' priority
[2025.02.17-00.43.20:642][  0]LogShaderCompilers: Display: Worker (2/19): shaders left to compile 77
[2025.02.17-00.43.20:642][  0]LogShaderCompilers: Display: Started 5 'Local' shader compile jobs with 'Normal' priority
[2025.02.17-00.43.20:642][  0]LogRenderer: Reallocating scene render targets to support 904x452 Format 10 NumSamples 1 (Frame:1).
[2025.02.17-00.43.25:631][  0]LogShaderCompilers: Display: Worker (11/19): shaders left to compile 72
[2025.02.17-00.43.25:632][  0]LogShaderCompilers: Display: Started 4 'Local' shader compile jobs with 'Normal' priority
[2025.02.17-00.43.25:632][  0]LogShaderCompilers: Display: Worker (18/19): shaders left to compile 68
[2025.02.17-00.43.25:632][  0]LogShaderCompilers: Display: Started 4 'Local' shader compile jobs with 'Normal' priority
[2025.02.17-00.43.25:632][  0]LogShaderCompilers: Display: Worker (3/19): shaders left to compile 64
[2025.02.17-00.43.25:632][  0]LogShaderCompilers: Display: Started 4 'Local' shader compile jobs with 'Normal' priority
[2025.02.17-00.43.25:632][  0]LogShaderCompilers: Display: Worker (14/19): shaders left to compile 60
[2025.02.17-00.43.25:632][  0]LogShaderCompilers: Display: Started 4 'Local' shader compile jobs with 'Normal' priority
[2025.02.17-00.43.25:632][  0]LogShaderCompilers: Display: Worker (9/19): shaders left to compile 56
[2025.02.17-00.43.25:632][  0]LogShaderCompilers: Display: Started 3 'Local' shader compile jobs with 'Normal' priority
[2025.02.17-00.43.25:632][  0]LogShaderCompilers: Display: Worker (7/19): shaders left to compile 53
[2025.02.17-00.43.25:632][  0]LogShaderCompilers: Display: Started 3 'Local' shader compile jobs with 'Normal' priority
[2025.02.17-00.43.25:632][  0]LogShaderCompilers: Display: Worker (1/19): shaders left to compile 50
[2025.02.17-00.43.25:632][  0]LogShaderCompilers: Display: Started 3 'Local' shader compile jobs with 'Normal' priority
[2025.02.17-00.43.25:632][  0]LogShaderCompilers: Display: Worker (12/19): shaders left to compile 47
[2025.02.17-00.43.25:632][  0]LogShaderCompilers: Display: Started 3 'Local' shader compile jobs with 'Normal' priority
[2025.02.17-00.43.25:632][  0]LogD3D12RHI: Creating RTPSO with 127 shaders (0 cached, 127 new) took 4863.82 ms. Compile time 4828.92 ms, link time 34.48 ms.
[2025.02.17-00.43.26:032][  0]LogShaderCompilers: Display: Worker (18/19): shaders left to compile 44
[2025.02.17-00.43.26:032][  0]LogShaderCompilers: Display: Started 3 'Local' shader compile jobs with 'Normal' priority
[2025.02.17-00.43.26:032][  0]LogShaderCompilers: Display: Worker (10/19): shaders left to compile 41
[2025.02.17-00.43.26:032][  0]LogShaderCompilers: Display: Started 3 'Local' shader compile jobs with 'Normal' priority
[2025.02.17-00.43.26:032][  0]LogD3D12RHI: Creating RT View Heap with 250000 entries
[2025.02.17-00.43.26:045][  0]LogShaderCompilers: Display: Worker (6/19): shaders left to compile 38
[2025.02.17-00.43.26:045][  0]LogShaderCompilers: Display: Started 3 'Local' shader compile jobs with 'Normal' priority
[2025.02.17-00.43.26:045][  0]LogD3D12RHI: Creating RT Sampler Heap with 2048 entries
[2025.02.17-00.43.27:460][  0]LogShaderCompilers: Display: Worker (11/19): shaders left to compile 35
[2025.02.17-00.43.27:460][  0]LogShaderCompilers: Display: Started 2 'Local' shader compile jobs with 'Normal' priority
[2025.02.17-00.43.27:460][  0]LogShaderCompilers: Display: Worker (12/19): shaders left to compile 33
[2025.02.17-00.43.27:460][  0]LogShaderCompilers: Display: Started 2 'Local' shader compile jobs with 'Normal' priority
[2025.02.17-00.43.27:460][  0]LogShaderCompilers: Display: Worker (4/19): shaders left to compile 31
[2025.02.17-00.43.27:460][  0]LogShaderCompilers: Display: Started 2 'Local' shader compile jobs with 'Normal' priority
[2025.02.17-00.43.27:460][  0]LogShaderCompilers: Display: Worker (10/19): shaders left to compile 29
[2025.02.17-00.43.27:460][  0]LogShaderCompilers: Display: Started 2 'Local' shader compile jobs with 'Normal' priority
[2025.02.17-00.43.27:460][  0]LogShaderCompilers: Display: Worker (18/19): shaders left to compile 27
[2025.02.17-00.43.27:460][  0]LogShaderCompilers: Display: Started 2 'Local' shader compile jobs with 'Normal' priority
[2025.02.17-00.43.27:460][  0]LogShaderCompilers: Display: Worker (8/19): shaders left to compile 25
[2025.02.17-00.43.27:460][  0]LogShaderCompilers: Display: Started 2 'Local' shader compile jobs with 'Normal' priority
[2025.02.17-00.43.27:460][  0]LogShaderCompilers: Display: Worker (7/19): shaders left to compile 23
[2025.02.17-00.43.27:460][  0]LogShaderCompilers: Display: Worker (13/19): shaders left to compile 21
[2025.02.17-00.43.27:460][  0]LogShaderCompilers: Display: Started 4 'Local' shader compile jobs with 'Normal' priority
[2025.02.17-00.43.27:460][  0]LogShaderCompilers: Display: Worker (12/19): shaders left to compile 19
[2025.02.17-00.43.27:460][  0]LogShaderCompilers: Display: Started 2 'Local' shader compile jobs with 'Normal' priority
[2025.02.17-00.43.27:460][  0]LogShaderCompilers: Display: Worker (1/19): shaders left to compile 17
[2025.02.17-00.43.27:460][  0]LogShaderCompilers: Display: Started 1 'Local' shader compile jobs with 'Normal' priority
[2025.02.17-00.43.27:460][  0]LogShaderCompilers: Display: Worker (6/19): shaders left to compile 16
[2025.02.17-00.43.27:460][  0]LogShaderCompilers: Display: Started 1 'Local' shader compile jobs with 'Normal' priority
[2025.02.17-00.43.27:460][  0]LogShaderCompilers: Display: Worker (11/19): shaders left to compile 15
[2025.02.17-00.43.27:460][  0]LogShaderCompilers: Display: Started 1 'Local' shader compile jobs with 'Normal' priority
[2025.02.17-00.43.27:460][  0]LogShaderCompilers: Display: Worker (2/19): shaders left to compile 14
[2025.02.17-00.43.27:460][  0]LogShaderCompilers: Display: Started 1 'Local' shader compile jobs with 'Normal' priority
[2025.02.17-00.43.27:460][  0]LogShaderCompilers: Display: Worker (9/19): shaders left to compile 13
[2025.02.17-00.43.27:460][  0]LogShaderCompilers: Display: Started 1 'Local' shader compile jobs with 'Normal' priority
[2025.02.17-00.43.27:460][  0]LogShaderCompilers: Display: Worker (4/19): shaders left to compile 12
[2025.02.17-00.43.27:460][  0]LogShaderCompilers: Display: Started 1 'Local' shader compile jobs with 'Normal' priority
[2025.02.17-00.43.27:460][  0]LogD3D12RHI: Creating RTPSO with 8 shaders (0 cached, 8 new) took 1410.93 ms. Compile time 1399.99 ms, link time 10.88 ms.
[2025.02.17-00.43.27:460][  0]LogD3D12RHI: Creating RT View Heap with 250000 entries
[2025.02.17-00.43.27:473][  0]LogD3D12RHI: Creating RT Sampler Heap with 2048 entries
[2025.02.17-00.43.27:663][  0]LogShaderCompilers: Display: Worker (9/19): shaders left to compile 11
[2025.02.17-00.43.27:663][  0]LogShaderCompilers: Display: Started 1 'Local' shader compile jobs with 'Normal' priority
[2025.02.17-00.43.27:663][  0]LogShaderCompilers: Display: Worker (10/19): shaders left to compile 10
[2025.02.17-00.43.27:663][  0]LogShaderCompilers: Display: Worker (18/19): shaders left to compile 9
[2025.02.17-00.43.27:663][  0]LogShaderCompilers: Display: Started 2 'Local' shader compile jobs with 'Normal' priority
[2025.02.17-00.43.27:663][  0]LogShaderCompilers: Display: Worker (12/19): shaders left to compile 8
[2025.02.17-00.43.27:663][  0]LogShaderCompilers: Display: Started 1 'Local' shader compile jobs with 'Normal' priority
[2025.02.17-00.43.27:663][  0]LogShaderCompilers: Display: Worker (1/19): shaders left to compile 7
[2025.02.17-00.43.27:663][  0]LogShaderCompilers: Display: Started 1 'Local' shader compile jobs with 'Normal' priority
[2025.02.17-00.43.27:663][  0]LogShaderCompilers: Display: Worker (7/19): shaders left to compile 6
[2025.02.17-00.43.27:663][  0]LogShaderCompilers: Display: Started 1 'Local' shader compile jobs with 'Normal' priority
[2025.02.17-00.43.27:663][  0]LogD3D12RHI: Creating RTPSO with 3 shaders (2 cached, 1 new) took 181.41 ms. Compile time 11.59 ms, link time 169.76 ms.
[2025.02.17-00.43.27:663][  0]LogD3D12RHI: Creating RT View Heap with 250000 entries
[2025.02.17-00.43.27:678][  0]LogD3D12RHI: Creating RT Sampler Heap with 2048 entries
[2025.02.17-00.43.30:284][  0]LogShaderCompilers: Display: Worker (15/19): shaders left to compile 5
[2025.02.17-00.43.30:284][  0]LogShaderCompilers: Display: Started 1 'Local' shader compile jobs with 'Normal' priority
[2025.02.17-00.43.30:284][  0]LogShaderCompilers: Display: Worker (6/19): shaders left to compile 4
[2025.02.17-00.43.30:284][  0]LogShaderCompilers: Display: Started 1 'Local' shader compile jobs with 'Normal' priority
[2025.02.17-00.43.30:284][  0]LogShaderCompilers: Display: Worker (14/19): shaders left to compile 3
[2025.02.17-00.43.30:284][  0]LogShaderCompilers: Display: Started 1 'Local' shader compile jobs with 'Normal' priority
[2025.02.17-00.43.30:284][  0]LogShaderCompilers: Display: Worker (3/19): shaders left to compile 2
[2025.02.17-00.43.30:284][  0]LogShaderCompilers: Display: Started 1 'Local' shader compile jobs with 'Normal' priority
[2025.02.17-00.43.30:284][  0]LogShaderCompilers: Display: Worker (8/19): shaders left to compile 1
[2025.02.17-00.43.30:284][  0]LogShaderCompilers: Display: Worker (9/19): shaders left to compile 9373
[2025.02.17-00.43.30:284][  0]LogShaderCompilers: Display: Worker (11/19): shaders left to compile 9363
[2025.02.17-00.43.30:284][  0]LogShaderCompilers: Display: Started 20 'Local' shader compile jobs with 'Low' priority
[2025.02.17-00.43.30:284][  0]LogShaderCompilers: Display: Started 1 'Local' shader compile jobs with 'Normal' priority
[2025.02.17-00.43.30:284][  0]LogShaderCompilers: Display: Worker (2/19): shaders left to compile 9353
[2025.02.17-00.43.30:284][  0]LogShaderCompilers: Display: Started 10 'Local' shader compile jobs with 'Low' priority
[2025.02.17-00.43.30:284][  0]LogShaderCompilers: Display: Worker (1/19): shaders left to compile 9343
[2025.02.17-00.43.30:284][  0]LogShaderCompilers: Display: Worker (4/19): shaders left to compile 9333
[2025.02.17-00.43.30:284][  0]LogShaderCompilers: Display: Worker (6/19): shaders left to compile 9323
[2025.02.17-00.43.30:284][  0]LogShaderCompilers: Display: Started 30 'Local' shader compile jobs with 'Low' priority
[2025.02.17-00.43.30:284][  0]LogShaderCompilers: Display: Worker (10/19): shaders left to compile 9313
[2025.02.17-00.43.30:284][  0]LogShaderCompilers: Display: Started 10 'Local' shader compile jobs with 'Low' priority
[2025.02.17-00.43.30:284][  0]LogShaderCompilers: Display: Worker (12/19): shaders left to compile 9303
[2025.02.17-00.43.30:284][  0]LogShaderCompilers: Display: Started 10 'Local' shader compile jobs with 'Low' priority
[2025.02.17-00.43.30:284][  0]LogShaderCompilers: Display: Worker (3/19): shaders left to compile 9293
[2025.02.17-00.43.30:284][  0]LogShaderCompilers: Display: Started 10 'Local' shader compile jobs with 'Low' priority
[2025.02.17-00.43.30:284][  0]LogShaderCompilers: Display: Worker (8/19): shaders left to compile 9283
[2025.02.17-00.43.30:284][  0]LogShaderCompilers: Display: Started 10 'Local' shader compile jobs with 'Low' priority
[2025.02.17-00.43.30:284][  0]LogShaderCompilers: Display: Worker (5/19): shaders left to compile 9273
[2025.02.17-00.43.30:284][  0]LogShaderCompilers: Display: Started 10 'Local' shader compile jobs with 'Low' priority
[2025.02.17-00.43.30:284][  0]LogShaderCompilers: Display: Worker (14/19): shaders left to compile 9263
[2025.02.17-00.43.30:284][  0]LogShaderCompilers: Display: Started 10 'Local' shader compile jobs with 'Low' priority
[2025.02.17-00.43.30:284][  0]LogShaderCompilers: Display: Worker (18/19): shaders left to compile 9253
[2025.02.17-00.43.30:284][  0]LogShaderCompilers: Display: Started 10 'Local' shader compile jobs with 'Low' priority
[2025.02.17-00.43.30:284][  0]LogShaderCompilers: Display: Worker (13/19): shaders left to compile 9243
[2025.02.17-00.43.30:284][  0]LogShaderCompilers: Display: Started 10 'Local' shader compile jobs with 'Low' priority
[2025.02.17-00.43.30:284][  0]LogShaderCompilers: Display: Worker (7/19): shaders left to compile 9233
[2025.02.17-00.43.30:284][  0]LogShaderCompilers: Display: Started 10 'Local' shader compile jobs with 'Low' priority
[2025.02.17-00.43.30:284][  0]LogShaderCompilers: Display: Worker (16/19): shaders left to compile 9223
[2025.02.17-00.43.30:284][  0]LogShaderCompilers: Display: Started 10 'Local' shader compile jobs with 'Low' priority
[2025.02.17-00.43.30:284][  0]LogShaderCompilers: Display: Worker (19/19): shaders left to compile 9213
[2025.02.17-00.43.30:284][  0]LogShaderCompilers: Display: Started 10 'Local' shader compile jobs with 'Low' priority
[2025.02.17-00.43.30:284][  0]LogShaderCompilers: Display: Worker (15/19): shaders left to compile 9203
[2025.02.17-00.43.30:284][  0]LogShaderCompilers: Display: Started 10 'Local' shader compile jobs with 'Low' priority
[2025.02.17-00.43.30:284][  0]LogShaderCompilers: Display: Worker (17/19): shaders left to compile 9193
[2025.02.17-00.43.30:284][  0]LogShaderCompilers: Display: Started 10 'Local' shader compile jobs with 'Low' priority
[2025.02.17-00.43.30:298][  0]LogNativeClassHierarchy: Verbose: Native class hierarchy updated for 'HierarchicalLODOutliner' in 0.0004 seconds. Added 0 classes and 0 folders.
[2025.02.17-00.43.30:298][  0]LogLoad: (Engine Initialization) Total time: 337.57 seconds
[2025.02.17-00.43.30:298][  0]LogLoad: (Engine Initialization) Total Blueprint compile time: 0.00 seconds
[2025.02.17-00.43.30:356][  0]LogAnimationCompression: Building Anim DDC data for AnimSequence /Game/Character/Animations/Rifle/Rifle_Fire.Rifle_Fire
[2025.02.17-00.43.30:356][  0]LogAnimationCompression: Building Anim DDC data for AnimSequence /Game/Character/Animations/Rifle/Rifle_Grab.Rifle_Grab
[2025.02.17-00.43.30:356][  0]LogAssetRegistry: Asset discovery search completed in 334.2318 seconds
[2025.02.17-00.43.30:366][  0]LogCollectionManager: Fixed up redirectors for 0 collections in 0.000007 seconds (updated 0 objects)
[2025.02.17-00.43.30:368][  0]LogContentStreaming: Texture pool size now 1000 MB
[2025.02.17-00.43.30:576][  0]LogSlate: Took 0.011998 seconds to synchronously load lazily loaded font '../../../Engine/Content/Slate/Fonts/DroidSansMono.ttf' (77K)
[2025.02.17-00.43.30:593][  0]LogSlate: Took 0.017152 seconds to synchronously load lazily loaded font '../../../Engine/Content/Editor/Slate/Fonts/NanumGothicExtraBold.ttf' (4074K)
[2025.02.17-00.43.30:912][  1]LogAnimationCompression: Building Anim DDC data for AnimSequence /Game/Character/Animations/Rifle/Rifle_Aim_Idle.Rifle_Aim_Idle
[2025.02.17-00.43.30:912][  1]LogAnimationCompression: Building Anim DDC data for AnimSequence /Game/Character/Animations/Rifle/Rifle_Addtivie_D.Rifle_Addtivie_D
[2025.02.17-00.43.30:977][  2]LogAnimationCompression: Building Anim DDC data for AnimSequence /Game/Character/Animations/Rifle/Rifle_Addtivie_F.Rifle_Addtivie_F
[2025.02.17-00.43.31:050][  2]LogD3D12RHI: Creating RTPSO with 130 shaders (0 cached, 3 new) took 95.56 ms. Compile time 79.73 ms, link time 15.41 ms.
[2025.02.17-00.43.32:066][  3]LogAnimationCompression: Building Anim DDC data for AnimSequence /Game/Character/Animations/Rifle/Rifle_Grab_Idle.Rifle_Grab_Idle
[2025.02.17-00.43.32:066][  3]LogAnimationCompression: Building Anim DDC data for AnimSequence /Game/Character/Animations/Rifle/Rifle_Addtivie_U.Rifle_Addtivie_U
[2025.02.17-00.43.32:147][  3]LogShaderCompilers: Display: Worker (7/19): shaders left to compile 2
[2025.02.17-00.43.32:147][  3]LogShaderCompilers: Display: Started 1 'Local' shader compile jobs with 'ForceLocal' priority
[2025.02.17-00.43.32:317][  4]LogAnimationCompression: Building Anim DDC data for AnimSequence /Game/Character/Animations/Rifle/Aim_Walk_-135.Aim_Walk_-135
[2025.02.17-00.43.32:317][  4]LogAnimationCompression: Building Anim DDC data for AnimSequence /Game/Character/Animations/Rifle/Aim_Idle.Aim_Idle
[2025.02.17-00.43.32:478][  4]LogShaderCompilers: Display: Worker (10/19): shaders left to compile 1
[2025.02.17-00.43.32:478][  4]LogShaderCompilers: Display: Started 1 'Local' shader compile jobs with 'ForceLocal' priority
[2025.02.17-00.43.32:587][  6]LogAnimationCompression: Building Anim DDC data for AnimSequence /Game/Character/Animations/Rifle/Aim_Walk_-45.Aim_Walk_-45
[2025.02.17-00.43.32:607][  7]LogAnimationCompression: Building Anim DDC data for AnimSequence /Game/Character/Animations/Rifle/Aim_Walk_-90.Aim_Walk_-90
[2025.02.17-00.43.32:607][  7]LogAnimationCompression: Building Anim DDC data for AnimSequence /Game/Character/Animations/Rifle/Aim_Walk_0.Aim_Walk_0
[2025.02.17-00.43.32:634][  8]LogShaderCompilers: Display: Worker (9/19): shaders left to compile 9181
[2025.02.17-00.43.32:634][  8]LogShaderCompilers: Display: Started 10 'Local' shader compile jobs with 'Low' priority
[2025.02.17-00.43.32:653][  9]LogAnimationCompression: Building Anim DDC data for AnimSequence /Game/Character/Animations/Rifle/Aim_Walk_180.Aim_Walk_180
[2025.02.17-00.43.32:653][  9]LogAnimationCompression: Building Anim DDC data for AnimSequence /Game/Character/Animations/Rifle/Aim_Walk_135.Aim_Walk_135
[2025.02.17-00.43.32:686][ 10]LogAnimationCompression: Building Anim DDC data for AnimSequence /Game/Character/Animations/Rifle/Aim_Walk_45.Aim_Walk_45
[2025.02.17-00.43.32:686][ 10]LogAnimationCompression: Building Anim DDC data for AnimSequence /Game/Character/Animations/Rifle/Aim_Walk_90.Aim_Walk_90
[2025.02.17-00.43.32:734][ 12]LogAnimationCompression: Building Anim DDC data for AnimSequence /Game/Character/Animations/Unarmed/Unarmed_Run.Unarmed_Run
[2025.02.17-00.43.32:764][ 13]LogShaderCompilers: Display: Worker (11/19): shaders left to compile 9171
[2025.02.17-00.43.32:765][ 13]LogShaderCompilers: Display: Started 10 'Local' shader compile jobs with 'Low' priority
[2025.02.17-00.43.32:815][ 14]LogShaderCompilers: Display: Worker (2/19): shaders left to compile 9161
[2025.02.17-00.43.32:815][ 14]LogShaderCompilers: Display: Started 10 'Local' shader compile jobs with 'Low' priority
[2025.02.17-00.43.32:877][ 16]LogShaderCompilers: Display: Worker (7/19): shaders left to compile 9151
[2025.02.17-00.43.32:877][ 16]LogShaderCompilers: Display: Started 10 'Local' shader compile jobs with 'Low' priority
[2025.02.17-00.43.33:063][ 29]LogShaderCompilers: Display: Worker (10/19): shaders left to compile 9141
[2025.02.17-00.43.33:063][ 29]LogShaderCompilers: Display: Started 10 'Local' shader compile jobs with 'Low' priority
[2025.02.17-00.43.33:151][ 34]LogShaderCompilers: Display: Worker (12/19): shaders left to compile 9131
[2025.02.17-00.43.33:151][ 34]LogShaderCompilers: Display: Started 10 'Local' shader compile jobs with 'Low' priority
[2025.02.17-00.43.33:196][ 37]LogShaderCompilers: Display: Worker (18/19): shaders left to compile 9121
[2025.02.17-00.43.33:196][ 37]LogShaderCompilers: Display: Started 10 'Local' shader compile jobs with 'Low' priority
[2025.02.17-00.43.33:350][ 49]LogShaderCompilers: Display: Worker (1/19): shaders left to compile 9111
[2025.02.17-00.43.33:350][ 49]LogShaderCompilers: Display: Started 10 'Local' shader compile jobs with 'Low' priority
[2025.02.17-00.43.33:446][ 56]LogShaderCompilers: Display: Worker (4/19): shaders left to compile 9101
[2025.02.17-00.43.33:446][ 56]LogShaderCompilers: Display: Started 10 'Local' shader compile jobs with 'Low' priority
[2025.02.17-00.43.33:514][ 61]LogShaderCompilers: Display: Worker (6/19): shaders left to compile 9091
[2025.02.17-00.43.33:514][ 61]LogShaderCompilers: Display: Started 10 'Local' shader compile jobs with 'Low' priority
[2025.02.17-00.43.33:514][ 61]LogShaderCompilers: Display: Worker (3/19): shaders left to compile 9081
[2025.02.17-00.43.33:514][ 61]LogShaderCompilers: Display: Started 10 'Local' shader compile jobs with 'Low' priority
[2025.02.17-00.43.33:849][ 84]LogShaderCompilers: Display: Worker (8/19): shaders left to compile 9071
[2025.02.17-00.43.33:849][ 84]LogShaderCompilers: Display: Started 10 'Local' shader compile jobs with 'Low' priority
[2025.02.17-00.43.33:952][ 87]LogShaderCompilers: Display: Worker (5/19): shaders left to compile 9061
[2025.02.17-00.43.33:952][ 87]LogShaderCompilers: Display: Started 10 'Local' shader compile jobs with 'Low' priority
[2025.02.17-00.43.34:190][104]LogShaderCompilers: Display: Worker (15/19): shaders left to compile 9051
[2025.02.17-00.43.34:190][104]LogShaderCompilers: Display: Started 10 'Local' shader compile jobs with 'Low' priority
[2025.02.17-00.43.34:265][106]LogShaderCompilers: Display: Worker (13/19): shaders left to compile 9041
[2025.02.17-00.43.34:265][106]LogShaderCompilers: Display: Started 10 'Local' shader compile jobs with 'Low' priority
[2025.02.17-00.43.35:003][162]LogShaderCompilers: Display: Worker (14/19): shaders left to compile 9031
[2025.02.17-00.43.35:003][162]LogShaderCompilers: Display: Started 10 'Local' shader compile jobs with 'Low' priority
[2025.02.17-00.43.35:611][213]LogShaderCompilers: Display: Worker (16/19): shaders left to compile 9021
[2025.02.17-00.43.35:611][213]LogShaderCompilers: Display: Started 10 'Local' shader compile jobs with 'Low' priority
[2025.02.17-00.43.36:225][266]LogSlate: Window '메시지 로그' being destroyed
[2025.02.17-00.43.36:240][266]LogSlate: Window '메시지 로그' being destroyed
[2025.02.17-00.43.36:419][278]LogShaderCompilers: Display: Worker (17/19): shaders left to compile 9011
[2025.02.17-00.43.36:419][278]LogShaderCompilers: Display: Started 10 'Local' shader compile jobs with 'Low' priority
[2025.02.17-00.43.36:571][287]LogShaderCompilers: Display: Worker (2/19): shaders left to compile 9001
[2025.02.17-00.43.36:571][287]LogShaderCompilers: Display: Started 10 'Local' shader compile jobs with 'Low' priority
[2025.02.17-00.43.37:247][347]LogShaderCompilers: Display: Worker (3/19): shaders left to compile 8991
[2025.02.17-00.43.37:248][347]LogShaderCompilers: Display: Started 10 'Local' shader compile jobs with 'Low' priority
[2025.02.17-00.43.37:292][350]LogShaderCompilers: Display: Worker (7/19): shaders left to compile 8981
[2025.02.17-00.43.37:292][350]LogShaderCompilers: Display: Started 10 'Local' shader compile jobs with 'Low' priority
[2025.02.17-00.43.37:366][355]LogShaderCompilers: Display: Worker (18/19): shaders left to compile 8971
[2025.02.17-00.43.37:366][355]LogShaderCompilers: Display: Started 10 'Local' shader compile jobs with 'Low' priority
[2025.02.17-00.43.37:366][355]LogShaderCompilers: Display: Worker (9/19): shaders left to compile 8961
[2025.02.17-00.43.37:366][355]LogShaderCompilers: Display: Started 10 'Local' shader compile jobs with 'Low' priority
[2025.02.17-00.43.37:632][380]LogShaderCompilers: Display: Worker (5/19): shaders left to compile 8951
[2025.02.17-00.43.37:632][380]LogShaderCompilers: Display: Worker (6/19): shaders left to compile 8941
[2025.02.17-00.43.37:632][380]LogShaderCompilers: Display: Started 20 'Local' shader compile jobs with 'Low' priority
[2025.02.17-00.43.37:721][387]LogShaderCompilers: Display: Worker (10/19): shaders left to compile 8931
[2025.02.17-00.43.37:721][387]LogShaderCompilers: Display: Started 10 'Local' shader compile jobs with 'Low' priority
[2025.02.17-00.43.38:070][413]LogShaderCompilers: Display: Worker (15/19): shaders left to compile 2
[2025.02.17-00.43.38:070][413]LogShaderCompilers: Display: Started 1 'Local' shader compile jobs with 'ForceLocal' priority
[2025.02.17-00.43.38:209][423]LogShaderCompilers: Display: Worker (8/19): shaders left to compile 1
[2025.02.17-00.43.38:209][423]LogShaderCompilers: Display: Started 1 'Local' shader compile jobs with 'ForceLocal' priority
[2025.02.17-00.43.38:348][436]LogShaderCompilers: Display: Worker (15/19): shaders left to compile 8919
[2025.02.17-00.43.38:348][436]LogShaderCompilers: Display: Started 10 'Local' shader compile jobs with 'Low' priority
[2025.02.17-00.43.38:363][437]LogShaderCompilers: Display: Worker (1/19): shaders left to compile 8909
[2025.02.17-00.43.38:363][437]LogShaderCompilers: Display: Started 10 'Local' shader compile jobs with 'Low' priority
[2025.02.17-00.43.38:611][462]LogShaderCompilers: Display: Worker (8/19): shaders left to compile 8899
[2025.02.17-00.43.38:611][462]LogShaderCompilers: Display: Started 10 'Local' shader compile jobs with 'Low' priority
[2025.02.17-00.43.38:700][471]LogShaderCompilers: Display: Worker (4/19): shaders left to compile 8889
[2025.02.17-00.43.38:700][471]LogShaderCompilers: Display: Started 10 'Local' shader compile jobs with 'Low' priority
[2025.02.17-00.43.39:441][538]LogShaderCompilers: Display: Worker (14/19): shaders left to compile 8879
[2025.02.17-00.43.39:441][538]LogShaderCompilers: Display: Started 10 'Local' shader compile jobs with 'Low' priority
[2025.02.17-00.43.39:986][590]LogShaderCompilers: Display: Worker (11/19): shaders left to compile 8869
[2025.02.17-00.43.39:986][590]LogShaderCompilers: Display: Started 10 'Local' shader compile jobs with 'Low' priority
[2025.02.17-00.43.40:289][617]LogShaderCompilers: Display: Worker (16/19): shaders left to compile 8859
[2025.02.17-00.43.40:289][617]LogShaderCompilers: Display: Started 10 'Local' shader compile jobs with 'Low' priority
[2025.02.17-00.43.40:289][617]LogShaderCompilers: Display: Worker (12/19): shaders left to compile 8849
[2025.02.17-00.43.40:289][617]LogShaderCompilers: Display: Started 10 'Local' shader compile jobs with 'Low' priority
[2025.02.17-00.43.40:566][642]LogShaderCompilers: Display: Worker (17/19): shaders left to compile 8839
[2025.02.17-00.43.40:566][642]LogShaderCompilers: Display: Started 10 'Local' shader compile jobs with 'Low' priority
[2025.02.17-00.43.40:884][672]LogShaderCompilers: Display: Worker (2/19): shaders left to compile 8829
[2025.02.17-00.43.40:884][672]LogShaderCompilers: Display: Started 10 'Local' shader compile jobs with 'Low' priority
[2025.02.17-00.43.41:019][684]LogShaderCompilers: Display: Worker (13/19): shaders left to compile 8819
[2025.02.17-00.43.41:019][684]LogShaderCompilers: Display: Started 10 'Local' shader compile jobs with 'Low' priority
[2025.02.17-00.43.41:318][713]LogShaderCompilers: Display: Worker (10/19): shaders left to compile 8809
[2025.02.17-00.43.41:318][713]LogShaderCompilers: Display: Started 10 'Local' shader compile jobs with 'Low' priority
[2025.02.17-00.43.41:701][749]LogShaderCompilers: Display: Worker (5/19): shaders left to compile 8799
[2025.02.17-00.43.41:701][749]LogShaderCompilers: Display: Started 10 'Local' shader compile jobs with 'Low' priority
[2025.02.17-00.43.42:770][842]LogShaderCompilers: Display: Worker (8/19): shaders left to compile 8789
[2025.02.17-00.43.42:770][842]LogShaderCompilers: Display: Started 10 'Local' shader compile jobs with 'Low' priority
[2025.02.17-00.43.42:837][848]LogShaderCompilers: Display: Worker (15/19): shaders left to compile 8779
[2025.02.17-00.43.42:837][848]LogShaderCompilers: Display: Started 10 'Local' shader compile jobs with 'Low' priority
[2025.02.17-00.43.43:122][875]LogShaderCompilers: Display: Worker (7/19): shaders left to compile 8769
[2025.02.17-00.43.43:122][875]LogShaderCompilers: Display: Started 10 'Local' shader compile jobs with 'Low' priority
[2025.02.17-00.43.43:197][881]LogShaderCompilers: Display: Worker (14/19): shaders left to compile 8759
[2025.02.17-00.43.43:197][881]LogShaderCompilers: Display: Started 10 'Local' shader compile jobs with 'Low' priority
[2025.02.17-00.43.43:575][913]LogShaderCompilers: Display: Worker (1/19): shaders left to compile 8749
[2025.02.17-00.43.43:575][913]LogShaderCompilers: Display: Started 10 'Local' shader compile jobs with 'Low' priority
[2025.02.17-00.43.43:898][936]LogShaderCompilers: Display: Worker (3/19): shaders left to compile 8739
[2025.02.17-00.43.43:898][936]LogShaderCompilers: Display: Started 10 'Local' shader compile jobs with 'Low' priority
[2025.02.17-00.43.44:318][971]LogShaderCompilers: Display: Worker (6/19): shaders left to compile 8729
[2025.02.17-00.43.44:318][971]LogShaderCompilers: Display: Started 10 'Local' shader compile jobs with 'Low' priority
[2025.02.17-00.43.44:822][ 16]LogShaderCompilers: Display: Worker (11/19): shaders left to compile 8719
[2025.02.17-00.43.44:823][ 16]LogShaderCompilers: Display: Started 10 'Local' shader compile jobs with 'Low' priority
[2025.02.17-00.43.44:823][ 16]LogShaderCompilers: Display: Worker (4/19): shaders left to compile 8709
[2025.02.17-00.43.44:823][ 16]LogShaderCompilers: Display: Started 10 'Local' shader compile jobs with 'Low' priority
[2025.02.17-00.43.45:228][ 51]LogShaderCompilers: Display: Worker (16/19): shaders left to compile 8699
[2025.02.17-00.43.45:228][ 51]LogShaderCompilers: Display: Started 10 'Local' shader compile jobs with 'Low' priority
[2025.02.17-00.43.45:451][ 71]LogShaderCompilers: Display: Worker (5/19): shaders left to compile 8689
[2025.02.17-00.43.45:451][ 71]LogShaderCompilers: Display: Started 10 'Local' shader compile jobs with 'Low' priority
[2025.02.17-00.43.45:638][ 87]LogShaderCompilers: Display: Worker (9/19): shaders left to compile 8679
[2025.02.17-00.43.45:638][ 87]LogShaderCompilers: Display: Started 10 'Local' shader compile jobs with 'Low' priority
[2025.02.17-00.43.45:668][ 88]LogShaderCompilers: Display: Worker (13/19): shaders left to compile 8669
[2025.02.17-00.43.45:668][ 88]LogShaderCompilers: Display: Started 10 'Local' shader compile jobs with 'Low' priority
[2025.02.17-00.43.45:725][ 91]LogShaderCompilers: Display: Worker (17/19): shaders left to compile 8659
[2025.02.17-00.43.45:725][ 91]LogShaderCompilers: Display: Started 10 'Local' shader compile jobs with 'Low' priority
[2025.02.17-00.43.46:706][176]LogShaderCompilers: Display: Worker (12/19): shaders left to compile 8649
[2025.02.17-00.43.46:706][176]LogShaderCompilers: Display: Started 10 'Local' shader compile jobs with 'Low' priority
[2025.02.17-00.43.46:955][196]LogShaderCompilers: Display: Worker (18/19): shaders left to compile 8639
[2025.02.17-00.43.46:955][196]LogShaderCompilers: Display: Started 10 'Local' shader compile jobs with 'Low' priority
[2025.02.17-00.43.47:310][227]LogShaderCompilers: Display: Worker (4/19): shaders left to compile 8629
[2025.02.17-00.43.47:310][227]LogShaderCompilers: Display: Started 10 'Local' shader compile jobs with 'Low' priority
[2025.02.17-00.43.47:396][235]LogShaderCompilers: Display: Worker (1/19): shaders left to compile 8619
[2025.02.17-00.43.47:396][235]LogShaderCompilers: Display: Started 10 'Local' shader compile jobs with 'Low' priority
[2025.02.17-00.43.47:444][239]LogShaderCompilers: Display: Worker (15/19): shaders left to compile 8609
[2025.02.17-00.43.47:444][239]LogShaderCompilers: Display: Started 10 'Local' shader compile jobs with 'Low' priority
[2025.02.17-00.43.47:812][274]LogShaderCompilers: Display: Worker (10/19): shaders left to compile 8599
[2025.02.17-00.43.47:812][274]LogShaderCompilers: Display: Started 10 'Local' shader compile jobs with 'Low' priority
[2025.02.17-00.43.48:048][296]LogShaderCompilers: Display: Worker (3/19): shaders left to compile 8589
[2025.02.17-00.43.48:048][296]LogShaderCompilers: Display: Started 10 'Local' shader compile jobs with 'Low' priority
[2025.02.17-00.43.48:049][296]LogShaderCompilers: Display: Worker (17/19): shaders left to compile 8579
[2025.02.17-00.43.48:049][296]LogShaderCompilers: Display: Started 10 'Local' shader compile jobs with 'Low' priority
[2025.02.17-00.43.48:134][304]LogShaderCompilers: Display: Worker (7/19): shaders left to compile 8569
[2025.02.17-00.43.48:134][304]LogShaderCompilers: Display: Started 10 'Local' shader compile jobs with 'Low' priority
[2025.02.17-00.43.48:389][328]LogShaderCompilers: Display: Worker (5/19): shaders left to compile 8559
[2025.02.17-00.43.48:389][328]LogShaderCompilers: Display: Started 10 'Local' shader compile jobs with 'Low' priority
[2025.02.17-00.43.48:425][331]LogShaderCompilers: Display: Worker (14/19): shaders left to compile 8549
[2025.02.17-00.43.48:426][331]LogShaderCompilers: Display: Started 10 'Local' shader compile jobs with 'Low' priority
[2025.02.17-00.43.48:715][356]LogShaderCompilers: Display: Worker (2/19): shaders left to compile 8539
[2025.02.17-00.43.48:715][356]LogShaderCompilers: Display: Started 10 'Local' shader compile jobs with 'Low' priority
[2025.02.17-00.43.49:175][400]LogShaderCompilers: Display: Worker (6/19): shaders left to compile 8529
[2025.02.17-00.43.49:175][400]LogShaderCompilers: Display: Started 10 'Local' shader compile jobs with 'Low' priority
[2025.02.17-00.43.49:249][407]LogShaderCompilers: Display: Worker (8/19): shaders left to compile 8519
[2025.02.17-00.43.49:249][407]LogShaderCompilers: Display: Started 10 'Local' shader compile jobs with 'Low' priority
[2025.02.17-00.43.49:361][418]LogShaderCompilers: Display: Worker (11/19): shaders left to compile 8509
[2025.02.17-00.43.49:361][418]LogShaderCompilers: Display: Started 10 'Local' shader compile jobs with 'Low' priority
[2025.02.17-00.43.49:379][419]LogShaderCompilers: Display: Worker (18/19): shaders left to compile 8499
[2025.02.17-00.43.49:379][419]LogShaderCompilers: Display: Started 10 'Local' shader compile jobs with 'Low' priority
[2025.02.17-00.43.50:144][494]LogShaderCompilers: Display: Worker (9/19): shaders left to compile 8489
[2025.02.17-00.43.50:144][494]LogShaderCompilers: Display: Started 10 'Local' shader compile jobs with 'Low' priority
[2025.02.17-00.43.50:201][499]LogShaderCompilers: Display: Worker (16/19): shaders left to compile 8479
[2025.02.17-00.43.50:201][499]LogShaderCompilers: Display: Started 10 'Local' shader compile jobs with 'Low' priority
[2025.02.17-00.43.50:257][504]LogShaderCompilers: Display: Worker (13/19): shaders left to compile 8469
[2025.02.17-00.43.50:257][504]LogShaderCompilers: Display: Started 10 'Local' shader compile jobs with 'Low' priority
[2025.02.17-00.43.50:257][504]LogShaderCompilers: Display: Worker (15/19): shaders left to compile 8459
[2025.02.17-00.43.50:257][504]LogShaderCompilers: Display: Started 10 'Local' shader compile jobs with 'Low' priority
[2025.02.17-00.43.51:221][596]LogShaderCompilers: Display: Worker (5/19): shaders left to compile 8449
[2025.02.17-00.43.51:221][596]LogShaderCompilers: Display: Started 10 'Local' shader compile jobs with 'Low' priority
[2025.02.17-00.43.51:500][622]LogShaderCompilers: Display: Worker (1/19): shaders left to compile 8439
[2025.02.17-00.43.51:500][622]LogShaderCompilers: Display: Started 10 'Local' shader compile jobs with 'Low' priority
[2025.02.17-00.43.51:509][623]LogShaderCompilers: Display: Worker (3/19): shaders left to compile 8429
[2025.02.17-00.43.51:509][623]LogShaderCompilers: Display: Started 10 'Local' shader compile jobs with 'Low' priority
[2025.02.17-00.43.51:711][642]LogShaderCompilers: Display: Worker (7/19): shaders left to compile 8419
[2025.02.17-00.43.51:711][642]LogShaderCompilers: Display: Started 10 'Local' shader compile jobs with 'Low' priority
[2025.02.17-00.43.52:058][674]LogShaderCompilers: Display: Worker (18/19): shaders left to compile 8409
[2025.02.17-00.43.52:058][674]LogShaderCompilers: Display: Started 10 'Local' shader compile jobs with 'Low' priority
[2025.02.17-00.43.52:106][678]LogShaderCompilers: Display: Worker (12/19): shaders left to compile 8399
[2025.02.17-00.43.52:106][678]LogShaderCompilers: Display: Started 10 'Local' shader compile jobs with 'Low' priority
[2025.02.17-00.43.52:175][685]LogShaderCompilers: Display: Worker (4/19): shaders left to compile 8389
[2025.02.17-00.43.52:175][685]LogShaderCompilers: Display: Started 10 'Local' shader compile jobs with 'Low' priority
[2025.02.17-00.43.52:373][704]LogShaderCompilers: Display: Worker (11/19): shaders left to compile 8379
[2025.02.17-00.43.52:373][704]LogShaderCompilers: Display: Started 10 'Local' shader compile jobs with 'Low' priority
[2025.02.17-00.43.52:451][711]LogShaderCompilers: Display: Worker (15/19): shaders left to compile 8369
[2025.02.17-00.43.52:451][711]LogShaderCompilers: Display: Worker (16/19): shaders left to compile 8359
[2025.02.17-00.43.52:451][711]LogShaderCompilers: Display: Started 20 'Local' shader compile jobs with 'Low' priority
[2025.02.17-00.43.52:650][729]LogShaderCompilers: Display: Worker (17/19): shaders left to compile 8349
[2025.02.17-00.43.52:650][729]LogShaderCompilers: Display: Started 10 'Local' shader compile jobs with 'Low' priority
[2025.02.17-00.43.52:841][748]LogUObjectHash: Compacting FUObjectHashTables data took   1.15ms
[2025.02.17-00.43.52:931][748]LogSlate: Window 'Cpp_Project - 언리얼 에디터' being destroyed
[2025.02.17-00.43.53:087][748]LogShaderCompilers: Display: Worker (10/19): shaders left to compile 8339
[2025.02.17-00.43.53:087][748]LogShaderCompilers: Display: Started 10 'Local' shader compile jobs with 'Low' priority
[2025.02.17-00.43.53:120][749]Cmd: QUIT_EDITOR
[2025.02.17-00.43.53:120][749]LogCore: Engine exit requested (reason: UUnrealEdEngine::CloseEditor())
[2025.02.17-00.43.53:127][749]LogCore: Engine exit requested (reason: EngineExit() was called; note: exit was already requested)
[2025.02.17-00.43.53:208][749]LogAudio: Display: Beginning Audio Device Manager Shutdown (Module: AudioMixerXAudio2)...
[2025.02.17-00.43.53:208][749]LogAudio: Display: Destroying 1 Remaining Audio Device(s)...
[2025.02.17-00.43.53:208][749]LogAudio: Display: Audio Device unregistered from world 'Level'.
[2025.02.17-00.43.53:208][749]LogAudioMixer: FMixerPlatformXAudio2::StopAudioStream() called
[2025.02.17-00.43.53:211][749]LogAudioMixer: FMixerPlatformXAudio2::StopAudioStream() called
[2025.02.17-00.43.53:241][749]LogAudio: Display: Audio Device Manager Shutdown
[2025.02.17-00.43.53:242][749]LogWindowsTextInputMethodSystem: Display: IME system activated using TSF (Microsoft 입력기).
[2025.02.17-00.43.53:251][749]LogExit: Preparing to exit.
[2025.02.17-00.43.53:653][749]LogShaderCompilers: Display: Worker (9/19): shaders left to compile 8329
[2025.02.17-00.43.53:653][749]LogShaderCompilers: Display: Started 10 'Local' shader compile jobs with 'Low' priority
[2025.02.17-00.43.53:653][749]LogShaderCompilers: Display: Worker (13/19): shaders left to compile 8319
[2025.02.17-00.43.53:653][749]LogShaderCompilers: Display: Started 10 'Local' shader compile jobs with 'Low' priority
[2025.02.17-00.43.53:653][749]LogShaderCompilers: Display: Worker (6/19): shaders left to compile 8309
[2025.02.17-00.43.53:653][749]LogShaderCompilers: Display: Started 10 'Local' shader compile jobs with 'Low' priority
[2025.02.17-00.43.53:653][749]LogShaderCompilers: Display: Worker (2/19): shaders left to compile 8299
[2025.02.17-00.43.53:653][749]LogShaderCompilers: Display: Started 10 'Local' shader compile jobs with 'Low' priority
[2025.02.17-00.43.53:656][749]LogUObjectHash: Compacting FUObjectHashTables data took   1.30ms
[2025.02.17-00.43.53:710][749]LogShaderCompilers: Display: Worker (3/19): shaders left to compile 8289
[2025.02.17-00.43.53:710][749]LogShaderCompilers: Display: Started 10 'Local' shader compile jobs with 'Low' priority
[2025.02.17-00.43.53:949][749]LogWorld: UWorld::CleanupWorld for World_0, bSessionEnded=true, bCleanupResources=true
[2025.02.17-00.43.53:950][749]LogWorld: UWorld::CleanupWorld for World_1, bSessionEnded=true, bCleanupResources=true
[2025.02.17-00.43.53:972][749]LogShaderCompilers: Display: Worker (14/19): shaders left to compile 5187
[2025.02.17-00.43.53:972][749]LogShaderCompilers: Display: Started 10 'Local' shader compile jobs with 'Low' priority
[2025.02.17-00.43.54:230][749]LogDemo: Cleaned up 0 splitscreen connections with owner deletion
[2025.02.17-00.43.54:246][749]LogExit: Transaction tracking system shut down
[2025.02.17-00.43.54:254][749]LogExit: Editor shut down
[2025.02.17-00.43.54:510][749]LogExit: Object subsystem successfully closed.
[2025.02.17-00.43.54:576][749]LogShaderCompilers: Display: === FShaderJobCache stats ===
[2025.02.17-00.43.54:576][749]LogShaderCompilers: Display: Total job queries 15670, among them cache hits 5 (0.03%)
[2025.02.17-00.43.54:576][749]LogShaderCompilers: Display: Tracking 7246 distinct input hashes that result in 4337 distinct outputs (59.85%)
[2025.02.17-00.43.54:576][749]LogShaderCompilers: Display: RAM used: 44.29 MB (0.04 GB) of 1638.40 MB (1.60 GB) budget. Usage: 2.70%
[2025.02.17-00.43.54:576][749]LogShaderCompilers: Display: ================================================
[2025.02.17-00.43.54:587][749]LogShaderCompilers: Display: Shaders left to compile 0
[2025.02.17-00.43.54:636][749]LogModuleManager: Shutting down and abandoning module HierarchicalLODOutliner (872)
[2025.02.17-00.43.54:637][749]LogModuleManager: Shutting down and abandoning module SceneOutliner (870)
[2025.02.17-00.43.54:637][749]LogModuleManager: Shutting down and abandoning module AddContentDialog (868)
[2025.02.17-00.43.54:637][749]LogModuleManager: Shutting down and abandoning module WidgetCarousel (867)
[2025.02.17-00.43.54:637][749]LogModuleManager: Shutting down and abandoning module EditorWidgets (864)
[2025.02.17-00.43.54:637][749]LogModuleManager: Shutting down and abandoning module StatsViewer (862)
[2025.02.17-00.43.54:637][749]LogModuleManager: Shutting down and abandoning module PIEPreviewDeviceProfileSelector (860)
[2025.02.17-00.43.54:637][749]LogModuleManager: Shutting down and abandoning module SequenceRecorderSections (858)
[2025.02.17-00.43.54:637][749]LogModuleManager: Shutting down and abandoning module AutomationWorker (856)
[2025.02.17-00.43.54:637][749]LogModuleManager: Shutting down and abandoning module SteamVREditor (854)
[2025.02.17-00.43.54:637][749]LogModuleManager: Shutting down and abandoning module OculusMR (852)
[2025.02.17-00.43.54:637][749]LogModuleManager: Shutting down and abandoning module CameraShakePreviewer (850)
[2025.02.17-00.43.54:637][749]LogModuleManager: Shutting down and abandoning module TakeRecorderSources (848)
[2025.02.17-00.43.54:638][749]LogModuleManager: Shutting down and abandoning module TakeRecorder (847)
[2025.02.17-00.43.54:638][749]LogModuleManager: Shutting down and abandoning module TakeTrackRecorders (844)
[2025.02.17-00.43.54:638][749]LogModuleManager: Shutting down and abandoning module TakesCore (842)
[2025.02.17-00.43.54:638][749]LogModuleManager: Shutting down and abandoning module OpenXRInput (840)
[2025.02.17-00.43.54:638][749]LogModuleManager: Shutting down and abandoning module GooglePADEditor (838)
[2025.02.17-00.43.54:638][749]LogModuleManager: Shutting down and abandoning module AudioCaptureEditor (836)
[2025.02.17-00.43.54:638][749]LogModuleManager: Shutting down and abandoning module TemplateSequenceEditor (834)
[2025.02.17-00.43.54:638][749]LogModuleManager: Shutting down and abandoning module MatineeToLevelSequence (832)
[2025.02.17-00.43.54:638][749]LogModuleManager: Shutting down and abandoning module LevelSequenceEditor (830)
[2025.02.17-00.43.54:638][749]LogModuleManager: Shutting down and abandoning module WmfMediaFactory (828)
[2025.02.17-00.43.54:638][749]LogModuleManager: Shutting down and abandoning module WmfMediaEditor (826)
[2025.02.17-00.43.54:638][749]LogModuleManager: Shutting down and abandoning module ActorSequenceEditor (824)
[2025.02.17-00.43.54:638][749]LogModuleManager: Shutting down and abandoning module WebMMediaFactory (822)
[2025.02.17-00.43.54:639][749]LogModuleManager: Shutting down and abandoning module WebMMediaEditor (820)
[2025.02.17-00.43.54:639][749]LogModuleManager: Shutting down and abandoning module WebMMedia (818)
[2025.02.17-00.43.54:639][749]LogModuleManager: Shutting down and abandoning module MediaPlayerEditor (816)
[2025.02.17-00.43.54:639][749]LogModuleManager: Shutting down and abandoning module MediaCompositingEditor (814)
[2025.02.17-00.43.54:639][749]LogModuleManager: Shutting down and abandoning module SequenceRecorder (813)
[2025.02.17-00.43.54:639][749]LogModuleManager: Shutting down and abandoning module OpenExrWrapper (810)
[2025.02.17-00.43.54:639][749]LogModuleManager: Shutting down and abandoning module ImgMediaFactory (808)
[2025.02.17-00.43.54:639][749]LogModuleManager: Shutting down and abandoning module ImgMediaEditor (806)
[2025.02.17-00.43.54:639][749]LogModuleManager: Shutting down and abandoning module AndroidMediaFactory (804)
[2025.02.17-00.43.54:639][749]LogModuleManager: Shutting down and abandoning module AndroidMediaEditor (802)
[2025.02.17-00.43.54:639][749]LogModuleManager: Shutting down and abandoning module AvfMediaFactory (800)
[2025.02.17-00.43.54:639][749]LogModuleManager: Shutting down and abandoning module AvfMediaEditor (798)
[2025.02.17-00.43.54:639][749]LogModuleManager: Shutting down and abandoning module MagicLeapMediaCodecFactory (796)
[2025.02.17-00.43.54:639][749]LogModuleManager: Shutting down and abandoning module MagicLeapMediaFactory (794)
[2025.02.17-00.43.54:639][749]LogModuleManager: Shutting down and abandoning module MagicLeapMediaEditor (792)
[2025.02.17-00.43.54:639][749]LogModuleManager: Shutting down and abandoning module TextureAlignMode (790)
[2025.02.17-00.43.54:639][749]LogModuleManager: Shutting down and abandoning module BspMode (788)
[2025.02.17-00.43.54:639][749]LogModuleManager: Shutting down and abandoning module GeometryMode (786)
[2025.02.17-00.43.54:639][749]LogModuleManager: Shutting down and abandoning module PlanarCut (784)
[2025.02.17-00.43.54:639][749]LogModuleManager: Shutting down and abandoning module CharacterAI (782)
[2025.02.17-00.43.54:639][749]LogModuleManager: Shutting down and abandoning module SmartSnapping (780)
[2025.02.17-00.43.54:639][749]LogModuleManager: Shutting down and abandoning module SessionServices (778)
[2025.02.17-00.43.54:639][749]LogModuleManager: Shutting down and abandoning module MeshPaint (776)
[2025.02.17-00.43.54:639][749]LogModuleManager: Shutting down and abandoning module VirtualTexturingEditor (774)
[2025.02.17-00.43.54:639][749]LogModuleManager: Shutting down and abandoning module FoliageEdit (772)
[2025.02.17-00.43.54:639][749]LogModuleManager: Shutting down and abandoning module LandscapeEditor (770)
[2025.02.17-00.43.54:639][749]LogModuleManager: Shutting down and abandoning module MeshPaintMode (768)
[2025.02.17-00.43.54:639][749]LogModuleManager: Shutting down and abandoning module SceneDepthPickerMode (766)
[2025.02.17-00.43.54:639][749]LogModuleManager: Shutting down and abandoning module ActorPickerMode (764)
[2025.02.17-00.43.54:640][749]LogModuleManager: Shutting down and abandoning module PlacementMode (762)
[2025.02.17-00.43.54:640][749]LogModuleManager: Shutting down and abandoning module ViewportSnapping (760)
[2025.02.17-00.43.54:640][749]LogModuleManager: Shutting down and abandoning module ViewportInteraction (758)
[2025.02.17-00.43.54:640][749]LogModuleManager: Shutting down and abandoning module ClothPainter (756)
[2025.02.17-00.43.54:640][749]LogModuleManager: Shutting down and abandoning module SkeletalMeshEditor (755)
[2025.02.17-00.43.54:640][749]LogModuleManager: Shutting down and abandoning module LogVisualizer (752)
[2025.02.17-00.43.54:640][749]LogModuleManager: Shutting down and abandoning module IntroTutorials (750)
[2025.02.17-00.43.54:640][749]LogModuleManager: Shutting down and abandoning module GameProjectGeneration (749)
[2025.02.17-00.43.54:640][749]LogModuleManager: Shutting down and abandoning module LuminPlatformEditor (746)
[2025.02.17-00.43.54:640][749]LogModuleManager: Shutting down and abandoning module IOSPlatformEditor (744)
[2025.02.17-00.43.54:640][749]LogModuleManager: Shutting down and abandoning module AndroidPlatformEditor (742)
[2025.02.17-00.43.54:640][749]LogModuleManager: Shutting down and abandoning module AndroidDeviceDetection (741)
[2025.02.17-00.43.55:457][749]LogModuleManager: Shutting down and abandoning module WindowsPlatformEditor (738)
[2025.02.17-00.43.55:457][749]LogModuleManager: Shutting down and abandoning module LuminRuntimeSettings (736)
[2025.02.17-00.43.55:457][749]LogModuleManager: Shutting down and abandoning module IOSRuntimeSettings (734)
[2025.02.17-00.43.55:457][749]LogModuleManager: Shutting down and abandoning module AndroidRuntimeSettings (732)
[2025.02.17-00.43.55:457][749]LogModuleManager: Shutting down and abandoning module TraceInsights (730)
[2025.02.17-00.43.55:458][749]MemoryProfiler: Shutdown
[2025.02.17-00.43.55:458][749]NetworkingProfiler: Shutdown
[2025.02.17-00.43.55:458][749]LoadingProfiler: Shutdown
[2025.02.17-00.43.55:458][749]TimingProfiler: Shutdown
[2025.02.17-00.43.55:459][749]LogModuleManager: Shutting down and abandoning module TraceServices (729)
[2025.02.17-00.43.55:459][749]LogModuleManager: Shutting down and abandoning module EditorInteractiveToolsFramework (726)
[2025.02.17-00.43.55:459][749]LogModuleManager: Shutting down and abandoning module TimeManagementEditor (724)
[2025.02.17-00.43.55:459][749]LogModuleManager: Shutting down and abandoning module InputBindingEditor (722)
[2025.02.17-00.43.55:459][749]LogModuleManager: Shutting down and abandoning module MergeActors (720)
[2025.02.17-00.43.55:459][749]LogModuleManager: Shutting down and abandoning module LocalizationDashboard (718)
[2025.02.17-00.43.55:459][749]LogModuleManager: Shutting down and abandoning module LocalizationService (717)
[2025.02.17-00.43.55:459][749]LogModuleManager: Shutting down and abandoning module HardwareTargeting (714)
[2025.02.17-00.43.55:459][749]LogModuleManager: Shutting down and abandoning module DeviceProfileEditor (712)
[2025.02.17-00.43.55:459][749]LogModuleManager: Shutting down and abandoning module UndoHistory (710)
[2025.02.17-00.43.55:459][749]LogModuleManager: Shutting down and abandoning module XmlParser (708)
[2025.02.17-00.43.55:459][749]LogModuleManager: Shutting down and abandoning module Blutility (706)
[2025.02.17-00.43.55:459][749]LogModuleManager: Shutting down and abandoning module ProjectSettingsViewer (704)
[2025.02.17-00.43.55:459][749]LogModuleManager: Shutting down and abandoning module ProjectTargetPlatformEditor (703)
[2025.02.17-00.43.55:459][749]LogModuleManager: Shutting down and abandoning module EditorSettingsViewer (700)
[2025.02.17-00.43.55:459][749]LogModuleManager: Shutting down and abandoning module InternationalizationSettings (699)
[2025.02.17-00.43.55:459][749]LogModuleManager: Shutting down and abandoning module SettingsEditor (696)
[2025.02.17-00.43.55:459][749]LogModuleManager: Shutting down and abandoning module ProjectLauncher (694)
[2025.02.17-00.43.55:459][749]LogModuleManager: Shutting down and abandoning module SessionFrontend (692)
[2025.02.17-00.43.55:459][749]LogModuleManager: Shutting down and abandoning module ProfilerClient (690)
[2025.02.17-00.43.55:460][749]LogModuleManager: Shutting down and abandoning module DeviceManager (688)
[2025.02.17-00.43.55:460][749]LogModuleManager: Shutting down and abandoning module TargetDeviceServices (687)
[2025.02.17-00.43.55:492][749]LogModuleManager: Shutting down and abandoning module AutomationController (684)
[2025.02.17-00.43.55:492][749]LogModuleManager: Shutting down and abandoning module AutomationWindow (682)
[2025.02.17-00.43.55:492][749]LogModuleManager: Shutting down and abandoning module Layers (680)
[2025.02.17-00.43.55:493][749]LogModuleManager: Shutting down and abandoning module ComponentVisualizers (678)
[2025.02.17-00.43.55:493][749]LogModuleManager: Shutting down and abandoning module DetailCustomizations (676)
[2025.02.17-00.43.55:493][749]LogModuleManager: Shutting down and abandoning module PackagesDialog (674)
[2025.02.17-00.43.55:493][749]LogModuleManager: Shutting down and abandoning module AnimationBlueprintEditor (672)
[2025.02.17-00.43.55:493][749]LogModuleManager: Shutting down and abandoning module Persona (670)
[2025.02.17-00.43.55:493][749]LogModuleManager: Shutting down and abandoning module AdvancedPreviewScene (669)
[2025.02.17-00.43.55:493][749]LogModuleManager: Shutting down and abandoning module Kismet (666)
[2025.02.17-00.43.55:493][749]LogModuleManager: Shutting down and abandoning module KismetWidgets (665)
[2025.02.17-00.43.55:493][749]LogModuleManager: Shutting down and abandoning module GraphEditor (662)
[2025.02.17-00.43.55:494][749]LogModuleManager: Shutting down and abandoning module StructViewer (660)
[2025.02.17-00.43.55:494][749]LogModuleManager: Shutting down and abandoning module ClassViewer (658)
[2025.02.17-00.43.55:494][749]LogModuleManager: Shutting down and abandoning module Toolbox (656)
[2025.02.17-00.43.55:494][749]LogModuleManager: Shutting down and abandoning module ModuleUI (654)
[2025.02.17-00.43.55:494][749]LogModuleManager: Shutting down and abandoning module OutputLog (652)
[2025.02.17-00.43.55:494][749]LogModuleManager: Shutting down and abandoning module GammaUI (650)
[2025.02.17-00.43.55:494][749]LogModuleManager: Shutting down and abandoning module Documentation (648)
[2025.02.17-00.43.55:494][749]LogModuleManager: Shutting down and abandoning module LiveCoding (646)
[2025.02.17-00.43.55:494][749]LogModuleManager: Shutting down and abandoning module LevelSequence (644)
[2025.02.17-00.43.55:494][749]LogModuleManager: Shutting down and abandoning module MovieSceneTracks (642)
[2025.02.17-00.43.55:494][749]LogModuleManager: Shutting down and abandoning module MovieScene (640)
[2025.02.17-00.43.55:494][749]LogModuleManager: Shutting down and abandoning module StreamingPauseRendering (638)
[2025.02.17-00.43.55:494][749]LogModuleManager: Shutting down and abandoning module LauncherPlatform (636)
[2025.02.17-00.43.55:494][749]LogModuleManager: Shutting down and abandoning module AnalyticsET (634)
[2025.02.17-00.43.55:494][749]LogModuleManager: Shutting down and abandoning module PortalServices (632)
[2025.02.17-00.43.55:494][749]LogModuleManager: Shutting down and abandoning module PortalRpc (630)
[2025.02.17-00.43.55:494][749]LogModuleManager: Shutting down and abandoning module MessagingRpc (628)
[2025.02.17-00.43.55:494][749]LogModuleManager: Shutting down and abandoning module AudioMixerXAudio2 (626)
[2025.02.17-00.43.55:494][749]LogModuleManager: Shutting down and abandoning module AudioMixerCore (625)
[2025.02.17-00.43.55:494][749]LogModuleManager: Shutting down and abandoning module AIModule (622)
[2025.02.17-00.43.55:494][749]LogModuleManager: Shutting down and abandoning module GameplayDebugger (621)
[2025.02.17-00.43.55:494][749]LogModuleManager: Shutting down and abandoning module AITestSuite (619)
[2025.02.17-00.43.55:494][749]LogModuleManager: Shutting down and abandoning module NavigationSystem (617)
[2025.02.17-00.43.55:494][749]LogModuleManager: Shutting down and abandoning module ImageWriteQueue (614)
[2025.02.17-00.43.55:503][749]LogModuleManager: Shutting down and abandoning module ProfilerService (612)
[2025.02.17-00.43.55:504][749]LogModuleManager: Shutting down and abandoning module TaskGraph (610)
[2025.02.17-00.43.55:504][749]LogModuleManager: Shutting down and abandoning module AudioSynesthesiaEditor (608)
[2025.02.17-00.43.55:504][749]LogModuleManager: Shutting down and abandoning module OculusEditor (606)
[2025.02.17-00.43.55:504][749]LogModuleManager: Shutting down and abandoning module OculusInput (604)
[2025.02.17-00.43.55:504][749]LogModuleManager: Shutting down and abandoning module ContentBrowserFileDataSource (602)
[2025.02.17-00.43.55:504][749]LogModuleManager: Shutting down and abandoning module ContentBrowserAssetDataSource (600)
[2025.02.17-00.43.55:504][749]LogModuleManager: Shutting down and abandoning module ContentBrowserClassDataSource (598)
[2025.02.17-00.43.55:504][749]LogModuleManager: Shutting down and abandoning module CollectionManager (597)
[2025.02.17-00.43.55:505][749]LogModuleManager: Shutting down and abandoning module TakeSequencer (594)
[2025.02.17-00.43.55:505][749]LogModuleManager: Shutting down and abandoning module TakeMovieScene (592)
[2025.02.17-00.43.55:505][749]LogModuleManager: Shutting down and abandoning module SynthesisEditor (590)
[2025.02.17-00.43.55:505][749]LogModuleManager: Shutting down and abandoning module Synthesis (588)
[2025.02.17-00.43.55:505][749]LogModuleManager: Shutting down and abandoning module ProceduralMeshComponentEditor (586)
[2025.02.17-00.43.55:505][749]LogModuleManager: Shutting down and abandoning module ProceduralMeshComponent (584)
[2025.02.17-00.43.55:505][749]LogModuleManager: Shutting down and abandoning module ScreenshotTools (582)
[2025.02.17-00.43.55:505][749]LogModuleManager: Shutting down and abandoning module OpenXREditor (580)
[2025.02.17-00.43.55:505][749]LogModuleManager: Shutting down and abandoning module MobilePatchingUtils (578)
[2025.02.17-00.43.55:505][749]LogModuleManager: Shutting down and abandoning module GooglePAD (576)
[2025.02.17-00.43.55:505][749]LogModuleManager: Shutting down and abandoning module CableComponent (574)
[2025.02.17-00.43.55:505][749]LogModuleManager: Shutting down and abandoning module EditableMesh (572)
[2025.02.17-00.43.55:505][749]LogModuleManager: Shutting down and abandoning module CustomMeshComponent (570)
[2025.02.17-00.43.55:505][749]LogModuleManager: Shutting down and abandoning module AudioCapture (568)
[2025.02.17-00.43.55:505][749]LogModuleManager: Shutting down and abandoning module AudioCaptureRtAudio (567)
[2025.02.17-00.43.55:505][749]LogModuleManager: Shutting down and abandoning module AssetTags (564)
[2025.02.17-00.43.55:505][749]LogModuleManager: Shutting down and abandoning module ArchVisCharacter (562)
[2025.02.17-00.43.55:505][749]LogModuleManager: Shutting down and abandoning module AppleImageUtilsBlueprintSupport (560)
[2025.02.17-00.43.55:505][749]LogModuleManager: Shutting down and abandoning module AppleImageUtils (558)
[2025.02.17-00.43.55:505][749]LogModuleManager: Shutting down and abandoning module OpenImageDenoise (556)
[2025.02.17-00.43.55:505][749]LogOpenImageDenoise: OIDN shutting down
[2025.02.17-00.43.55:505][749]LogModuleManager: Shutting down and abandoning module AndroidPermission (554)
[2025.02.17-00.43.55:505][749]LogModuleManager: Shutting down and abandoning module ActorLayerUtilitiesEditor (552)
[2025.02.17-00.43.55:505][749]LogModuleManager: Shutting down and abandoning module ActorLayerUtilities (550)
[2025.02.17-00.43.55:505][749]LogModuleManager: Shutting down and abandoning module TemplateSequence (548)
[2025.02.17-00.43.55:505][749]LogModuleManager: Shutting down and abandoning module MediaCompositing (546)
[2025.02.17-00.43.55:505][749]LogModuleManager: Shutting down and abandoning module ImgMedia (544)
[2025.02.17-00.43.55:505][749]LogModuleManager: Shutting down and abandoning module MagicLeapSharedWorld (542)
[2025.02.17-00.43.55:505][749]LogModuleManager: Shutting down and abandoning module MagicLeapLightEstimation (540)
[2025.02.17-00.43.55:505][749]LogModuleManager: Shutting down and abandoning module SpeedTreeImporter (538)
[2025.02.17-00.43.55:505][749]LogModuleManager: Shutting down and abandoning module CurveEditorTools (536)
[2025.02.17-00.43.55:505][749]LogModuleManager: Shutting down and abandoning module MaterialAnalyzer (534)
[2025.02.17-00.43.55:505][749]LogModuleManager: Shutting down and abandoning module MagicLeapHelperVulkan (532)
[2025.02.17-00.43.55:505][749]LogModuleManager: Shutting down and abandoning module MagicLeapHelperOpenGL (530)
[2025.02.17-00.43.55:505][749]LogModuleManager: Shutting down and abandoning module MagicLeapAudio (528)
[2025.02.17-00.43.55:505][749]LogModuleManager: Shutting down and abandoning module PluginBrowser (526)
[2025.02.17-00.43.55:505][749]LogModuleManager: Shutting down and abandoning module MobileLauncherProfileWizard (524)
[2025.02.17-00.43.55:505][749]LogModuleManager: Shutting down and abandoning module VisualStudioCodeSourceCodeAccess (522)
[2025.02.17-00.43.55:505][749]LogModuleManager: Shutting down and abandoning module CryptoKeysOpenSSL (520)
[2025.02.17-00.43.55:505][749]LogModuleManager: Shutting down and abandoning module CryptoKeys (518)
[2025.02.17-00.43.55:505][749]LogModuleManager: Shutting down and abandoning module VisualStudioSourceCodeAccess (516)
[2025.02.17-00.43.55:505][749]LogModuleManager: Shutting down and abandoning module GeometryCacheTracks (514)
[2025.02.17-00.43.55:505][749]LogModuleManager: Shutting down and abandoning module GeometryCacheStreamer (512)
[2025.02.17-00.43.55:505][749]LogModuleManager: Shutting down and abandoning module GeometryCacheSequencer (510)
[2025.02.17-00.43.55:505][749]LogModuleManager: Shutting down and abandoning module PluginUtils (508)
[2025.02.17-00.43.55:505][749]LogModuleManager: Shutting down and abandoning module PerforceSourceControl (506)
[2025.02.17-00.43.55:505][749]LogModuleManager: Shutting down and abandoning module MotoSynthEditor (504)
[2025.02.17-00.43.55:505][749]LogModuleManager: Shutting down and abandoning module MotoSynth (502)
[2025.02.17-00.43.55:505][749]LogModuleManager: Shutting down and abandoning module MeshConversion (500)
[2025.02.17-00.43.55:507][749]LogModuleManager: Shutting down and abandoning module DynamicMesh (498)
[2025.02.17-00.43.55:507][749]LogModuleManager: Shutting down and abandoning module GeometryAlgorithms (496)
[2025.02.17-00.43.55:507][749]LogModuleManager: Shutting down and abandoning module GeometricObjects (494)
[2025.02.17-00.43.55:507][749]LogModuleManager: Shutting down and abandoning module GeometryCollectionTracks (492)
[2025.02.17-00.43.55:507][749]LogModuleManager: Shutting down and abandoning module GeometryCollectionSequencer (491)
[2025.02.17-00.43.55:507][749]LogModuleManager: Shutting down and abandoning module GeometryCollectionEditor (488)
[2025.02.17-00.43.55:507][749]LogModuleManager: Shutting down and abandoning module NiagaraEditorWidgets (486)
[2025.02.17-00.43.55:508][749]LogModuleManager: Shutting down and abandoning module UObjectPlugin (484)
[2025.02.17-00.43.55:508][749]LogModuleManager: Shutting down and abandoning module SubversionSourceControl (482)
[2025.02.17-00.43.55:508][749]LogModuleManager: Shutting down and abandoning module FractureEditor (480)
[2025.02.17-00.43.55:508][749]LogModuleManager: Shutting down and abandoning module RiderSourceCodeAccess (478)
[2025.02.17-00.43.55:508][749]LogModuleManager: Shutting down and abandoning module ChaosSolverEditor (476)
[2025.02.17-00.43.55:508][749]LogModuleManager: Shutting down and abandoning module ChaosNiagara (474)
[2025.02.17-00.43.55:508][749]LogModuleManager: Shutting down and abandoning module FieldSystemEngine (473)
[2025.02.17-00.43.55:508][749]LogModuleManager: Shutting down and abandoning module GitSourceControl (470)
[2025.02.17-00.43.55:508][749]LogModuleManager: Shutting down and abandoning module PlasticSourceControl (468)
[2025.02.17-00.43.55:508][749]LogModuleManager: Shutting down and abandoning module SourceControl (467)
[2025.02.17-00.43.55:508][749]LogModuleManager: Shutting down and abandoning module ChaosClothEditor (464)
[2025.02.17-00.43.55:508][749]LogModuleManager: Shutting down and abandoning module CLionSourceCodeAccess (462)
[2025.02.17-00.43.55:508][749]LogModuleManager: Shutting down and abandoning module BackChannel (460)
[2025.02.17-00.43.55:508][749]LogModuleManager: Shutting down and abandoning module AutomationUtilsEditor (458)
[2025.02.17-00.43.55:508][749]LogModuleManager: Shutting down and abandoning module AutomationUtils (456)
[2025.02.17-00.43.55:508][749]LogModuleManager: Shutting down and abandoning module AnimationSharingEd (454)
[2025.02.17-00.43.55:508][749]LogModuleManager: Shutting down and abandoning module AlembicImporter (452)
[2025.02.17-00.43.55:508][749]LogModuleManager: Shutting down and abandoning module AlembicLibrary (451)
[2025.02.17-00.43.55:508][749]LogModuleManager: Shutting down and abandoning module GeometryCache (450)
[2025.02.17-00.43.55:508][749]LogModuleManager: Shutting down and abandoning module GeometryCacheEd (449)
[2025.02.17-00.43.55:508][749]LogModuleManager: Shutting down and abandoning module VariantManagerContentEditor (444)
[2025.02.17-00.43.55:508][749]LogModuleManager: Shutting down and abandoning module DatasmithContentEditor (442)
[2025.02.17-00.43.55:509][749]LogModuleManager: Shutting down and abandoning module OodleNetworkHandlerComponent (440)
[2025.02.17-00.43.55:509][749]LogModuleManager: Shutting down and abandoning module LiveLinkSequencer (438)
[2025.02.17-00.43.55:509][749]LogModuleManager: Shutting down and abandoning module LiveLinkMovieScene (436)
[2025.02.17-00.43.55:509][749]LogModuleManager: Shutting down and abandoning module LiveLinkGraphNode (434)
[2025.02.17-00.43.55:509][749]LogModuleManager: Shutting down and abandoning module LiveLinkEditor (432)
[2025.02.17-00.43.55:509][749]LogModuleManager: Shutting down and abandoning module LiveLinkComponents (430)
[2025.02.17-00.43.55:509][749]LogModuleManager: Shutting down and abandoning module LiveLink (428)
[2025.02.17-00.43.56:429][749]LogModuleManager: Shutting down and abandoning module LightPropagationVolumeEditor (426)
[2025.02.17-00.43.56:429][749]LogModuleManager: Shutting down and abandoning module PaperTiledImporter (424)
[2025.02.17-00.43.56:429][749]LogModuleManager: Shutting down and abandoning module PaperSpriteSheetImporter (422)
[2025.02.17-00.43.56:429][749]LogModuleManager: Shutting down and abandoning module Paper2DEditor (420)
[2025.02.17-00.43.56:439][749]LogModuleManager: Shutting down and abandoning module MeshPaintingToolset (418)
[2025.02.17-00.43.56:439][749]LogModuleManager: Shutting down and abandoning module MeshPaintEditorMode (416)
[2025.02.17-00.43.56:439][749]LogModuleManager: Shutting down and abandoning module Cpp_Project (414)
[2025.02.17-00.43.56:439][749]LogModuleManager: Shutting down and abandoning module AnimGraph (413)
[2025.02.17-00.43.56:439][749]LogModuleManager: Shutting down and abandoning module GameplayCameras (410)
[2025.02.17-00.43.56:439][749]LogModuleManager: Shutting down and abandoning module SoundFields (408)
[2025.02.17-00.43.56:439][749]LogModuleManager: Shutting down and abandoning module SignificanceManager (406)
[2025.02.17-00.43.56:439][749]LogModuleManager: Shutting down and abandoning module RuntimePhysXCooking (404)
[2025.02.17-00.43.56:439][749]LogModuleManager: Shutting down and abandoning module PropertyAccessEditor (402)
[2025.02.17-00.43.56:439][749]LogModuleManager: Shutting down and abandoning module PhysXVehiclesEditor (400)
[2025.02.17-00.43.56:439][749]LogModuleManager: Shutting down and abandoning module LocationServicesBPLibrary (396)
[2025.02.17-00.43.56:439][749]LogModuleManager: Shutting down and abandoning module AudioSynesthesia (394)
[2025.02.17-00.43.56:439][749]LogModuleManager: Shutting down and abandoning module AudioSynesthesiaCore (392)
[2025.02.17-00.43.56:439][749]LogModuleManager: Shutting down and abandoning module UdpMessaging (390)
[2025.02.17-00.43.56:540][749]LogModuleManager: Shutting down and abandoning module ActorSequence (388)
[2025.02.17-00.43.56:540][749]LogModuleManager: Shutting down and abandoning module TcpMessaging (386)
[2025.02.17-00.43.56:641][749]LogModuleManager: Shutting down and abandoning module ImgMediaEngine (384)
[2025.02.17-00.43.56:641][749]LogModuleManager: Shutting down and abandoning module MagicLeapARPin (382)
[2025.02.17-00.43.56:641][749]LogModuleManager: Shutting down and abandoning module MagicLeapHandMeshing (380)
[2025.02.17-00.43.56:641][749]LogModuleManager: Shutting down and abandoning module MagicLeapSecureStorage (378)
[2025.02.17-00.43.56:641][749]LogModuleManager: Shutting down and abandoning module MagicLeapPrivileges (376)
[2025.02.17-00.43.56:641][749]LogModuleManager: Shutting down and abandoning module MagicLeapPlanes (374)
[2025.02.17-00.43.56:641][749]LogMagicLeapPlanes: Planes tracker already destroyed.
[2025.02.17-00.43.56:641][749]LogModuleManager: Shutting down and abandoning module MagicLeapImageTracker (372)
[2025.02.17-00.43.56:641][749]LogModuleManager: Shutting down and abandoning module MagicLeapIdentity (370)
[2025.02.17-00.43.56:641][749]LogModuleManager: Shutting down and abandoning module MagicLeapHandTracking (368)
[2025.02.17-00.43.56:641][749]LogModuleManager: Shutting down and abandoning module MagicLeapEyeTracker (366)
[2025.02.17-00.43.56:641][749]LogModuleManager: Shutting down and abandoning module MagicLeapController (364)
[2025.02.17-00.43.56:641][749]LogModuleManager: Shutting down and abandoning module MagicLeapARPinImpl (362)
[2025.02.17-00.43.56:641][749]LogModuleManager: Shutting down and abandoning module MagicLeapAR (360)
[2025.02.17-00.43.56:641][749]LogModuleManager: Shutting down and abandoning module GameplayTagsEditor (358)
[2025.02.17-00.43.56:641][749]LogModuleManager: Shutting down and abandoning module FacialAnimationEditor (356)
[2025.02.17-00.43.56:641][749]LogModuleManager: Shutting down and abandoning module FacialAnimation (354)
[2025.02.17-00.43.56:641][749]LogModuleManager: Shutting down and abandoning module DataValidation (352)
[2025.02.17-00.43.56:641][749]LogModuleManager: Shutting down and abandoning module PythonScriptPlugin (350)
[2025.02.17-00.43.56:641][749]LogModuleManager: Shutting down and abandoning module NiagaraAnimNotifies (348)
[2025.02.17-00.43.56:641][749]LogModuleManager: Shutting down and abandoning module Niagara (346)
[2025.02.17-00.43.56:642][749]LogModuleManager: Shutting down and abandoning module SignalProcessing (345)
[2025.02.17-00.43.56:642][749]LogModuleManager: Shutting down and abandoning module NiagaraEditor (343)
[2025.02.17-00.43.56:642][749]LogModuleManager: Shutting down and abandoning module NiagaraCore (340)
[2025.02.17-00.43.56:642][749]LogModuleManager: Shutting down and abandoning module AssetManagerEditor (338)
[2025.02.17-00.43.56:642][749]LogModuleManager: Shutting down and abandoning module LevelEditor (337)
[2025.02.17-00.43.56:643][749]LogModuleManager: Shutting down and abandoning module PixelInspectorModule (336)
[2025.02.17-00.43.56:643][749]LogModuleManager: Shutting down and abandoning module CommonMenuExtensions (334)
[2025.02.17-00.43.56:643][749]LogModuleManager: Shutting down and abandoning module MainFrame (332)
[2025.02.17-00.43.56:643][749]LogModuleManager: Shutting down and abandoning module HotReload (331)
[2025.02.17-00.43.56:644][749]LogModuleManager: Shutting down and abandoning module ToolMenus (327)
[2025.02.17-00.43.56:644][749]LogModuleManager: Shutting down and abandoning module ContentBrowser (325)
[2025.02.17-00.43.56:644][749]LogModuleManager: Shutting down and abandoning module ContentBrowserData (324)
[2025.02.17-00.43.56:644][749]LogModuleManager: Shutting down and abandoning module TreeMap (321)
[2025.02.17-00.43.56:644][749]LogModuleManager: Shutting down and abandoning module PropertyAccessNode (318)
[2025.02.17-00.43.56:644][749]LogModuleManager: Shutting down and abandoning module AnimationSharing (316)
[2025.02.17-00.43.56:644][749]LogModuleManager: Shutting down and abandoning module EnvironmentQueryEditor (314)
[2025.02.17-00.43.56:644][749]LogModuleManager: Shutting down and abandoning module LightPropagationVolumeRuntime (312)
[2025.02.17-00.43.56:644][749]LogModuleManager: Shutting down and abandoning module Paper2D (310)
[2025.02.17-00.43.56:644][749]LogModuleManager: Shutting down and abandoning module WindowsMoviePlayer (308)
[2025.02.17-00.43.56:644][749]LogModuleManager: Shutting down and abandoning module WebMMoviePlayer (306)
[2025.02.17-00.43.56:644][749]LogModuleManager: Shutting down and abandoning module NetworkReplayStreaming (304)
[2025.02.17-00.43.56:644][749]LogModuleManager: Shutting down and abandoning module PacketHandler (302)
[2025.02.17-00.43.56:644][749]LogModuleManager: Shutting down and abandoning module ClothingSystemEditor (300)
[2025.02.17-00.43.56:644][749]LogModuleManager: Shutting down and abandoning module ClothingSystemRuntimeNv (298)
[2025.02.17-00.43.56:644][749]LogModuleManager: Shutting down and abandoning module MediaAssets (296)
[2025.02.17-00.43.56:644][749]LogModuleManager: Shutting down and abandoning module Overlay (294)
[2025.02.17-00.43.56:644][749]LogModuleManager: Shutting down and abandoning module OverlayEditor (293)
[2025.02.17-00.43.56:644][749]LogModuleManager: Shutting down and abandoning module VREditor (290)
[2025.02.17-00.43.56:644][749]LogModuleManager: Shutting down and abandoning module StringTableEditor (288)
[2025.02.17-00.43.56:644][749]LogModuleManager: Shutting down and abandoning module GameplayTasksEditor (286)
[2025.02.17-00.43.56:644][749]LogModuleManager: Shutting down and abandoning module BehaviorTreeEditor (284)
[2025.02.17-00.43.56:645][749]LogModuleManager: Shutting down and abandoning module FunctionalTesting (282)
[2025.02.17-00.43.56:645][749]LogModuleManager: Shutting down and abandoning module CollisionAnalyzer (280)
[2025.02.17-00.43.56:645][749]LogModuleManager: Shutting down and abandoning module WorkspaceMenuStructure (279)
[2025.02.17-00.43.56:645][749]LogModuleManager: Shutting down and abandoning module UMG (276)
[2025.02.17-00.43.56:646][749]LogModuleManager: Shutting down and abandoning module UMGEditor (275)
[2025.02.17-00.43.56:646][749]LogModuleManager: Shutting down and abandoning module MessageLog (273)
[2025.02.17-00.43.56:646][749]LogModuleManager: Shutting down and abandoning module SlateReflector (268)
[2025.02.17-00.43.56:647][749]LogModuleManager: Shutting down and abandoning module Slate (266)
[2025.02.17-00.43.56:647][749]LogModuleManager: Shutting down and abandoning module SlateCore (264)
[2025.02.17-00.43.56:647][749]LogModuleManager: Shutting down and abandoning module LandscapeEditorUtilities (262)
[2025.02.17-00.43.56:647][749]LogModuleManager: Shutting down and abandoning module UnrealEd (260)
[2025.02.17-00.43.56:647][749]LogModuleManager: Shutting down and abandoning module MRMesh (258)
[2025.02.17-00.43.56:647][749]LogModuleManager: Shutting down and abandoning module SourceCodeAccess (256)
[2025.02.17-00.43.56:647][749]LogModuleManager: Shutting down and abandoning module HeadMountedDisplay (254)
[2025.02.17-00.43.56:647][749]LogModuleManager: Shutting down and abandoning module XAudio2 (252)
[2025.02.17-00.43.56:648][749]LogModuleManager: Shutting down and abandoning module Networking (250)
[2025.02.17-00.43.56:648][749]LogModuleManager: Shutting down and abandoning module Core (248)
[2025.02.17-00.43.56:648][749]LogModuleManager: Shutting down and abandoning module MaterialEditor (246)
[2025.02.17-00.43.56:648][749]LogModuleManager: Shutting down and abandoning module MovieSceneTools (244)
[2025.02.17-00.43.56:648][749]LogModuleManager: Shutting down and abandoning module CurveEditor (243)
[2025.02.17-00.43.56:648][749]LogModuleManager: Shutting down and abandoning module Sequencer (241)
[2025.02.17-00.43.56:648][749]LogModuleManager: Shutting down and abandoning module EditorStyle (240)
[2025.02.17-00.43.56:649][749]LogModuleManager: Shutting down and abandoning module KismetCompiler (236)
[2025.02.17-00.43.56:649][749]LogModuleManager: Shutting down and abandoning module MeshBuilder (234)
[2025.02.17-00.43.56:649][749]LogModuleManager: Shutting down and abandoning module MeshUtilities (232)
[2025.02.17-00.43.56:649][749]LogModuleManager: Shutting down and abandoning module MeshMergeUtilities (231)
[2025.02.17-00.43.56:649][749]LogModuleManager: Shutting down and abandoning module MeshReductionInterface (230)
[2025.02.17-00.43.56:649][749]LogModuleManager: Shutting down and abandoning module MeshBoneReduction (229)
[2025.02.17-00.43.56:650][749]LogModuleManager: Shutting down and abandoning module SkeletalMeshReduction (227)
[2025.02.17-00.43.56:650][749]LogModuleManager: Shutting down and abandoning module ProxyLODMeshReduction (225)
[2025.02.17-00.43.56:651][749]LogModuleManager: Shutting down and abandoning module QuadricMeshReduction (223)
[2025.02.17-00.43.56:651][749]LogModuleManager: Shutting down and abandoning module MaterialBaking (219)
[2025.02.17-00.43.56:651][749]LogModuleManager: Shutting down and abandoning module NullInstallBundleManager (214)
[2025.02.17-00.43.56:651][749]LogModuleManager: Shutting down and abandoning module DerivedDataCache (212)
[2025.02.17-00.43.56:651][749]LogModuleManager: Shutting down and abandoning module TargetPlatform (210)
[2025.02.17-00.43.56:651][749]LogModuleManager: Shutting down and abandoning module VulkanShaderFormat (209)
[2025.02.17-00.43.56:651][749]LogModuleManager: Shutting down and abandoning module ShaderFormatVectorVM (207)
[2025.02.17-00.43.56:651][749]LogModuleManager: Shutting down and abandoning module ShaderFormatOpenGL (205)
[2025.02.17-00.43.56:651][749]LogModuleManager: Shutting down and abandoning module ShaderFormatD3D (203)
[2025.02.17-00.43.56:651][749]LogModuleManager: Shutting down and abandoning module MetalShaderFormat (201)
[2025.02.17-00.43.56:651][749]LogModuleManager: Shutting down and abandoning module TextureFormatOodle (199)
[2025.02.17-00.43.56:651][749]LogModuleManager: Shutting down and abandoning module TextureFormatUncompressed (197)
[2025.02.17-00.43.56:651][749]LogModuleManager: Shutting down and abandoning module TextureFormatPVR (195)
[2025.02.17-00.43.56:651][749]LogModuleManager: Shutting down and abandoning module TextureFormatETC2 (193)
[2025.02.17-00.43.56:651][749]LogModuleManager: Shutting down and abandoning module TextureFormatDXT (191)
[2025.02.17-00.43.56:651][749]LogModuleManager: Shutting down and abandoning module TextureFormatIntelISPCTexComp (189)
[2025.02.17-00.43.56:651][749]LogModuleManager: Shutting down and abandoning module TextureFormatASTC (187)
[2025.02.17-00.43.56:651][749]LogModuleManager: Shutting down and abandoning module ImageWrapper (186)
[2025.02.17-00.43.56:651][749]LogModuleManager: Shutting down and abandoning module AudioFormatOpus (183)
[2025.02.17-00.43.56:651][749]LogModuleManager: Shutting down and abandoning module AudioFormatOgg (181)
[2025.02.17-00.43.56:651][749]LogModuleManager: Shutting down and abandoning module AudioFormatADPCM (179)
[2025.02.17-00.43.56:651][749]LogModuleManager: Shutting down and abandoning module WindowsServerTargetPlatform (177)
[2025.02.17-00.43.56:651][749]LogModuleManager: Shutting down and abandoning module WindowsClientTargetPlatform (175)
[2025.02.17-00.43.56:651][749]LogModuleManager: Shutting down and abandoning module WindowsTargetPlatform (173)
[2025.02.17-00.43.56:651][749]LogModuleManager: Shutting down and abandoning module WindowsNoEditorTargetPlatform (171)
[2025.02.17-00.43.56:651][749]LogModuleManager: Shutting down and abandoning module TVOSTargetPlatform (169)
[2025.02.17-00.43.56:652][749]LogModuleManager: Shutting down and abandoning module MacServerTargetPlatform (167)
[2025.02.17-00.43.56:652][749]LogModuleManager: Shutting down and abandoning module MacClientTargetPlatform (165)
[2025.02.17-00.43.56:652][749]LogModuleManager: Shutting down and abandoning module MacTargetPlatform (163)
[2025.02.17-00.43.56:652][749]LogModuleManager: Shutting down and abandoning module MacNoEditorTargetPlatform (161)
[2025.02.17-00.43.56:652][749]LogModuleManager: Shutting down and abandoning module LuminTargetPlatform (159)
[2025.02.17-00.43.56:652][749]LogModuleManager: Shutting down and abandoning module LinuxAArch64ServerTargetPlatform (157)
[2025.02.17-00.43.56:652][749]LogModuleManager: Shutting down and abandoning module LinuxAArch64ClientTargetPlatform (155)
[2025.02.17-00.43.56:652][749]LogModuleManager: Shutting down and abandoning module LinuxAArch64NoEditorTargetPlatform (153)
[2025.02.17-00.43.56:652][749]LogModuleManager: Shutting down and abandoning module LinuxServerTargetPlatform (151)
[2025.02.17-00.43.56:652][749]LogModuleManager: Shutting down and abandoning module LinuxClientTargetPlatform (149)
[2025.02.17-00.43.56:652][749]LogModuleManager: Shutting down and abandoning module LinuxNoEditorTargetPlatform (147)
[2025.02.17-00.43.56:652][749]LogModuleManager: Shutting down and abandoning module LinuxTargetPlatform (145)
[2025.02.17-00.43.56:652][749]LogModuleManager: Shutting down and abandoning module Messaging (143)
[2025.02.17-00.43.56:652][749]LogModuleManager: Shutting down and abandoning module IOSTargetPlatform (141)
[2025.02.17-00.43.56:653][749]LogModuleManager: Shutting down and abandoning module AndroidTargetPlatform (139)
[2025.02.17-00.43.56:655][749]LogModuleManager: Shutting down and abandoning module AllDesktopTargetPlatform (137)
[2025.02.17-00.43.56:655][749]LogModuleManager: Shutting down and abandoning module D3D12RHI (134)
[2025.02.17-00.43.56:655][749]LogModuleManager: Shutting down and abandoning module InputCore (132)
[2025.02.17-00.43.56:655][749]LogModuleManager: Shutting down and abandoning module Settings (130)
[2025.02.17-00.43.56:655][749]LogModuleManager: Shutting down and abandoning module DirectoryWatcher (128)
[2025.02.17-00.43.56:655][749]LogModuleManager: Shutting down and abandoning module PhysXCooking (126)
[2025.02.17-00.43.56:655][749]LogModuleManager: Shutting down and abandoning module Chaos (124)
[2025.02.17-00.43.56:655][749]LogModuleManager: Shutting down and abandoning module WindowsPlatformFeatures (122)
[2025.02.17-00.43.56:655][749]LogModuleManager: Shutting down and abandoning module GameplayMediaEncoder (121)
[2025.02.17-00.43.56:655][749]LogModuleManager: Shutting down and abandoning module AVEncoder (120)
[2025.02.17-00.43.56:655][749]LogModuleManager: Shutting down and abandoning module SteamVRInputDevice (116)
[2025.02.17-00.43.56:655][749]LogModuleManager: Shutting down and abandoning module SteamVRInput (114)
[2025.02.17-00.43.56:655][749]LogModuleManager: Shutting down and abandoning module SteamVR (112)
[2025.02.17-00.43.56:655][749]LogHMD: Freeing OpenVRDLLHandle.
[2025.02.17-00.43.56:655][749]LogModuleManager: Shutting down and abandoning module OculusHMD (110)
[2025.02.17-00.43.56:655][749]LogModuleManager: Shutting down and abandoning module OpenXRHandTracking (108)
[2025.02.17-00.43.56:655][749]LogSlate: Slate User Destroyed.  User Index 0, Is Virtual User: 0
[2025.02.17-00.43.56:655][749]LogModuleManager: Shutting down and abandoning module OpenXRAR (106)
[2025.02.17-00.43.56:655][749]LogModuleManager: Shutting down and abandoning module AugmentedReality (105)
[2025.02.17-00.43.56:655][749]LogModuleManager: Shutting down and abandoning module OpenXRHMD (102)
[2025.02.17-00.43.56:655][749]LogModuleManager: Shutting down and abandoning module OpenXREyeTracker (100)
[2025.02.17-00.43.56:657][749]LogModuleManager: Shutting down and abandoning module ExampleDeviceProfileSelector (98)
[2025.02.17-00.43.56:657][749]LogModuleManager: Shutting down and abandoning module ChunkDownloader (96)
[2025.02.17-00.43.56:657][749]LogModuleManager: Shutting down and abandoning module OnlineBlueprintSupport (94)
[2025.02.17-00.43.56:657][749]LogModuleManager: Shutting down and abandoning module OnlineSubsystem (90)
[2025.02.17-00.43.56:658][749]LogModuleManager: Shutting down and abandoning module XMPP (85)
[2025.02.17-00.43.56:658][749]LogModuleManager: Shutting down and abandoning module WebSockets (84)
[2025.02.17-00.43.56:685][749]LogModuleManager: Shutting down and abandoning module HTTP (81)
[2025.02.17-00.43.56:685][749]LogHttp: Display: Http module shutting down, but needs to wait on 1 outstanding Http requests:
[2025.02.17-00.43.56:685][749]LogHttp: Display: 	verb=[POST] url=[https://datarouter.ol.epicgames.com/datarouter/api/v1/public/data?SessionID=%7B5C873894-414A-E833-030F-D5B3C26C6CB8%7D&AppID=UEEditor.Rocket.Release&AppVersion=4.27.2-18319896%2B%2B%2BUE4%2BRelease-4.27&UserID=548f7311494817517bdb59a2c6ebe0eb%7Cf1e2b938df414ec699d2f0e3b389ba7c%7C911d37c4-361e-498b-85e3-a9813ce1e404&AppEnvironment=datacollector-binary&UploadType=eteventstream] refs=[1] status=Processing
[2025.02.17-00.43.56:685][749]LogHttp: Display: cleaning up 1 outstanding Http requests.
[2025.02.17-00.43.56:698][749]LogModuleManager: Shutting down and abandoning module SSL (80)
[2025.02.17-00.43.56:699][749]LogModuleManager: Shutting down and abandoning module LauncherChunkInstaller (76)
[2025.02.17-00.43.56:699][749]LogModuleManager: Shutting down and abandoning module WmfMedia (74)
[2025.02.17-00.43.56:700][749]LogModuleManager: Shutting down and abandoning module Media (73)
[2025.02.17-00.43.56:701][749]LogModuleManager: Shutting down and abandoning module MediaInfo (72)
[2025.02.17-00.43.56:701][749]LogModuleManager: Shutting down and abandoning module ExrReaderGpu (68)
[2025.02.17-00.43.56:701][749]LogModuleManager: Shutting down and abandoning module MLSDK (66)
[2025.02.17-00.43.56:701][749]LogModuleManager: Shutting down and abandoning module ChaosCloth (64)
[2025.02.17-00.43.56:701][749]LogModuleManager: Shutting down and abandoning module MagicLeap (62)
[2025.02.17-00.43.56:701][749]LogModuleManager: Shutting down and abandoning module NiagaraVertexFactories (60)
[2025.02.17-00.43.56:701][749]LogModuleManager: Shutting down and abandoning module NiagaraShader (58)
[2025.02.17-00.43.56:701][749]LogModuleManager: Shutting down and abandoning module PixWinPlugin (56)
[2025.02.17-00.43.56:701][749]LogModuleManager: Shutting down and abandoning module VariantManagerContent (54)
[2025.02.17-00.43.56:701][749]LogModuleManager: Shutting down and abandoning module DatasmithContent (52)
[2025.02.17-00.43.56:701][749]LogModuleManager: Shutting down and abandoning module AISupportModule (50)
[2025.02.17-00.43.56:701][749]LogModuleManager: Shutting down and abandoning module DesktopPlatform (48)
[2025.02.17-00.43.56:701][749]LogModuleManager: Shutting down and abandoning module PythonScriptPluginPreload (46)
[2025.02.17-00.43.56:702][749]LogModuleManager: Shutting down and abandoning module PlatformCryptoOpenSSL (44)
[2025.02.17-00.43.56:702][749]LogModuleManager: Shutting down and abandoning module PlatformCryptoTypes (42)
[2025.02.17-00.43.56:702][749]LogModuleManager: Shutting down and abandoning module PlatformCrypto (40)
[2025.02.17-00.43.56:702][749]LogModuleManager: Shutting down and abandoning module OodleDataCompressionFormat (38)
[2025.02.17-00.43.56:702][749]LogModuleManager: Shutting down and abandoning module XGEController (36)
[2025.02.17-00.43.56:702][749]LogXGEController: Cleaning working directory: C:/Users/user/AppData/Local/Temp/UnrealXGEWorkingDir/
[2025.02.17-00.43.56:702][749]LogModuleManager: Shutting down and abandoning module AnimationModifiers (34)
[2025.02.17-00.43.56:702][749]LogModuleManager: Shutting down and abandoning module AudioEditor (32)
[2025.02.17-00.43.56:702][749]LogModuleManager: Shutting down and abandoning module PropertyEditor (31)
[2025.02.17-00.43.56:702][749]LogModuleManager: Shutting down and abandoning module TextureCompressor (28)
[2025.02.17-00.43.56:702][749]LogModuleManager: Shutting down and abandoning module RenderCore (26)
[2025.02.17-00.43.56:702][749]LogModuleManager: Shutting down and abandoning module Landscape (24)
[2025.02.17-00.43.56:702][749]LogModuleManager: Shutting down and abandoning module SlateRHIRenderer (22)
[2025.02.17-00.43.56:703][749]LogModuleManager: Shutting down and abandoning module AnimGraphRuntime (20)
[2025.02.17-00.43.56:703][749]LogModuleManager: Shutting down and abandoning module Renderer (18)
[2025.02.17-00.43.56:703][749]LogModuleManager: Shutting down and abandoning module Engine (16)
[2025.02.17-00.43.56:703][749]LogModuleManager: Shutting down and abandoning module CoreUObject (14)
[2025.02.17-00.43.56:703][749]LogModuleManager: Shutting down and abandoning module NetworkFile (12)
[2025.02.17-00.43.56:703][749]LogModuleManager: Shutting down and abandoning module CookedIterativeFile (10)
[2025.02.17-00.43.56:703][749]LogModuleManager: Shutting down and abandoning module StreamingFile (8)
[2025.02.17-00.43.56:703][749]LogModuleManager: Shutting down and abandoning module SandboxFile (6)
[2025.02.17-00.43.56:703][749]LogModuleManager: Shutting down and abandoning module PakFile (4)
[2025.02.17-00.43.56:703][749]LogModuleManager: Shutting down and abandoning module RSA (3)
[2025.02.17-00.43.56:703][749]LogContentStreaming: Display: There are 1 unreleased StreamingManagers
[2025.02.17-00.43.56:738][749]LogD3D12RHI: Display: D3D12 ReleaseResources: 164 items to release
[2025.02.17-00.43.56:738][749]LogD3D12RHI: Display: D3D12 ReleaseResources: "D3D12RHIObjectUniqueName483", 32 x 32 x 1, Mips: 1, Format: 0x5A, Flags: 0x1
[2025.02.17-00.43.56:738][749]LogD3D12RHI: Display: D3D12 ReleaseResources: "D3D12RHIObjectUniqueName482", 32 x 32 x 1, Mips: 1, Format: 0x5A, Flags: 0x1
[2025.02.17-00.43.56:739][749]LogD3D12RHI: Display: D3D12 ReleaseResources: "D3D12RHIObjectUniqueName481", 32 x 32 x 1, Mips: 1, Format: 0x5A, Flags: 0x1
[2025.02.17-00.43.56:740][749]LogD3D12RHI: Display: D3D12 ReleaseResources: "D3D12RHIObjectUniqueName480", 32 x 32 x 1, Mips: 1, Format: 0x5A, Flags: 0x1
[2025.02.17-00.43.56:741][749]LogD3D12RHI: Display: D3D12 ReleaseResources: "D3D12RHIObjectUniqueName479", 32 x 32 x 1, Mips: 1, Format: 0x5A, Flags: 0x1
[2025.02.17-00.43.56:741][749]LogD3D12RHI: Display: D3D12 ReleaseResources: "Scene view state exposure readback", 16 x 1 x 1, Mips: 1, Format: 0x0, Flags: 0x0
[2025.02.17-00.43.56:742][749]LogD3D12RHI: Display: D3D12 ReleaseResources: "Scene view state exposure readback", 16 x 1 x 1, Mips: 1, Format: 0x0, Flags: 0x0
[2025.02.17-00.43.56:742][749]LogD3D12RHI: Display: D3D12 ReleaseResources: "Scene view state exposure readback", 16 x 1 x 1, Mips: 1, Format: 0x0, Flags: 0x0
[2025.02.17-00.43.56:743][749]LogD3D12RHI: Display: D3D12 ReleaseResources: "D3D12RHIObjectUniqueName484", 1805 x 901 x 1, Mips: 1, Format: 0x5A, Flags: 0x1
[2025.02.17-00.43.56:744][749]LogD3D12RHI: Display: D3D12 ReleaseResources: "D3D12RHIObjectUniqueName485", 6688820 x 1 x 1, Mips: 1, Format: 0x0, Flags: 0x0
[2025.02.17-00.43.56:746][749]LogD3D12RHI: Display: D3D12 ReleaseResources: "D3D12RHIObjectUniqueName1308", 256 x 256 x 1, Mips: 1, Format: 0x5A, Flags: 0x1
[2025.02.17-00.43.56:747][749]LogD3D12RHI: Display: D3D12 ReleaseResources: "D3D12RHIObjectUniqueName551", 256 x 256 x 1, Mips: 1, Format: 0x5A, Flags: 0x1
[2025.02.17-00.43.56:747][749]LogD3D12RHI: Display: D3D12 ReleaseResources: "D3D12RHIObjectUniqueName550", 256 x 256 x 1, Mips: 1, Format: 0x5A, Flags: 0x1
[2025.02.17-00.43.56:748][749]LogD3D12RHI: Display: D3D12 ReleaseResources: "D3D12RHIObjectUniqueName527", 403 x 403 x 1, Mips: 1, Format: 0x5A, Flags: 0x1
[2025.02.17-00.43.56:748][749]LogD3D12RHI: Display: D3D12 ReleaseResources: "D3D12RHIObjectUniqueName528", 403 x 403 x 1, Mips: 1, Format: 0x5A, Flags: 0x1
[2025.02.17-00.43.56:750][749]LogD3D12RHI: Display: D3D12 ReleaseResources: "D3D12RHIObjectUniqueName529", 403 x 403 x 1, Mips: 1, Format: 0x5A, Flags: 0x1
[2025.02.17-00.43.56:751][749]LogD3D12RHI: Display: D3D12 ReleaseResources: "D3D12RHIObjectUniqueName530", 403 x 403 x 1, Mips: 1, Format: 0x5A, Flags: 0x1
[2025.02.17-00.43.56:751][749]LogD3D12RHI: Display: D3D12 ReleaseResources: "D3D12RHIObjectUniqueName498", 256 x 256 x 1, Mips: 1, Format: 0x5A, Flags: 0x1
[2025.02.17-00.43.56:752][749]LogD3D12RHI: Display: D3D12 ReleaseResources: "D3D12RHIObjectUniqueName497", 256 x 256 x 1, Mips: 1, Format: 0x5A, Flags: 0x1
[2025.02.17-00.43.56:753][749]LogD3D12RHI: Display: D3D12 ReleaseResources: "D3D12RHIObjectUniqueName496", 256 x 256 x 1, Mips: 1, Format: 0x5A, Flags: 0x1
[2025.02.17-00.43.56:753][749]LogD3D12RHI: Display: D3D12 ReleaseResources: "D3D12RHIObjectUniqueName495", 256 x 256 x 1, Mips: 1, Format: 0x5A, Flags: 0x1
[2025.02.17-00.43.56:754][749]LogD3D12RHI: Display: D3D12 ReleaseResources: "D3D12RHIObjectUniqueName494", 256 x 256 x 1, Mips: 1, Format: 0x5A, Flags: 0x1
[2025.02.17-00.43.56:755][749]LogD3D12RHI: Display: D3D12 ReleaseResources: "D3D12RHIObjectUniqueName493", 256 x 256 x 1, Mips: 1, Format: 0x5A, Flags: 0x1
[2025.02.17-00.43.56:755][749]LogD3D12RHI: Display: D3D12 ReleaseResources: "D3D12RHIObjectUniqueName492", 256 x 256 x 1, Mips: 1, Format: 0x5A, Flags: 0x1
[2025.02.17-00.43.56:756][749]LogD3D12RHI: Display: D3D12 ReleaseResources: "D3D12RHIObjectUniqueName523", 403 x 403 x 1, Mips: 1, Format: 0x5A, Flags: 0x1
[2025.02.17-00.43.56:756][749]LogD3D12RHI: Display: D3D12 ReleaseResources: "D3D12RHIObjectUniqueName522", 403 x 403 x 1, Mips: 1, Format: 0x5A, Flags: 0x1
[2025.02.17-00.43.56:757][749]LogD3D12RHI: Display: D3D12 ReleaseResources: "D3D12RHIObjectUniqueName521", 403 x 403 x 1, Mips: 1, Format: 0x5A, Flags: 0x1
[2025.02.17-00.43.56:759][749]LogD3D12RHI: Display: D3D12 ReleaseResources: "D3D12RHIObjectUniqueName520", 403 x 403 x 1, Mips: 1, Format: 0x5A, Flags: 0x1
[2025.02.17-00.43.56:760][749]LogD3D12RHI: Display: D3D12 ReleaseResources: "D3D12RHIObjectUniqueName519", 403 x 403 x 1, Mips: 1, Format: 0x5A, Flags: 0x1
[2025.02.17-00.43.56:761][749]LogD3D12RHI: Display: D3D12 ReleaseResources: "D3D12RHIObjectUniqueName518", 403 x 403 x 1, Mips: 1, Format: 0x5A, Flags: 0x1
[2025.02.17-00.43.56:762][749]LogD3D12RHI: Display: D3D12 ReleaseResources: "D3D12RHIObjectUniqueName517", 403 x 403 x 1, Mips: 1, Format: 0x5A, Flags: 0x1
[2025.02.17-00.43.56:762][749]LogD3D12RHI: Display: D3D12 ReleaseResources: "D3D12RHIObjectUniqueName516", 403 x 403 x 1, Mips: 1, Format: 0x5A, Flags: 0x1
[2025.02.17-00.43.56:763][749]LogD3D12RHI: Display: D3D12 ReleaseResources: "D3D12RHIObjectUniqueName515", 403 x 403 x 1, Mips: 1, Format: 0x5A, Flags: 0x1
[2025.02.17-00.43.56:763][749]LogD3D12RHI: Display: D3D12 ReleaseResources: "D3D12RHIObjectUniqueName514", 403 x 403 x 1, Mips: 1, Format: 0x5A, Flags: 0x1
[2025.02.17-00.43.56:764][749]LogD3D12RHI: Display: D3D12 ReleaseResources: "D3D12RHIObjectUniqueName513", 403 x 403 x 1, Mips: 1, Format: 0x5A, Flags: 0x1
[2025.02.17-00.43.56:766][749]LogD3D12RHI: Display: D3D12 ReleaseResources: "D3D12RHIObjectUniqueName512", 403 x 403 x 1, Mips: 1, Format: 0x5A, Flags: 0x1
[2025.02.17-00.43.56:767][749]LogD3D12RHI: Display: D3D12 ReleaseResources: "D3D12RHIObjectUniqueName511", 403 x 403 x 1, Mips: 1, Format: 0x5A, Flags: 0x1
[2025.02.17-00.43.56:768][749]LogD3D12RHI: Display: D3D12 ReleaseResources: "D3D12RHIObjectUniqueName510", 403 x 403 x 1, Mips: 1, Format: 0x5A, Flags: 0x1
[2025.02.17-00.43.56:769][749]LogD3D12RHI: Display: D3D12 ReleaseResources: "D3D12RHIObjectUniqueName509", 403 x 403 x 1, Mips: 1, Format: 0x5A, Flags: 0x1
[2025.02.17-00.43.56:769][749]LogD3D12RHI: Display: D3D12 ReleaseResources: "D3D12RHIObjectUniqueName508", 403 x 403 x 1, Mips: 1, Format: 0x5A, Flags: 0x1
[2025.02.17-00.43.56:770][749]LogD3D12RHI: Display: D3D12 ReleaseResources: "D3D12RHIObjectUniqueName507", 403 x 403 x 1, Mips: 1, Format: 0x5A, Flags: 0x1
[2025.02.17-00.43.56:770][749]LogD3D12RHI: Display: D3D12 ReleaseResources: "D3D12RHIObjectUniqueName506", 403 x 403 x 1, Mips: 1, Format: 0x5A, Flags: 0x1
[2025.02.17-00.43.56:771][749]LogD3D12RHI: Display: D3D12 ReleaseResources: "D3D12RHIObjectUniqueName505", 403 x 403 x 1, Mips: 1, Format: 0x5A, Flags: 0x1
[2025.02.17-00.43.56:772][749]LogD3D12RHI: Display: D3D12 ReleaseResources: "D3D12RHIObjectUniqueName504", 403 x 403 x 1, Mips: 1, Format: 0x5A, Flags: 0x1
[2025.02.17-00.43.56:773][749]LogD3D12RHI: Display: D3D12 ReleaseResources: "D3D12RHIObjectUniqueName503", 403 x 403 x 1, Mips: 1, Format: 0x5A, Flags: 0x1
[2025.02.17-00.43.56:774][749]LogD3D12RHI: Display: D3D12 ReleaseResources: "D3D12RHIObjectUniqueName502", 403 x 403 x 1, Mips: 1, Format: 0x5A, Flags: 0x1
[2025.02.17-00.43.56:774][749]LogD3D12RHI: Display: D3D12 ReleaseResources: "D3D12RHIObjectUniqueName486", 1805 x 901 x 1, Mips: 1, Format: 0x18, Flags: 0x1
[2025.02.17-00.43.56:775][749]LogD3D12RHI: Display: D3D12 ReleaseResources: "HZBResultsCPU", 262144 x 1 x 1, Mips: 1, Format: 0x0, Flags: 0x0
[2025.02.17-00.43.56:775][749]LogD3D12RHI: Display: D3D12 ReleaseResources: "HZBResultsCPU", 262144 x 1 x 1, Mips: 1, Format: 0x0, Flags: 0x0
[2025.02.17-00.43.56:776][749]LogD3D12RHI: Display: D3D12 ReleaseResources: "HZBResultsCPU", 262144 x 1 x 1, Mips: 1, Format: 0x0, Flags: 0x0
[2025.02.17-00.43.56:776][749]LogD3D12RHI: Display: D3D12 ReleaseResources: "HZBResultsCPU", 262144 x 1 x 1, Mips: 1, Format: 0x0, Flags: 0x0
[2025.02.17-00.43.56:777][749]LogD3D12RHI: Display: D3D12 ReleaseResources: "BackBuffer0", 512 x 256 x 1, Mips: 1, Format: 0x18, Flags: 0x1
[2025.02.17-00.43.56:777][749]LogD3D12RHI: Display: D3D12 ReleaseResources: "BackBuffer1", 512 x 256 x 1, Mips: 1, Format: 0x18, Flags: 0x1
[2025.02.17-00.43.56:777][749]LogD3D12RHI: Display: D3D12 ReleaseResources: "BackBuffer2", 512 x 256 x 1, Mips: 1, Format: 0x18, Flags: 0x1
[2025.02.17-00.43.56:848][749]LogD3D12RHI: Display: D3D12 ReleaseResources: "D3D12RHIObjectUniqueName499", 2048 x 2048 x 1, Mips: 1, Format: 0x5A, Flags: 0x0
[2025.02.17-00.43.56:849][749]LogD3D12RHI: Display: D3D12 ReleaseResources: "DaylightAmbientCubemap", 512 x 512 x 6, Mips: 10, Format: 0xA, Flags: 0x0
[2025.02.17-00.43.56:849][749]LogD3D12RHI: Display: D3D12 ReleaseResources: "ParticleAttributes", 1024 x 1024 x 1, Mips: 1, Format: 0x5A, Flags: 0x1
[2025.02.17-00.43.56:850][749]LogD3D12RHI: Display: D3D12 ReleaseResources: "ParticleAttributes", 1024 x 1024 x 1, Mips: 1, Format: 0x5A, Flags: 0x1
[2025.02.17-00.43.56:851][749]LogD3D12RHI: Display: D3D12 ReleaseResources: "ParticleStateVelocity", 1024 x 1024 x 1, Mips: 1, Format: 0xA, Flags: 0x1
[2025.02.17-00.43.56:851][749]LogD3D12RHI: Display: D3D12 ReleaseResources: "ParticleStatePosition", 1024 x 1024 x 1, Mips: 1, Format: 0x2, Flags: 0x1
[2025.02.17-00.43.56:852][749]LogD3D12RHI: Display: D3D12 ReleaseResources: "ParticleStateVelocity", 1024 x 1024 x 1, Mips: 1, Format: 0xA, Flags: 0x1
[2025.02.17-00.43.56:852][749]LogD3D12RHI: Display: D3D12 ReleaseResources: "ParticleStatePosition", 1024 x 1024 x 1, Mips: 1, Format: 0x2, Flags: 0x1
[2025.02.17-00.43.56:853][749]LogD3D12RHI: Display: D3D12 ReleaseResources: "ParticleAttributes", 1024 x 1024 x 1, Mips: 1, Format: 0x5A, Flags: 0x1
[2025.02.17-00.43.56:854][749]LogD3D12RHI: Display: D3D12 ReleaseResources: "ParticleAttributes", 1024 x 1024 x 1, Mips: 1, Format: 0x5A, Flags: 0x1
[2025.02.17-00.43.56:854][749]LogD3D12RHI: Display: D3D12 ReleaseResources: "ParticleStateVelocity", 1024 x 1024 x 1, Mips: 1, Format: 0xA, Flags: 0x1
[2025.02.17-00.43.56:854][749]LogD3D12RHI: Display: D3D12 ReleaseResources: "ParticleStatePosition", 1024 x 1024 x 1, Mips: 1, Format: 0x2, Flags: 0x1
[2025.02.17-00.43.56:856][749]LogD3D12RHI: Display: D3D12 ReleaseResources: "ParticleStateVelocity", 1024 x 1024 x 1, Mips: 1, Format: 0xA, Flags: 0x1
[2025.02.17-00.43.56:856][749]LogD3D12RHI: Display: D3D12 ReleaseResources: "ParticleStatePosition", 1024 x 1024 x 1, Mips: 1, Format: 0x2, Flags: 0x1
[2025.02.17-00.43.56:856][749]LogD3D12RHI: Display: D3D12 ReleaseResources: "DefaultBloomKernel", 2048 x 2048 x 1, Mips: 1, Format: 0xA, Flags: 0x0
[2025.02.17-00.43.56:863][749]LogD3D12RHI: Display: D3D12 ReleaseResources: "StencilDummy", 1 x 1 x 1, Mips: 1, Format: 0x1E, Flags: 0x1
[2025.02.17-00.43.56:865][749]LogD3D12RHI: Display: D3D12 ReleaseResources: "MidGreyDummy", 1 x 1 x 1, Mips: 1, Format: 0xA, Flags: 0x1
[2025.02.17-00.43.56:867][749]LogD3D12RHI: Display: D3D12 ReleaseResources: "ZeroUIntDummy", 1 x 1 x 1, Mips: 1, Format: 0x2A, Flags: 0x1
[2025.02.17-00.43.56:867][749]LogD3D12RHI: Display: D3D12 ReleaseResources: "VolumetricBlackDummy", 1 x 1 x 1, Mips: 1, Format: 0x5A, Flags: 0x1
[2025.02.17-00.43.56:868][749]LogD3D12RHI: Display: D3D12 ReleaseResources: "DefaultNormal8Bit", 1 x 1 x 1, Mips: 1, Format: 0x5A, Flags: 0x1
[2025.02.17-00.43.56:870][749]LogD3D12RHI: Display: D3D12 ReleaseResources: "GreenDummy", 1 x 1 x 1, Mips: 1, Format: 0x5A, Flags: 0x1
[2025.02.17-00.43.56:871][749]LogD3D12RHI: Display: D3D12 ReleaseResources: "MaxFP16Depth", 1 x 1 x 1, Mips: 1, Format: 0xA, Flags: 0x1
[2025.02.17-00.43.56:872][749]LogD3D12RHI: Display: D3D12 ReleaseResources: "BlackAlphaOneDummy", 1 x 1 x 1, Mips: 1, Format: 0x5A, Flags: 0x1
[2025.02.17-00.43.56:874][749]LogD3D12RHI: Display: D3D12 ReleaseResources: "TranslucentVolumeDir2", 64 x 64 x 64, Mips: 1, Format: 0xA, Flags: 0x5
[2025.02.17-00.43.56:875][749]LogD3D12RHI: Display: D3D12 ReleaseResources: "TranslucentVolume2", 64 x 64 x 64, Mips: 1, Format: 0xA, Flags: 0x5
[2025.02.17-00.43.56:877][749]LogD3D12RHI: Display: D3D12 ReleaseResources: "TranslucentVolumeDir1", 64 x 64 x 64, Mips: 1, Format: 0xA, Flags: 0x5
[2025.02.17-00.43.56:877][749]LogD3D12RHI: Display: D3D12 ReleaseResources: "TranslucentVolume1", 64 x 64 x 64, Mips: 1, Format: 0xA, Flags: 0x5
[2025.02.17-00.43.56:878][749]LogD3D12RHI: Display: D3D12 ReleaseResources: "TranslucentVolumeDir0", 64 x 64 x 64, Mips: 1, Format: 0xA, Flags: 0x5
[2025.02.17-00.43.56:878][749]LogD3D12RHI: Display: D3D12 ReleaseResources: "TranslucentVolume0", 64 x 64 x 64, Mips: 1, Format: 0xA, Flags: 0x5
[2025.02.17-00.43.56:879][749]LogD3D12RHI: Display: D3D12 ReleaseResources: "SkySHIrradianceMap", 9 x 1 x 1, Mips: 1, Format: 0xA, Flags: 0x1
[2025.02.17-00.43.56:879][749]LogD3D12RHI: Display: D3D12 ReleaseResources: "DiffuseIrradianceScratchCubemap1", 32 x 32 x 6, Mips: 6, Format: 0xA, Flags: 0x1
[2025.02.17-00.43.56:880][749]LogD3D12RHI: Display: D3D12 ReleaseResources: "DiffuseIrradianceScratchCubemap0", 32 x 32 x 6, Mips: 6, Format: 0xA, Flags: 0x1
[2025.02.17-00.43.56:882][749]LogD3D12RHI: Display: D3D12 ReleaseResources: "ReflectionColorScratchCubemap1", 128 x 128 x 6, Mips: 8, Format: 0xA, Flags: 0x1
[2025.02.17-00.43.56:883][749]LogD3D12RHI: Display: D3D12 ReleaseResources: "ReflectionColorScratchCubemap0", 128 x 128 x 6, Mips: 8, Format: 0xA, Flags: 0x1
[2025.02.17-00.43.56:884][749]LogD3D12RHI: Display: D3D12 ReleaseResources: "QuadOverdrawBuffer", 904 x 226 x 1, Mips: 1, Format: 0x2A, Flags: 0x5
[2025.02.17-00.43.56:884][749]LogD3D12RHI: Display: D3D12 ReleaseResources: "AOTemporalAccumulation0", 904 x 452 x 1, Mips: 1, Format: 0xA, Flags: 0x5
[2025.02.17-00.43.56:886][749]LogD3D12RHI: Display: D3D12 ReleaseResources: "SmallDepthZ", 452 x 226 x 1, Mips: 1, Format: 0x13, Flags: 0x2
[2025.02.17-00.43.56:886][749]LogD3D12RHI: Display: D3D12 ReleaseResources: "SmallDepthZ", 452 x 226 x 1, Mips: 1, Format: 0x13, Flags: 0x2
[2025.02.17-00.43.56:888][749]LogD3D12RHI: Display: D3D12 ReleaseResources: "AtmosphereDeltaJ", 256 x 128 x 2, Mips: 1, Format: 0xA, Flags: 0x1
[2025.02.17-00.43.56:889][749]LogD3D12RHI: Display: D3D12 ReleaseResources: "AtmosphereDeltaSM", 256 x 128 x 2, Mips: 1, Format: 0xA, Flags: 0x1
[2025.02.17-00.43.56:890][749]LogD3D12RHI: Display: D3D12 ReleaseResources: "AtmosphereDeltaSR", 256 x 128 x 2, Mips: 1, Format: 0xA, Flags: 0x1
[2025.02.17-00.43.56:892][749]LogD3D12RHI: Display: D3D12 ReleaseResources: "AtmosphereInscatter", 256 x 128 x 2, Mips: 1, Format: 0xA, Flags: 0x1
[2025.02.17-00.43.56:893][749]LogD3D12RHI: Display: D3D12 ReleaseResources: "AtmosphereDeltaE", 64 x 16 x 1, Mips: 1, Format: 0xA, Flags: 0x1
[2025.02.17-00.43.56:894][749]LogD3D12RHI: Display: D3D12 ReleaseResources: "AtmosphereIrradiance", 64 x 16 x 1, Mips: 1, Format: 0xA, Flags: 0x1
[2025.02.17-00.43.56:894][749]LogD3D12RHI: Display: D3D12 ReleaseResources: "AtmosphereTransmittance", 256 x 64 x 1, Mips: 1, Format: 0xA, Flags: 0x1
[2025.02.17-00.43.56:894][749]LogD3D12RHI: Display: D3D12 ReleaseResources: "RayTracingOcclusion", 904 x 452 x 1, Mips: 1, Format: 0xA, Flags: 0x5
[2025.02.17-00.43.56:896][749]LogD3D12RHI: Display: D3D12 ReleaseResources: "RayTracingOcclusion", 904 x 452 x 1, Mips: 1, Format: 0xA, Flags: 0x5
[2025.02.17-00.43.56:896][749]LogD3D12RHI: Display: D3D12 ReleaseResources: "EyeAdaptation", 1 x 1 x 1, Mips: 1, Format: 0x2, Flags: 0x5
[2025.02.17-00.43.56:898][749]LogD3D12RHI: Display: D3D12 ReleaseResources: "RayTracingOcclusion", 904 x 452 x 1, Mips: 1, Format: 0xA, Flags: 0x5
[2025.02.17-00.43.56:899][749]LogD3D12RHI: Display: D3D12 ReleaseResources: "CombineLUT", 32 x 32 x 32, Mips: 1, Format: 0x18, Flags: 0x1
[2025.02.17-00.43.56:901][749]LogD3D12RHI: Display: D3D12 ReleaseResources: "ReflectionsPreConvolution1", 904 x 452 x 1, Mips: 1, Format: 0x22, Flags: 0x5
[2025.02.17-00.43.56:902][749]LogD3D12RHI: Display: D3D12 ReleaseResources: "RayTracingOcclusion", 904 x 452 x 1, Mips: 1, Format: 0xA, Flags: 0x5
[2025.02.17-00.43.56:902][749]LogD3D12RHI: Display: D3D12 ReleaseResources: "ShadowDenoiserInjest0", 904 x 452 x 1, Mips: 1, Format: 0x11, Flags: 0x5
[2025.02.17-00.43.56:903][749]LogD3D12RHI: Display: D3D12 ReleaseResources: "Velocity", 904 x 452 x 1, Mips: 1, Format: 0xB, Flags: 0x5
[2025.02.17-00.43.56:904][749]LogD3D12RHI: Display: D3D12 ReleaseResources: "GBufferA", 904 x 452 x 1, Mips: 1, Format: 0x18, Flags: 0x1
[2025.02.17-00.43.56:904][749]LogD3D12RHI: Display: D3D12 ReleaseResources: "SelectionOutlineColor", 904 x 452 x 1, Mips: 1, Format: 0x5A, Flags: 0x1
[2025.02.17-00.43.56:905][749]LogD3D12RHI: Display: D3D12 ReleaseResources: "SelectionOutline", 904 x 452 x 1, Mips: 1, Format: 0x13, Flags: 0x2
[2025.02.17-00.43.56:907][749]LogD3D12RHI: Display: D3D12 ReleaseResources: "EditorPrimitives", 904 x 452 x 1, Mips: 1, Format: 0x5A, Flags: 0x1
[2025.02.17-00.43.56:907][749]LogD3D12RHI: Display: D3D12 ReleaseResources: "BloomX", 452 x 226 x 1, Mips: 1, Format: 0x1A, Flags: 0x1
[2025.02.17-00.43.56:908][749]LogD3D12RHI: Display: D3D12 ReleaseResources: "BloomX", 226 x 113 x 1, Mips: 1, Format: 0x1A, Flags: 0x1
[2025.02.17-00.43.56:909][749]LogD3D12RHI: Display: D3D12 ReleaseResources: "BloomX", 113 x 57 x 1, Mips: 1, Format: 0x1A, Flags: 0x1
[2025.02.17-00.43.56:909][749]LogD3D12RHI: Display: D3D12 ReleaseResources: "BloomX", 57 x 29 x 1, Mips: 1, Format: 0x1A, Flags: 0x1
[2025.02.17-00.43.56:910][749]LogD3D12RHI: Display: D3D12 ReleaseResources: "BloomX", 29 x 15 x 1, Mips: 1, Format: 0x1A, Flags: 0x1
[2025.02.17-00.43.56:911][749]LogD3D12RHI: Display: D3D12 ReleaseResources: "BloomX", 15 x 8 x 1, Mips: 1, Format: 0x1A, Flags: 0x1
[2025.02.17-00.43.56:911][749]LogD3D12RHI: Display: D3D12 ReleaseResources: "BloomY", 15 x 8 x 1, Mips: 1, Format: 0x1A, Flags: 0x1
[2025.02.17-00.43.56:912][749]LogD3D12RHI: Display: D3D12 ReleaseResources: "BloomY", 29 x 15 x 1, Mips: 1, Format: 0x1A, Flags: 0x1
[2025.02.17-00.43.56:913][749]LogD3D12RHI: Display: D3D12 ReleaseResources: "BloomY", 57 x 29 x 1, Mips: 1, Format: 0x1A, Flags: 0x1
[2025.02.17-00.43.56:914][749]LogD3D12RHI: Display: D3D12 ReleaseResources: "BloomY", 113 x 57 x 1, Mips: 1, Format: 0x1A, Flags: 0x1
[2025.02.17-00.43.56:915][749]LogD3D12RHI: Display: D3D12 ReleaseResources: "BloomY", 226 x 113 x 1, Mips: 1, Format: 0x1A, Flags: 0x1
[2025.02.17-00.43.56:916][749]LogD3D12RHI: Display: D3D12 ReleaseResources: "HistogramReduce", 16 x 2 x 1, Mips: 1, Format: 0x2, Flags: 0x1
[2025.02.17-00.43.56:916][749]LogD3D12RHI: Display: D3D12 ReleaseResources: "Histogram", 16 x 64 x 1, Mips: 1, Format: 0xA, Flags: 0x5
[2025.02.17-00.43.56:917][749]LogD3D12RHI: Display: D3D12 ReleaseResources: "BloomY", 452 x 226 x 1, Mips: 1, Format: 0x1A, Flags: 0x1
[2025.02.17-00.43.56:918][749]LogD3D12RHI: Display: D3D12 ReleaseResources: "TemporalAA", 904 x 452 x 1, Mips: 1, Format: 0xA, Flags: 0x4
[2025.02.17-00.43.56:918][749]LogD3D12RHI: Display: D3D12 ReleaseResources: "SceneColor", 904 x 452 x 1, Mips: 1, Format: 0xA, Flags: 0x1
[2025.02.17-00.43.56:919][749]LogD3D12RHI: Display: D3D12 ReleaseResources: "SeparateTranslucencyColor", 904 x 452 x 1, Mips: 1, Format: 0xA, Flags: 0x1
[2025.02.17-00.43.56:920][749]LogD3D12RHI: Display: D3D12 ReleaseResources: "ReflectionsTemporalAccumulation1", 904 x 452 x 1, Mips: 1, Format: 0x22, Flags: 0x5
[2025.02.17-00.43.56:920][749]LogD3D12RHI: Display: D3D12 ReleaseResources: "ReflectionsTemporalAccumulation1", 904 x 452 x 1, Mips: 1, Format: 0x22, Flags: 0x5
[2025.02.17-00.43.56:921][749]LogD3D12RHI: Display: D3D12 ReleaseResources: "RayTracingReflections", 904 x 452 x 1, Mips: 1, Format: 0xA, Flags: 0x5
[2025.02.17-00.43.56:921][749]LogD3D12RHI: Display: D3D12 ReleaseResources: "ReflectionsPreConvolution0", 904 x 452 x 1, Mips: 1, Format: 0xA, Flags: 0x5
[2025.02.17-00.43.56:922][749]LogD3D12RHI: Display: D3D12 ReleaseResources: "ShadowDenoiserInjest0", 904 x 452 x 1, Mips: 1, Format: 0x2A, Flags: 0x5
[2025.02.17-00.43.56:923][749]LogD3D12RHI: Display: D3D12 ReleaseResources: "ReflectionsTemporalAccumulation0", 904 x 452 x 1, Mips: 1, Format: 0xA, Flags: 0x5
[2025.02.17-00.43.56:923][749]LogD3D12RHI: Display: D3D12 ReleaseResources: "ShadowTemporalAccumulation0", 904 x 452 x 1, Mips: 1, Format: 0xA, Flags: 0x5
[2025.02.17-00.43.56:924][749]LogD3D12RHI: Display: D3D12 ReleaseResources: "AOTemporalAccumulation0", 904 x 452 x 1, Mips: 1, Format: 0xA, Flags: 0x5
[2025.02.17-00.43.56:924][749]LogD3D12RHI: Display: D3D12 ReleaseResources: "EyeAdaptation", 1 x 1 x 1, Mips: 1, Format: 0x2, Flags: 0x5
[2025.02.17-00.43.56:925][749]LogD3D12RHI: Display: D3D12 ReleaseResources: "ReflectionBrightness", 1 x 1 x 1, Mips: 1, Format: 0xA, Flags: 0x1
[2025.02.17-00.43.56:925][749]LogD3D12RHI: Display: D3D12 ReleaseResources: "ReflectionsTemporalAccumulation0", 904 x 452 x 1, Mips: 1, Format: 0xA, Flags: 0x5
[2025.02.17-00.43.56:926][749]LogD3D12RHI: Display: D3D12 ReleaseResources: "ShadowTemporalAccumulation0", 904 x 452 x 1, Mips: 1, Format: 0xA, Flags: 0x5
[2025.02.17-00.43.56:926][749]LogD3D12RHI: Display: D3D12 ReleaseResources: "RayTracingReflectionsImaginaryDepth", 904 x 452 x 1, Mips: 1, Format: 0x36, Flags: 0x5
[2025.02.17-00.43.56:928][749]LogD3D12RHI: Display: D3D12 ReleaseResources: "RayTracingReflectionsHitDistance", 904 x 452 x 1, Mips: 1, Format: 0x36, Flags: 0x5
[2025.02.17-00.43.56:928][749]LogD3D12RHI: Display: D3D12 ReleaseResources: "EditorPrimitivesDepth", 904 x 452 x 1, Mips: 1, Format: 0x13, Flags: 0x2
[2025.02.17-00.43.56:930][749]LogD3D12RHI: Display: D3D12 ReleaseResources: "EditorPrimitivesColor", 904 x 452 x 1, Mips: 1, Format: 0x5A, Flags: 0x1
[2025.02.17-00.43.56:932][749]LogD3D12RHI: Display: D3D12 ReleaseResources: "CombineLUTs", 32 x 32 x 32, Mips: 1, Format: 0x18, Flags: 0x1
[2025.02.17-00.43.56:934][749]LogD3D12RHI: Display: D3D12 ReleaseResources: "EyeAdaptation", 1 x 1 x 1, Mips: 1, Format: 0x2, Flags: 0x5
[2025.02.17-00.43.56:934][749]LogD3D12RHI: Display: D3D12 ReleaseResources: "HZBFurthest", 512 x 256 x 1, Mips: 9, Format: 0x36, Flags: 0x4
[2025.02.17-00.43.56:936][749]LogD3D12RHI: Display: D3D12 ReleaseResources: "GBufferB", 904 x 452 x 1, Mips: 1, Format: 0x5A, Flags: 0x1
[2025.02.17-00.43.56:937][749]LogD3D12RHI: Display: D3D12 ReleaseResources: "ScreenSpaceAO", 904 x 452 x 1, Mips: 1, Format: 0x3D, Flags: 0x5
[2025.02.17-00.43.56:938][749]LogD3D12RHI: Display: D3D12 ReleaseResources: "SceneDepthZ", 904 x 452 x 1, Mips: 1, Format: 0x13, Flags: 0x2
[2025.02.17-00.43.56:938][749]LogD3D12RHI: Display: D3D12 ReleaseResources: "ShadowDenoiserOutput0", 904 x 452 x 1, Mips: 1, Format: 0xA, Flags: 0x5
[2025.02.17-00.43.56:939][749]LogD3D12RHI: Display: D3D12 ReleaseResources: "SceneColor", 904 x 452 x 1, Mips: 1, Format: 0xA, Flags: 0x1
[2025.02.17-00.43.56:940][749]LogD3D12RHI: Display: D3D12 ReleaseResources: "TemporalAA", 904 x 452 x 1, Mips: 1, Format: 0xA, Flags: 0x4
[2025.02.17-00.43.56:941][749]LogD3D12RHI: Display: D3D12 ReleaseResources: "HitProxy", 904 x 452 x 1, Mips: 1, Format: 0x5A, Flags: 0x1
[2025.02.17-00.43.56:942][749]LogD3D12RHI: Display: D3D12 ReleaseResources: "D3D12RHIObjectUniqueName2", 36 x 1 x 1, Mips: 1, Format: 0x2, Flags: 0x4
[2025.02.17-00.43.56:943][749]LogD3D12RHI: Display: D3D12 ReleaseResources: "ParticleCurveTexture", 512 x 512 x 1, Mips: 1, Format: 0x5A, Flags: 0x1
[2025.02.17-00.43.56:943][749]LogD3D12RHI: Display: D3D12 ReleaseResources: "ColoredTexture", 1 x 1 x 1, Mips: 1, Format: 0x1B, Flags: 0x4
[2025.02.17-00.43.56:944][749]LogD3D12RHI: Display: D3D12 ReleaseResources: "ParticleAttributes", 1024 x 1024 x 1, Mips: 1, Format: 0x5A, Flags: 0x1
[2025.02.17-00.43.56:944][749]LogD3D12RHI: Display: D3D12 ReleaseResources: "ParticleAttributes", 1024 x 1024 x 1, Mips: 1, Format: 0x5A, Flags: 0x1
[2025.02.17-00.43.56:946][749]LogD3D12RHI: Display: D3D12 ReleaseResources: "ParticleStateVelocity", 1024 x 1024 x 1, Mips: 1, Format: 0xA, Flags: 0x1
[2025.02.17-00.43.56:948][749]LogD3D12RHI: Display: D3D12 ReleaseResources: "ParticleStatePosition", 1024 x 1024 x 1, Mips: 1, Format: 0x2, Flags: 0x1
[2025.02.17-00.43.56:949][749]LogD3D12RHI: Display: D3D12 ReleaseResources: "ParticleStateVelocity", 1024 x 1024 x 1, Mips: 1, Format: 0xA, Flags: 0x1
[2025.02.17-00.43.56:949][749]LogD3D12RHI: Display: D3D12 ReleaseResources: "ParticleStatePosition", 1024 x 1024 x 1, Mips: 1, Format: 0x2, Flags: 0x1
[2025.02.17-00.43.57:087][749]LogD3D12RHI: ~FD3D12DynamicRHI
[2025.02.17-00.43.57:088][749]LogExit: Exiting.
[2025.02.17-00.43.57:100][749]Log file closed, 02/17/25 09:43:57
